Date,Time,HomeTeam,AwayTeam,FTHG,FTAG,FTR,HTHG,HTAG,HTR,HY,AY,HR,AR,Season,HomeRank,AwayRank,HomePoints,AwayPoints,HomeW,AwayW,HomeGD,AwayGD,HomeGP,AwayGP,Sum_HomeY,Sum_AwayY,Sum_HomeR,Sum_AwayR,Stadium,Home_LastRank,Away_LastRank,Home_L5_GS,Home_L5_GC,Home_L5_Form_Pts,Away_L5_GS,Away_L5_GC,Away_L5_Form_Pts,Rank_Diff,LastRank_Diff,Form_Diff,GD_Diff,HomePPG,AwayPPG,PPG_Diff,HomeGDpg,AwayGDpg,GDpg_Diff,WeatherSeason
2026-08-17,19:15,Casa Pia,Benfica,,,,,,,,,,,26-27,18,6,0,1,0,0,-1.0,0.0,1,1,2.0,2.0,0.0,0.0,25,16.0,3.0,0.0,0.0,0.0,0.0,0.0,0.0,12,13.0,0.0,-1.0,0.0,1.0,-1.0,-1.0,0.0,-1.0,2
2026-08-16,19:30,Sp Braga,Gil Vicente,,,,,,,,,,,26-27,11,3,1,3,0,1,0.0,1.0,1,1,2.0,1.0,0.0,0.0,14,4.0,6.0,0.0,0.0,0.0,0.0,0.0,0.0,8,-2.0,0.0,-1.0,1.0,3.0,-2.0,0.0,1.0,-1.0,2
2026-08-16,19:30,Famalicao,Maritimo,,,,,,,,,,,26-27,14,2,1,3,0,1,0.0,1.0,1,1,2.0,2.0,0.0,0.0,21,5.0,19.0,0.0,0.0,0.0,0.0,0.0,0.0,12,-14.0,0.0,-1.0,1.0,3.0,-2.0,0.0,1.0,-1.0,2
2026-08-16,17:00,Arouca,Moreirense,,,,,,,,,,,26-27,4,7,3,1,1,0,1.0,0.0,1,1,5.0,4.0,1.0,0.0,23,9.0,7.0,0.0,0.0,0.0,0.0,0.0,0.0,-3,2.0,0.0,1.0,3.0,1.0,2.0,1.0,0.0,1.0,2
2026-08-16,14:30,Nacional,Estoril,,,,,,,,,,,26-27,10,13,1,1,0,0,0.0,0.0,1,1,2.0,1.0,0.0,0.0,18,14.0,10.0,0.0,0.0,0.0,0.0,0.0,0.0,-3,4.0,0.0,0.0,1.0,1.0,0.0,0.0,0.0,0.0,2
2026-08-15,19:30,Rio Ave,Porto,,,,,,,,,,,26-27,17,1,0,3,0,1,-1.0,2.0,1,1,3.0,0.0,1.0,0.0,4,13.0,1.0,0.0,0.0,0.0,0.0,0.0,0.0,16,12.0,0.0,-3.0,0.0,3.0,-3.0,-1.0,2.0,-3.0,2
2026-08-15,17:00,Académico de Viseu FC,Santa Clara,,,,,,,,,,,26-27,15,8,0,1,0,0,0.0,0.0,0,1,0.0,2.0,0.0,0.0,29,19.0,12.0,0.0,0.0,0.0,0.0,0.0,0.0,7,7.0,0.0,0.0,0.0,1.0,-1.0,0.0,0.0,0.0,2
2026-08-15,14:30,Alverca,Estrela,,,,,,,,,,,26-27,19,5,0,1,0,0,-2.0,0.0,1,1,4.0,2.0,0.0,0.0,28,11.0,15.0,0.0,0.0,0.0,0.0,0.0,0.0,14,-4.0,0.0,-2.0,0.0,1.0,-1.0,-2.0,0.0,-2.0,2
2026-08-14,19:15,Sp Lisbon,Guimaraes,,,,,,,,,,,26-27,9,16,1,0,0,0,0.0,-1.0,1,1,2.0,2.0,0.0,0.0,9,2.0,8.0,0.0,0.0,0.0,0.0,0.0,0.0,-7,-6.0,0.0,1.0,1.0,0.0,1.0,0.0,-1.0,1.0,2
2026-08-10,20:15,Santa Clara,Nacional,2.0,2.0,D,2.0,2.0,D,2.0,2.0,0.0,0.0,26-27,13,15,0,0,0,0,0.0,0.0,0,0,0.0,0.0,0.0,0.0,19,12.0,14.0,0.0,0.0,0.0,0.0,0.0,0.0,-2,-2.0,0.0,0.0,0.0,0.0,0.0,0.0,0.0,0.0,2
2026-08-09,20:30,Moreirense,Sp Braga,2.0,2.0,D,1.0,1.0,D,4.0,2.0,0.0,0.0,26-27,11,15,0,0,0,0,0.0,0.0,0,0,0.0,0.0,0.0,0.0,12,7.0,4.0,0.0,0.0,0.0,0.0,0.0,0.0,-4,3.0,0.0,0.0,0.0,0.0,0.0,0.0,0.0,0.0,2
2026-08-09,20:30,Gil Vicente,Rio Ave,1.0,0.0,H,0.0,0.0,D,1.0,3.0,0.0,1.0,26-27,10,14,0,0,0,0,0.0,0.0,0,0,0.0,0.0,0.0,0.0,20,6.0,13.0,0.0,0.0,0.0,0.0,0.0,0.0,-4,-7.0,0.0,0.0,0.0,0.0,0.0,0.0,0.0,0.0,2
2026-08-09,20:30,Benfica,Academico Viseu,2.0,2.0,D,1.0,0.0,H,2.0,4.0,0.0,0.0,26-27,8,16,0,0,0,0,0.0,0.0,0,0,0.0,0.0,0.0,0.0,6,3.0,19.0,0.0,0.0,0.0,0.0,0.0,0.0,-8,-16.0,0.0,0.0,0.0,0.0,0.0,0.0,0.0,0.0,2
2026-08-09,18:00,Porto,Alverca,2.0,0.0,H,2.0,0.0,H,0.0,4.0,0.0,0.0,26-27,7,12,0,0,0,0,0.0,0.0,0,0,0.0,0.0,0.0,0.0,7,1.0,11.0,0.0,0.0,0.0,0.0,0.0,0.0,-5,-10.0,0.0,0.0,0.0,0.0,0.0,0.0,0.0,0.0,2
2026-08-08,20:30,Estrela,Sp Lisbon,2.0,2.0,D,0.0,0.0,D,2.0,2.0,0.0,0.0,26-27,5,11,0,0,0,0,0.0,0.0,0,0,0.0,0.0,0.0,0.0,26,15.0,2.0,0.0,0.0,0.0,0.0,0.0,0.0,-6,13.0,0.0,0.0,0.0,0.0,0.0,0.0,0.0,0.0,2
2026-08-08,18:00,Guimaraes,Arouca,0.0,1.0,A,0.0,0.0,D,2.0,5.0,0.0,1.0,26-27,4,16,0,0,0,0,0.0,0.0,0,0,0.0,0.0,0.0,0.0,8,8.0,9.0,0.0,0.0,0.0,0.0,0.0,0.0,-12,-1.0,0.0,0.0,0.0,0.0,0.0,0.0,0.0,0.0,2
2026-08-08,15:30,Maritimo,Casa Pia,1.0,0.0,H,0.0,0.0,D,2.0,2.0,0.0,0.0,26-27,3,18,0,0,0,0,0.0,0.0,0,0,0.0,0.0,0.0,0.0,5,19.0,16.0,0.0,0.0,0.0,0.0,0.0,0.0,-15,3.0,0.0,0.0,0.0,0.0,0.0,0.0,0.0,0.0,2
2026-08-07,20:15,Estoril,Famalicao,1.0,1.0,D,0.0,1.0,A,1.0,2.0,0.0,0.0,26-27,1,16,0,0,0,0,0.0,0.0,0,0,0.0,0.0,0.0,0.0,17,10.0,5.0,0.0,0.0,0.0,0.0,0.0,0.0,-15,5.0,0.0,0.0,0.0,0.0,0.0,0.0,0.0,0.0,2
2026-05-16,20:30,Sp Lisbon,Gil Vicente,3.0,0.0,H,2.0,0.0,H,0.0,1.0,0.0,0.0,25-26,3,6,79,50,24,13,62.0,12.0,33,33,72.0,81.0,3.0,4.0,9,1.0,13.0,2.6,1.4,32.0,1.0,1.4,14.0,-3,-12.0,18.0,50.0,2.393939393939394,1.5151515151515151,0.8787878787878789,1.878787878787879,0.36363636363636365,1.5151515151515151,1
2026-05-16,20:30,Famalicao,Alverca,1.0,0.0,H,0.0,0.0,D,1.0,2.0,0.0,0.0,25-26,5,11,53,39,14,10,12.0,-16.0,33,33,87.0,72.0,2.0,4.0,21,7.0,19.0,1.2,1.0,21.0,1.2,1.0,17.0,-6,-12.0,4.0,28.0,1.606060606060606,1.1818181818181819,0.4242424242424241,0.36363636363636365,-0.48484848484848486,0.8484848484848485,1
2026-05-16,20:30,Estoril,Benfica,1.0,3.0,A,0.0,3.0,A,3.0,2.0,0.0,0.0,25-26,10,3,39,77,10,22,-1.0,47.0,33,33,80.0,63.0,0.0,4.0,17,8.0,2.0,0.6,1.4,9.0,2.4,1.2,27.0,7,6.0,-18.0,-48.0,1.1818181818181819,2.3333333333333335,-1.1515151515151516,-0.030303030303030304,1.4242424242424243,-1.4545454545454546,1
2026-05-16,18:00,Sp Braga,Estrela,2.0,2.0,D,1.0,1.0,D,1.0,5.0,0.0,1.0,25-26,4,16,58,29,16,6,28.0,-18.0,33,33,75.0,85.0,3.0,4.0,14,4.0,15.0,1.4,1.4,16.0,0.6,1.4,5.0,-12,-11.0,11.0,46.0,1.7575757575757576,0.8787878787878788,0.8787878787878788,0.8484848484848485,-0.5454545454545454,1.393939393939394,1
2026-05-16,18:00,Nacional,Guimaraes,2.0,0.0,H,0.0,0.0,D,4.0,3.0,0.0,0.0,25-26,14,8,31,42,8,12,-10.0,-10.0,33,33,97.0,77.0,7.0,3.0,18,14.0,6.0,0.8,1.2,15.0,1.0,1.4,16.0,6,8.0,-1.0,0.0,0.9393939393939394,1.2727272727272727,-0.33333333333333326,-0.30303030303030304,-0.30303030303030304,0.0,1
2026-05-16,18:00,Casa Pia,Rio Ave,1.0,1.0,D,1.0,0.0,H,1.0,0.0,0.0,0.0,25-26,16,13,29,35,6,8,-26.0,-22.0,33,33,95.0,89.0,4.0,6.0,25,9.0,12.0,0.4,0.8,16.0,1.0,1.6,9.0,3,-3.0,7.0,-4.0,0.8787878787878788,1.0606060606060606,-0.18181818181818177,-0.7878787878787878,-0.6666666666666666,-0.12121212121212122,1
2026-05-16,18:00,Arouca,Tondela,3.0,1.0,H,1.0,0.0,H,3.0,1.0,0.0,0.0,25-26,11,17,39,28,11,6,-19.0,-26.0,33,33,94.0,89.0,10.0,3.0,23,11.0,19.0,1.4,1.2,25.0,1.0,1.2,30.0,-6,-8.0,-5.0,7.0,1.1818181818181819,0.8484848484848485,0.33333333333333337,-0.5757575757575758,-0.7878787878787878,0.21212121212121204,1
2026-05-16,15:30,Porto,Santa Clara,1.0,0.0,H,0.0,0.0,D,0.0,0.0,0.0,0.0,25-26,1,12,85,36,27,9,47.0,-8.0,33,33,79.0,95.0,3.0,4.0,7,3.0,5.0,1.8,1.0,30.0,1.2,1.0,30.0,-11,-2.0,0.0,55.0,2.5757575757575757,1.0909090909090908,1.4848484848484849,1.4242424242424243,-0.24242424242424243,1.6666666666666667,1
2026-05-16,15:30,Moreirense,AVS,0.0,0.0,D,0.0,0.0,D,2.0,3.0,0.0,0.0,25-26,8,18,42,20,12,3,-12.0,-40.0,33,33,85.0,74.0,4.0,5.0,12,10.0,17.0,1.2,1.8,19.0,1.8,1.2,33.0,-10,-7.0,-14.0,28.0,1.2727272727272727,0.6060606060606061,0.6666666666666666,-0.36363636363636365,-1.2121212121212122,0.8484848484848485,1
2026-05-11,20:15,Tondela,Moreirense,2.0,0.0,H,1.0,0.0,H,1.0,3.0,0.0,1.0,25-26,17,8,25,42,5,12,-28.0,-10.0,32,32,88.0,82.0,3.0,3.0,15,19.0,10.0,1.0,1.6,20.0,1.2,1.6,26.0,9,9.0,-6.0,-18.0,0.78125,1.3125,-0.53125,-0.875,-0.3125,-0.5625,1
2026-05-11,20:15,Santa Clara,Nacional,2.0,0.0,H,1.0,0.0,H,1.0,2.0,0.0,0.0,25-26,13,14,33,31,8,8,-10.0,-8.0,32,32,94.0,95.0,4.0,7.0,19,5.0,14.0,1.2,1.8,20.0,1.2,0.8,24.0,-1,-9.0,-4.0,-2.0,1.03125,0.96875,0.0625,-0.3125,-0.25,-0.0625,1
2026-05-11,20:15,Rio Ave,Sp Lisbon,1.0,4.0,A,1.0,2.0,A,5.0,2.0,2.0,0.0,25-26,13,2,35,76,8,23,-19.0,59.0,32,32,84.0,70.0,4.0,3.0,4,12.0,1.0,1.0,1.2,14.0,2.0,1.2,25.0,11,11.0,-11.0,-78.0,1.09375,2.375,-1.28125,-0.59375,1.84375,-2.4375,1
2026-05-11,20:15,Guimaraes,Casa Pia,0.0,1.0,A,0.0,0.0,D,2.0,1.0,0.0,0.0,25-26,7,17,42,26,12,5,-9.0,-27.0,32,32,75.0,94.0,3.0,4.0,8,6.0,9.0,2.0,1.2,26.0,0.4,1.4,2.0,-10,-3.0,24.0,18.0,1.3125,0.8125,0.5,-0.28125,-0.84375,0.5625,1
2026-05-11,20:15,Gil Vicente,Arouca,1.0,3.0,A,0.0,0.0,D,2.0,1.0,0.0,0.0,25-26,6,12,50,36,13,10,14.0,-21.0,32,32,79.0,93.0,4.0,10.0,20,13.0,11.0,1.4,0.8,22.0,1.4,1.4,17.0,-6,2.0,5.0,35.0,1.5625,1.125,0.4375,0.4375,-0.65625,1.09375,1
2026-05-11,20:15,Estrela,Famalicao,0.0,0.0,D,0.0,0.0,D,3.0,1.0,0.0,0.0,25-26,16,5,28,52,6,14,-18.0,12.0,32,32,82.0,86.0,4.0,2.0,26,15.0,7.0,0.6,1.8,0.0,1.6,1.4,23.0,11,8.0,-23.0,-30.0,0.875,1.625,-0.75,-0.5625,0.375,-0.9375,1
2026-05-11,20:15,Benfica,Sp Braga,2.0,2.0,D,0.0,0.0,D,1.0,4.0,0.0,0.0,25-26,3,4,76,57,22,16,47.0,28.0,32,32,62.0,71.0,4.0,3.0,6,2.0,4.0,2.2,1.0,33.0,1.2,1.0,19.0,-1,-2.0,14.0,19.0,2.375,1.78125,0.59375,1.46875,0.875,0.59375,1
2026-05-10,20:30,Alverca,Estoril,1.0,1.0,D,1.0,0.0,H,3.0,2.0,0.0,0.0,25-26,10,9,38,38,10,10,-16.0,-1.0,32,32,69.0,78.0,4.0,0.0,28,19.0,8.0,1.4,1.0,21.0,0.8,1.8,5.0,1,11.0,16.0,-15.0,1.1875,1.1875,0.0,-0.5,-0.03125,-0.46875,1
2026-05-10,18:00,AVS,Porto,3.0,1.0,H,1.0,0.0,H,2.0,2.0,0.0,1.0,25-26,18,1,17,85,2,27,-42.0,49.0,32,32,72.0,77.0,5.0,2.0,27,17.0,3.0,1.2,1.6,24.0,2.0,0.8,43.0,17,14.0,-19.0,-91.0,0.53125,2.65625,-2.125,-1.3125,1.53125,-2.84375,1
2026-05-04,20:15,Sp Lisbon,Guimaraes,5.0,1.0,H,3.0,0.0,H,0.0,3.0,0.0,0.0,25-26,3,7,73,42,22,12,55.0,-5.0,31,31,70.0,72.0,3.0,3.0,9,1.0,6.0,1.8,1.4,18.0,1.8,0.8,36.0,-4,-5.0,-18.0,60.0,2.3548387096774195,1.3548387096774193,1.0000000000000002,1.7741935483870968,-0.16129032258064516,1.935483870967742,1
2026-05-03,20:30,Rio Ave,Gil Vicente,0.0,0.0,D,0.0,0.0,D,1.0,2.0,0.0,0.0,25-26,12,6,34,49,8,13,-19.0,14.0,31,31,83.0,77.0,4.0,4.0,4,12.0,13.0,1.4,1.4,16.0,1.4,1.0,24.0,6,-1.0,-8.0,-33.0,1.096774193548387,1.5806451612903225,-0.4838709677419355,-0.6129032258064516,0.45161290322580644,-1.064516129032258,1
2026-05-03,18:00,Sp Braga,Estoril,1.0,1.0,D,1.0,0.0,H,3.0,3.0,0.0,0.0,25-26,4,10,56,37,16,10,28.0,-1.0,31,31,68.0,75.0,3.0,0.0,14,4.0,8.0,1.2,0.8,24.0,0.8,2.0,0.0,-6,-4.0,24.0,29.0,1.8064516129032258,1.1935483870967742,0.6129032258064515,0.9032258064516129,-0.03225806451612903,0.9354838709677419,1
2026-05-03,15:30,Casa Pia,Tondela,0.0,1.0,A,0.0,0.0,D,8.0,3.0,2.0,0.0,25-26,16,17,26,22,5,4,-26.0,-29.0,31,31,86.0,85.0,2.0,3.0,25,9.0,19.0,0.6,1.4,4.0,0.8,2.6,7.0,-1,-10.0,-3.0,3.0,0.8387096774193549,0.7096774193548387,0.12903225806451613,-0.8387096774193549,-0.9354838709677419,0.09677419354838701,1
2026-05-02,20:30,Porto,Alverca,1.0,0.0,H,1.0,0.0,H,1.0,4.0,0.0,0.0,25-26,1,9,82,38,26,10,48.0,-15.0,31,31,76.0,65.0,2.0,4.0,7,3.0,19.0,2.2,1.0,41.0,1.6,1.6,30.0,-8,-16.0,11.0,63.0,2.6451612903225805,1.2258064516129032,1.4193548387096773,1.5483870967741935,-0.4838709677419355,2.032258064516129,1
2026-05-02,18:00,Famalicao,Benfica,2.0,2.0,D,0.0,2.0,A,2.0,2.0,0.0,1.0,25-26,5,2,51,75,14,22,12.0,47.0,31,31,84.0,60.0,2.0,3.0,21,7.0,2.0,1.4,1.0,27.0,2.4,0.6,41.0,3,5.0,-14.0,-35.0,1.6451612903225807,2.4193548387096775,-0.7741935483870968,0.3870967741935484,1.5161290322580645,-1.129032258064516,1
2026-05-02,15:30,Nacional,AVS,1.0,2.0,A,1.0,1.0,D,4.0,2.0,1.0,0.0,25-26,14,18,31,14,8,1,-7.0,-43.0,31,31,91.0,70.0,6.0,5.0,18,14.0,17.0,1.0,0.6,33.0,0.8,1.4,13.0,-4,-3.0,20.0,36.0,1.0,0.45161290322580644,0.5483870967741935,-0.22580645161290322,-1.3870967741935485,1.1612903225806452,1
2026-05-02,15:30,Moreirense,Estrela,3.0,2.0,H,1.0,2.0,A,4.0,4.0,0.0,0.0,25-26,8,15,39,28,11,6,-11.0,-17.0,31,31,78.0,78.0,3.0,4.0,12,10.0,15.0,0.6,1.4,15.0,1.0,1.2,3.0,-7,-5.0,12.0,6.0,1.2580645161290323,0.9032258064516129,0.3548387096774194,-0.3548387096774194,-0.5483870967741935,0.19354838709677413,1
2026-05-02,15:30,Arouca,Santa Clara,2.0,2.0,D,1.0,1.0,D,3.0,3.0,1.0,0.0,25-26,11,13,35,32,10,8,-21.0,-10.0,31,31,90.0,91.0,9.0,4.0,23,11.0,5.0,1.2,1.0,21.0,1.0,1.4,22.0,-2,6.0,-1.0,-11.0,1.1290322580645162,1.032258064516129,0.09677419354838723,-0.6774193548387096,-0.3225806451612903,-0.3548387096774193,1
2026-04-29,20:15,Sp Lisbon,Tondela,2.0,2.0,D,0.0,0.0,D,2.0,3.0,0.0,0.0,25-26,3,17,72,21,22,4,55.0,-29.0,30,30,68.0,82.0,3.0,3.0,9,1.0,19.0,2.2,1.2,23.0,0.4,2.2,4.0,-14,-18.0,19.0,84.0,2.4,0.7,1.7,1.8333333333333333,-0.9666666666666667,2.8,1
2026-04-27,20:15,Gil Vicente,Casa Pia,2.0,1.0,H,1.0,1.0,D,5.0,3.0,0.0,0.0,25-26,6,16,46,26,12,5,13.0,-25.0,30,30,72.0,83.0,4.0,2.0,20,13.0,9.0,1.4,1.2,14.0,0.4,1.8,6.0,-10,4.0,8.0,38.0,1.5333333333333334,0.8666666666666667,0.6666666666666667,0.43333333333333335,-0.8333333333333334,1.2666666666666666,1
2026-04-26,20:30,AVS,Sp Lisbon,1.0,1.0,D,0.0,0.0,D,3.0,1.0,0.0,0.0,25-26,18,3,13,71,1,22,-43.0,55.0,30,29,67.0,67.0,5.0,3.0,27,17.0,1.0,0.6,1.4,11.0,2.4,1.4,28.0,15,16.0,-17.0,-98.0,0.43333333333333335,2.4482758620689653,-2.0149425287356317,-1.4333333333333333,1.896551724137931,-3.329885057471264,1
2026-04-26,18:00,Santa Clara,Sp Braga,2.0,1.0,H,0.0,1.0,A,4.0,4.0,0.0,0.0,25-26,14,4,29,56,7,16,-11.0,29.0,30,30,87.0,64.0,4.0,3.0,19,5.0,4.0,0.8,1.2,14.0,1.2,0.8,34.0,10,1.0,-20.0,-40.0,0.9666666666666667,1.8666666666666667,-0.9,-0.36666666666666664,0.9666666666666667,-1.3333333333333333,1
2026-04-26,18:00,Estrela,Porto,1.0,2.0,A,0.0,2.0,A,3.0,3.0,0.0,0.0,25-26,15,1,28,79,6,25,-16.0,47.0,30,30,75.0,73.0,4.0,2.0,26,15.0,3.0,1.0,1.2,6.0,2.4,0.8,39.0,14,12.0,-33.0,-63.0,0.9333333333333333,2.6333333333333333,-1.7,-0.5333333333333333,1.5666666666666667,-2.1,1
2026-04-26,15:30,Estoril,Famalicao,0.0,1.0,A,0.0,0.0,D,0.0,2.0,0.0,0.0,25-26,10,5,37,48,10,13,0.0,11.0,30,30,75.0,82.0,0.0,2.0,17,8.0,7.0,1.0,1.8,3.0,1.6,1.2,21.0,5,1.0,-18.0,-11.0,1.2333333333333334,1.6,-0.3666666666666667,0.0,0.36666666666666664,-0.36666666666666664,1
2026-04-25,20:30,Guimaraes,Rio Ave,2.0,0.0,H,0.0,0.0,D,4.0,4.0,0.0,0.0,25-26,7,12,39,34,11,8,-7.0,-17.0,30,30,68.0,79.0,3.0,4.0,8,6.0,12.0,1.6,1.2,28.0,1.8,1.2,26.0,-5,-6.0,2.0,10.0,1.3,1.1333333333333333,0.16666666666666674,-0.23333333333333334,-0.5666666666666667,0.3333333333333333,1
2026-04-25,18:00,Benfica,Moreirense,4.0,1.0,H,2.0,1.0,H,2.0,2.0,0.0,0.0,25-26,2,8,72,39,21,11,44.0,-8.0,30,30,58.0,76.0,3.0,3.0,6,2.0,10.0,2.0,0.6,39.0,0.4,1.2,19.0,-6,-8.0,20.0,52.0,2.4,1.3,1.0999999999999999,1.4666666666666666,-0.26666666666666666,1.7333333333333332,1
2026-04-25,15:30,Tondela,Nacional,0.0,2.0,A,0.0,2.0,A,2.0,1.0,0.0,0.0,25-26,17,14,21,28,4,7,-27.0,-9.0,29,30,80.0,90.0,3.0,6.0,15,19.0,14.0,0.4,2.0,6.0,0.6,0.8,24.0,3,5.0,-18.0,-18.0,0.7241379310344828,0.9333333333333333,-0.20919540229885059,-0.9310344827586207,-0.3,-0.6310344827586207,1
2026-04-24,20:15,Alverca,Arouca,2.0,1.0,H,1.0,0.0,H,0.0,5.0,0.0,0.0,25-26,10,11,35,35,9,10,-16.0,-20.0,30,30,65.0,85.0,4.0,9.0,28,19.0,11.0,1.6,1.8,22.0,1.2,1.0,30.0,-1,8.0,-8.0,4.0,1.1666666666666667,1.1666666666666667,0.0,-0.5333333333333333,-0.6666666666666666,0.1333333333333333,1
2026-04-23,19:00,Casa Pia,Sp Braga,0.0,1.0,A,0.0,1.0,A,2.0,3.0,0.0,0.0,25-26,16,4,26,53,5,15,-24.0,28.0,29,29,81.0,61.0,2.0,3.0,25,9.0,4.0,0.4,1.6,9.0,1.4,1.2,27.0,12,5.0,-18.0,-52.0,0.896551724137931,1.8275862068965518,-0.9310344827586208,-0.8275862068965517,0.9655172413793104,-1.793103448275862,1
2026-04-20,20:15,Moreirense,Estoril,1.0,0.0,H,1.0,0.0,H,0.0,2.0,0.0,0.0,25-26,9,8,36,37,10,10,-9.0,1.0,29,29,76.0,73.0,3.0,0.0,12,10.0,8.0,0.4,1.4,6.0,1.0,1.6,7.0,1,2.0,-1.0,-10.0,1.2413793103448276,1.2758620689655173,-0.034482758620689724,-0.3103448275862069,0.034482758620689655,-0.3448275862068966,1
2026-04-19,20:30,Sp Braga,Famalicao,2.0,2.0,D,1.0,1.0,D,2.0,5.0,0.0,0.0,25-26,4,5,52,47,15,13,28.0,11.0,28,29,59.0,77.0,3.0,2.0,14,4.0,7.0,1.4,1.0,32.0,1.4,0.8,27.0,-1,-3.0,5.0,17.0,1.8571428571428572,1.6206896551724137,0.2364532019704435,1.0,0.3793103448275862,0.6206896551724138,1
2026-04-19,20:30,Porto,Tondela,2.0,0.0,H,0.0,0.0,D,4.0,6.0,0.0,0.0,25-26,1,17,76,21,24,4,45.0,-25.0,29,28,69.0,74.0,2.0,3.0,7,3.0,19.0,2.4,1.2,35.0,0.8,2.0,9.0,-16,-16.0,26.0,70.0,2.6206896551724137,0.75,1.8706896551724137,1.5517241379310345,-0.8928571428571429,2.4445812807881775,1
2026-04-19,18:15,Sp Lisbon,Benfica,1.0,2.0,A,0.0,1.0,A,2.0,1.0,0.0,0.0,25-26,2,3,71,69,22,20,56.0,43.0,28,29,65.0,57.0,3.0,3.0,9,1.0,2.0,2.8,1.0,41.0,2.0,0.8,35.0,-1,-1.0,6.0,13.0,2.5357142857142856,2.3793103448275863,0.1564039408866993,2.0,1.4827586206896552,0.5172413793103448,1
2026-04-19,15:30,Arouca,Estrela,1.0,0.0,H,0.0,0.0,D,5.0,1.0,0.0,0.0,25-26,12,15,32,28,9,6,-21.0,-15.0,29,29,80.0,74.0,9.0,4.0,23,11.0,15.0,1.0,1.2,21.0,1.4,1.4,10.0,-3,-4.0,11.0,-6.0,1.103448275862069,0.9655172413793104,0.13793103448275856,-0.7241379310344828,-0.5172413793103449,-0.2068965517241379,1
2026-04-18,20:30,Gil Vicente,Guimaraes,0.0,1.0,A,0.0,0.0,D,2.0,2.0,0.0,0.0,25-26,6,8,46,36,12,10,14.0,-8.0,29,29,70.0,66.0,4.0,3.0,20,13.0,6.0,1.8,1.4,20.0,1.4,1.6,17.0,-2,7.0,3.0,22.0,1.5862068965517242,1.2413793103448276,0.3448275862068966,0.4827586206896552,-0.27586206896551724,0.7586206896551724,1
2026-04-18,18:00,Casa Pia,Santa Clara,0.0,0.0,D,0.0,0.0,D,3.0,2.0,0.0,0.0,25-26,16,14,25,28,5,7,-24.0,-11.0,28,29,78.0,85.0,2.0,4.0,25,9.0,5.0,0.6,1.8,7.0,1.2,1.2,18.0,2,4.0,-11.0,-13.0,0.8928571428571429,0.9655172413793104,-0.07266009852216748,-0.8571428571428571,-0.3793103448275862,-0.4778325123152709,1
2026-04-18,15:30,Nacional,Alverca,1.0,0.0,H,0.0,0.0,D,2.0,1.0,0.0,0.0,25-26,15,10,25,35,6,9,-10.0,-15.0,29,29,88.0,64.0,6.0,4.0,18,14.0,19.0,0.6,1.0,13.0,1.6,1.6,30.0,5,-5.0,-17.0,5.0,0.8620689655172413,1.206896551724138,-0.3448275862068966,-0.3448275862068966,-0.5172413793103449,0.1724137931034483,1
2026-04-17,20:45,Rio Ave,AVS,2.0,2.0,D,1.0,1.0,D,1.0,2.0,0.0,0.0,25-26,11,18,33,12,8,1,-17.0,-43.0,29,29,78.0,65.0,4.0,5.0,4,12.0,17.0,1.6,0.8,33.0,0.2,1.0,9.0,-7,-5.0,24.0,26.0,1.1379310344827587,0.41379310344827586,0.7241379310344829,-0.5862068965517241,-1.4827586206896552,0.8965517241379312,1
2026-04-13,20:15,Tondela,Gil Vicente,2.0,2.0,D,1.0,1.0,D,6.0,2.0,0.0,0.0,25-26,17,6,20,45,4,12,-25.0,14.0,27,28,68.0,68.0,3.0,4.0,15,19.0,13.0,0.8,1.6,9.0,1.6,1.4,20.0,11,6.0,-11.0,-39.0,0.7407407407407407,1.6071428571428572,-0.8664021164021165,-0.9259259259259259,0.5,-1.425925925925926,1
2026-04-12,20:30,Estoril,Porto,1.0,3.0,A,0.0,2.0,A,3.0,1.0,0.0,0.0,25-26,7,1,37,73,10,23,3.0,43.0,28,28,70.0,68.0,0.0,2.0,17,8.0,3.0,0.8,1.6,11.0,2.4,1.2,31.0,6,5.0,-20.0,-40.0,1.3214285714285714,2.607142857142857,-1.2857142857142858,0.10714285714285714,1.5357142857142858,-1.4285714285714286,1
2026-04-12,18:00,Sp Braga,Arouca,1.0,0.0,H,0.0,0.0,D,2.0,2.0,1.0,0.0,25-26,4,12,49,32,14,9,27.0,-20.0,27,28,57.0,78.0,2.0,9.0,14,4.0,11.0,1.8,1.4,27.0,1.2,1.6,27.0,-8,-7.0,0.0,47.0,1.8148148148148149,1.1428571428571428,0.6719576719576721,1.0,-0.7142857142857143,1.7142857142857144,1
2026-04-12,18:00,Benfica,Nacional,2.0,0.0,H,2.0,0.0,H,1.0,5.0,0.0,0.0,25-26,3,15,66,25,19,6,41.0,-8.0,28,28,56.0,83.0,3.0,6.0,6,2.0,14.0,2.0,1.0,31.0,0.8,1.0,17.0,-12,-12.0,14.0,49.0,2.357142857142857,0.8928571428571429,1.4642857142857144,1.4642857142857142,-0.2857142857142857,1.75,1
2026-04-12,15:30,Alverca,Casa Pia,3.0,1.0,H,0.0,1.0,A,0.0,0.0,0.0,0.0,25-26,11,16,32,25,8,5,-17.0,-22.0,28,27,64.0,78.0,4.0,2.0,28,19.0,9.0,1.2,1.6,21.0,0.4,1.6,10.0,-5,10.0,11.0,5.0,1.1428571428571428,0.9259259259259259,0.21693121693121686,-0.6071428571428571,-0.8148148148148148,0.20767195767195767,1
2026-04-11,20:30,Estrela,Sp Lisbon,0.0,1.0,A,0.0,0.0,D,3.0,1.0,0.0,0.0,25-26,14,2,28,68,6,21,-14.0,55.0,28,27,71.0,64.0,4.0,3.0,26,15.0,1.0,1.4,1.2,15.0,3.2,1.0,39.0,12,14.0,-24.0,-69.0,1.0,2.5185185185185186,-1.5185185185185186,-0.5,2.037037037037037,-2.537037037037037,1
2026-04-11,18:00,Santa Clara,Rio Ave,0.0,2.0,A,0.0,0.0,D,2.0,3.0,0.0,0.0,25-26,13,12,28,30,7,7,-9.0,-19.0,28,28,83.0,75.0,4.0,4.0,19,5.0,12.0,1.6,1.2,28.0,1.2,0.8,28.0,1,-7.0,0.0,10.0,1.0,1.0714285714285714,-0.0714285714285714,-0.32142857142857145,-0.6785714285714286,0.35714285714285715,1
2026-04-11,15:30,AVS,Guimaraes,1.0,1.0,D,1.0,1.0,D,5.0,1.0,0.0,0.0,25-26,18,9,11,35,1,10,-43.0,-8.0,28,28,60.0,65.0,5.0,3.0,27,17.0,6.0,0.0,0.8,7.0,1.4,1.6,16.0,9,11.0,-9.0,-35.0,0.39285714285714285,1.25,-0.8571428571428572,-1.5357142857142858,-0.2857142857142857,-1.25,1
2026-04-10,20:45,Famalicao,Moreirense,1.0,1.0,D,0.0,1.0,A,5.0,6.0,0.0,0.0,25-26,5,9,46,35,13,10,11.0,-9.0,28,28,72.0,70.0,2.0,3.0,21,7.0,10.0,1.2,0.6,33.0,0.4,1.4,3.0,-4,-3.0,30.0,20.0,1.6428571428571428,1.25,0.3928571428571428,0.39285714285714285,-0.32142857142857145,0.7142857142857143,1
2026-04-06,20:45,Casa Pia,Benfica,1.0,1.0,D,0.0,0.0,D,1.0,0.0,0.0,0.0,25-26,16,3,24,65,5,19,-22.0,41.0,26,27,77.0,56.0,2.0,3.0,25,9.0,2.0,0.8,1.8,10.0,2.4,0.8,39.0,13,7.0,-29.0,-63.0,0.9230769230769231,2.4074074074074074,-1.4843304843304843,-0.8461538461538461,1.5185185185185186,-2.364672364672365,1
2026-04-06,18:45,Arouca,Estoril,3.0,2.0,H,2.0,2.0,D,3.0,2.0,0.0,0.0,25-26,12,7,29,37,8,10,-21.0,4.0,27,27,75.0,68.0,9.0,0.0,23,11.0,8.0,1.2,1.2,18.0,1.0,1.2,18.0,5,3.0,0.0,-25.0,1.0740740740740742,1.3703703703703705,-0.2962962962962963,-0.7777777777777778,0.14814814814814814,-0.9259259259259259,1
2026-04-04,20:30,Porto,Famalicao,2.0,2.0,D,1.0,0.0,H,5.0,4.0,0.0,0.0,25-26,1,6,72,45,23,13,43.0,11.0,27,27,63.0,68.0,2.0,2.0,7,3.0,7.0,2.2,0.8,39.0,1.2,0.2,41.0,-5,-4.0,-2.0,32.0,2.6666666666666665,1.6666666666666667,0.9999999999999998,1.5925925925925926,0.4074074074074074,1.1851851851851851,1
2026-04-04,18:00,Rio Ave,Alverca,1.0,2.0,A,0.0,2.0,A,2.0,1.0,0.0,0.0,25-26,10,11,30,29,7,7,-18.0,-18.0,27,27,73.0,63.0,4.0,4.0,4,12.0,19.0,1.0,0.6,38.0,1.0,1.6,10.0,-1,-7.0,28.0,0.0,1.1111111111111112,1.0740740740740742,0.03703703703703698,-0.6666666666666666,-0.6666666666666666,0.0,1
2026-04-04,18:00,Moreirense,Sp Braga,0.0,1.0,A,0.0,1.0,A,0.0,3.0,0.0,0.0,25-26,9,4,35,46,10,13,-8.0,26.0,27,26,70.0,54.0,3.0,2.0,12,10.0,4.0,0.4,1.8,5.0,1.8,1.8,19.0,5,6.0,-14.0,-34.0,1.2962962962962963,1.7692307692307692,-0.4729344729344729,-0.2962962962962963,1.0,-1.2962962962962963,1
2026-04-04,15:30,Nacional,Estrela,2.0,0.0,H,1.0,0.0,H,4.0,3.0,0.0,0.0,25-26,16,14,22,28,5,6,-10.0,-12.0,27,27,79.0,68.0,6.0,4.0,18,14.0,15.0,0.4,1.6,3.0,1.4,1.2,20.0,2,-1.0,-17.0,2.0,0.8148148148148148,1.037037037037037,-0.2222222222222222,-0.37037037037037035,-0.4444444444444444,0.07407407407407407,1
2026-04-03,20:30,Sp Lisbon,Santa Clara,4.0,2.0,H,3.0,1.0,H,4.0,4.0,0.0,0.0,25-26,2,13,65,28,20,7,53.0,-7.0,26,27,60.0,79.0,3.0,4.0,9,1.0,5.0,2.6,0.6,37.0,1.4,0.6,39.0,-11,-4.0,-2.0,60.0,2.5,1.037037037037037,1.462962962962963,2.0384615384615383,-0.25925925925925924,2.2977207977207974,1
2026-04-03,18:00,Guimaraes,Tondela,5.0,0.0,H,2.0,0.0,H,1.0,1.0,0.0,0.0,25-26,9,17,32,20,9,4,-13.0,-20.0,27,26,64.0,67.0,3.0,3.0,8,6.0,19.0,0.8,2.2,2.0,1.0,0.8,15.0,-8,-13.0,-13.0,7.0,1.1851851851851851,0.7692307692307693,0.41595441595441585,-0.48148148148148145,-0.7692307692307693,0.2877492877492878,1
2026-04-03,15:30,Gil Vicente,AVS,3.0,0.0,H,2.0,0.0,H,2.0,1.0,0.0,0.0,25-26,6,18,42,11,11,1,11.0,-40.0,27,27,66.0,59.0,4.0,5.0,20,13.0,17.0,1.2,2.0,7.0,0.0,0.8,10.0,-12,-4.0,-3.0,51.0,1.5555555555555556,0.4074074074074074,1.1481481481481481,0.4074074074074074,-1.4814814814814814,1.8888888888888888,1
2026-03-22,20:30,Sp Braga,Porto,1.0,2.0,A,0.0,0.0,D,4.0,5.0,0.0,0.0,25-26,4,1,46,69,13,22,27.0,42.0,25,26,50.0,58.0,2.0,2.0,14,4.0,3.0,2.2,1.4,29.0,2.0,0.6,37.0,3,1.0,-8.0,-15.0,1.84,2.6538461538461537,-0.8138461538461537,1.08,1.6153846153846154,-0.5353846153846153,1
2026-03-22,18:00,Alverca,Sp Lisbon,1.0,4.0,A,0.0,1.0,A,1.0,2.0,0.0,0.0,25-26,11,3,29,62,7,19,-15.0,50.0,26,25,62.0,58.0,4.0,3.0,28,19.0,1.0,1.0,1.0,15.0,2.0,0.6,33.0,8,18.0,-18.0,-65.0,1.1153846153846154,2.48,-1.3646153846153846,-0.5769230769230769,2.0,-2.5769230769230766,1
2026-03-22,15:30,Estoril,Rio Ave,1.0,2.0,A,1.0,0.0,H,2.0,3.0,0.0,0.0,25-26,7,14,37,27,10,6,5.0,-19.0,26,26,66.0,70.0,0.0,4.0,17,8.0,12.0,0.8,1.4,25.0,0.8,0.8,30.0,-7,-4.0,-5.0,24.0,1.4230769230769231,1.0384615384615385,0.3846153846153846,0.19230769230769232,-0.7307692307692307,0.923076923076923,1
2026-03-21,20:30,Tondela,AVS,0.0,0.0,D,0.0,0.0,D,0.0,2.0,0.0,0.0,25-26,17,18,19,10,4,1,-20.0,-40.0,25,26,67.0,57.0,3.0,5.0,15,19.0,17.0,1.4,1.2,16.0,0.6,0.8,10.0,-1,2.0,6.0,20.0,0.76,0.38461538461538464,0.37538461538461537,-0.8,-1.5384615384615385,0.7384615384615385,1
2026-03-21,18:00,Santa Clara,Gil Vicente,1.0,0.0,H,0.0,0.0,D,1.0,2.0,0.0,0.0,25-26,14,6,25,42,6,11,-8.0,12.0,26,26,78.0,64.0,4.0,4.0,19,5.0,13.0,1.4,1.0,32.0,1.6,2.0,12.0,8,-8.0,20.0,-20.0,0.9615384615384616,1.6153846153846154,-0.6538461538461539,-0.3076923076923077,0.46153846153846156,-0.7692307692307693,1
2026-03-21,18:00,Benfica,Guimaraes,3.0,0.0,H,1.0,0.0,H,0.0,1.0,0.0,0.0,25-26,3,9,62,32,18,9,38.0,-10.0,26,26,56.0,63.0,3.0,3.0,6,2.0,6.0,2.2,1.0,37.0,1.2,1.8,6.0,-6,-4.0,31.0,48.0,2.3846153846153846,1.2307692307692308,1.1538461538461537,1.4615384615384615,-0.38461538461538464,1.846153846153846,1
2026-03-21,15:30,Moreirense,Arouca,0.0,1.0,A,0.0,0.0,D,1.0,2.0,0.0,0.0,25-26,8,13,35,26,10,7,-7.0,-22.0,26,26,69.0,73.0,3.0,9.0,12,10.0,11.0,0.8,1.8,10.0,1.4,1.8,6.0,-5,-1.0,4.0,15.0,1.3461538461538463,1.0,0.34615384615384626,-0.2692307692307692,-0.8461538461538461,0.5769230769230769,1
2026-03-21,15:30,Famalicao,Nacional,1.0,0.0,H,0.0,0.0,D,3.0,3.0,0.0,0.0,25-26,6,16,42,22,12,5,10.0,-9.0,26,26,65.0,76.0,2.0,6.0,21,7.0,14.0,1.0,0.4,36.0,0.4,1.6,4.0,-10,-7.0,32.0,19.0,1.6153846153846154,0.8461538461538461,0.7692307692307693,0.38461538461538464,-0.34615384615384615,0.7307692307692308,1
2026-03-20,20:15,Estrela,Casa Pia,4.0,0.0,H,3.0,0.0,H,3.0,2.0,0.0,0.0,25-26,14,15,25,24,5,5,-16.0,-18.0,26,25,65.0,75.0,4.0,2.0,26,15.0,9.0,0.8,1.6,7.0,0.8,1.0,16.0,-1,6.0,-9.0,2.0,0.9615384615384616,0.96,0.0015384615384615996,-0.6153846153846154,-0.72,0.10461538461538455,0
2026-03-15,20:30,Porto,Moreirense,3.0,0.0,H,2.0,0.0,H,1.0,1.0,0.0,0.0,25-26,1,8,66,35,21,10,39.0,-4.0,25,25,57.0,68.0,2.0,3.0,7,3.0,10.0,1.6,0.8,33.0,1.0,1.6,15.0,-7,-7.0,18.0,43.0,2.64,1.4,1.2400000000000002,1.56,-0.16,1.72,0
2026-03-15,18:00,Rio Ave,Estrela,2.0,1.0,H,1.0,0.0,H,4.0,2.0,0.0,0.0,25-26,15,13,24,25,5,5,-20.0,-15.0,25,25,66.0,63.0,4.0,4.0,4,12.0,15.0,0.4,1.2,19.0,0.8,1.2,12.0,2,-3.0,7.0,-5.0,0.96,1.0,-0.040000000000000036,-0.8,-0.6,-0.20000000000000007,0
2026-03-15,15:30,Nacional,Estoril,0.0,1.0,A,0.0,1.0,A,5.0,3.0,0.0,0.0,25-26,15,8,22,34,5,9,-8.0,4.0,25,25,71.0,63.0,6.0,0.0,18,14.0,8.0,0.4,1.4,6.0,1.0,1.8,15.0,7,6.0,-9.0,-12.0,0.88,1.36,-0.4800000000000001,-0.32,0.16,-0.48,0
2026-03-15,15:30,AVS,Santa Clara,0.0,1.0,A,0.0,0.0,D,2.0,1.0,1.0,0.0,25-26,18,16,10,22,1,5,-39.0,-9.0,25,25,55.0,77.0,4.0,4.0,27,17.0,5.0,0.8,1.2,15.0,1.2,1.2,22.0,2,12.0,-7.0,-30.0,0.4,0.88,-0.48,-1.56,-0.36,-1.2000000000000002,0
2026-03-14,20:30,Arouca,Benfica,1.0,2.0,A,1.0,0.0,H,5.0,5.0,1.0,1.0,25-26,11,3,26,59,7,17,-21.0,37.0,25,25,68.0,51.0,8.0,2.0,23,11.0,2.0,1.8,1.8,12.0,2.2,1.0,35.0,8,9.0,-23.0,-58.0,1.04,2.36,-1.3199999999999998,-0.84,1.48,-2.32,0
2026-03-14,18:00,Gil Vicente,Alverca,2.0,2.0,D,1.0,0.0,H,3.0,1.0,0.0,0.0,25-26,6,10,41,28,11,7,12.0,-15.0,25,25,61.0,61.0,4.0,4.0,20,13.0,19.0,1.6,1.8,14.0,0.8,1.0,14.0,-4,-6.0,0.0,27.0,1.64,1.12,0.5199999999999998,0.48,-0.6,1.08,0
2026-03-14,15:30,Guimaraes,Famalicao,1.0,2.0,A,1.0,1.0,D,1.0,1.0,0.0,0.0,25-26,9,6,32,39,9,11,-9.0,9.0,25,25,62.0,64.0,3.0,2.0,8,6.0,7.0,1.4,2.0,10.0,1.2,0.4,31.0,3,-1.0,-21.0,-18.0,1.28,1.56,-0.28,-0.36,0.36,-0.72,0
2026-03-09,20:15,Tondela,Rio Ave,0.0,1.0,A,0.0,0.0,D,0.0,5.0,0.0,0.0,25-26,17,16,19,21,4,4,-19.0,-21.0,24,24,67.0,61.0,3.0,4.0,15,19.0,12.0,1.4,1.0,23.0,0.2,1.8,5.0,1,7.0,18.0,2.0,0.7916666666666666,0.875,-0.08333333333333337,-0.7916666666666666,-0.875,0.08333333333333337,0
2026-03-08,20:30,Santa Clara,Guimaraes,2.0,0.0,H,2.0,0.0,H,3.0,2.0,0.0,0.0,25-26,16,9,19,32,4,9,-11.0,-7.0,24,24,74.0,60.0,4.0,3.0,19,5.0,6.0,1.2,2.0,9.0,1.6,1.6,17.0,7,-1.0,-8.0,-4.0,0.7916666666666666,1.3333333333333333,-0.5416666666666666,-0.4583333333333333,-0.2916666666666667,-0.16666666666666663,0
2026-03-08,18:00,Benfica,Porto,2.0,2.0,D,0.0,2.0,A,2.0,6.0,0.0,0.0,25-26,3,1,58,65,17,21,37.0,39.0,24,24,49.0,51.0,2.0,2.0,6,2.0,3.0,1.8,0.6,43.0,1.4,0.8,38.0,2,-1.0,5.0,-2.0,2.4166666666666665,2.7083333333333335,-0.29166666666666696,1.5416666666666667,1.625,-0.08333333333333326,0
2026-03-08,15:30,Estrela,Gil Vicente,2.0,2.0,D,0.0,1.0,A,1.0,2.0,0.0,0.0,25-26,12,5,24,40,5,11,-15.0,12.0,24,24,62.0,59.0,4.0,4.0,26,15.0,13.0,0.6,1.0,12.0,2.2,1.4,18.0,7,2.0,-6.0,-27.0,1.0,1.6666666666666667,-0.6666666666666667,-0.625,0.5,-1.125,0
2026-03-07,20:30,Estoril,Casa Pia,0.0,0.0,D,0.0,0.0,D,2.0,2.0,0.0,0.0,25-26,8,13,33,23,9,5,4.0,-18.0,24,24,61.0,73.0,0.0,2.0,17,8.0,9.0,1.8,2.2,17.0,1.2,1.2,19.0,-5,-1.0,-2.0,22.0,1.375,0.9583333333333334,0.41666666666666663,0.16666666666666666,-0.75,0.9166666666666666,0
2026-03-07,18:00,Sp Braga,Sp Lisbon,2.0,2.0,D,1.0,2.0,A,3.0,3.0,0.0,0.0,25-26,4,2,45,61,13,19,27.0,50.0,24,24,47.0,55.0,2.0,3.0,14,4.0,1.0,2.6,1.0,36.0,2.0,0.4,41.0,2,3.0,-5.0,-23.0,1.875,2.5416666666666665,-0.6666666666666665,1.125,2.0833333333333335,-0.9583333333333335,0
2026-03-07,15:30,Moreirense,Nacional,1.0,1.0,D,1.0,0.0,H,4.0,2.0,0.0,0.0,25-26,7,14,34,21,10,5,-4.0,-8.0,24,24,64.0,69.0,3.0,6.0,12,10.0,14.0,0.8,1.6,14.0,0.4,1.6,2.0,-7,-4.0,12.0,4.0,1.4166666666666667,0.875,0.5416666666666667,-0.16666666666666666,-0.3333333333333333,0.16666666666666666,0
2026-03-07,15:30,Alverca,AVS,0.0,0.0,D,0.0,0.0,D,1.0,3.0,0.0,0.0,25-26,10,18,27,9,7,1,-15.0,-39.0,24,24,60.0,52.0,4.0,4.0,28,19.0,17.0,1.0,1.2,13.0,0.8,2.0,14.0,-8,2.0,-1.0,24.0,1.125,0.375,0.75,-0.625,-1.625,1.0,0
2026-03-06,20:15,Famalicao,Arouca,1.0,0.0,H,0.0,0.0,D,1.0,1.0,0.0,0.0,25-26,6,11,36,26,10,7,8.0,-20.0,24,24,63.0,67.0,2.0,8.0,21,7.0,11.0,1.0,1.4,23.0,2.4,1.6,21.0,-5,-4.0,2.0,28.0,1.5,1.0833333333333333,0.41666666666666674,0.3333333333333333,-0.8333333333333334,1.1666666666666667,0
2026-03-02,20:15,Gil Vicente,Benfica,1.0,2.0,A,0.0,1.0,A,2.0,3.0,0.0,0.0,25-26,5,3,40,55,11,16,13.0,36.0,23,23,57.0,46.0,4.0,2.0,20,13.0,2.0,2.0,1.6,27.0,2.2,0.4,41.0,2,11.0,-14.0,-23.0,1.7391304347826086,2.391304347826087,-0.6521739130434783,0.5652173913043478,1.565217391304348,-1.0,0
2026-03-01,20:30,Rio Ave,Famalicao,0.0,0.0,D,0.0,0.0,D,4.0,2.0,0.0,0.0,25-26,15,6,20,35,4,10,-21.0,8.0,23,23,57.0,61.0,4.0,2.0,4,12.0,7.0,0.2,2.6,0.0,1.6,1.4,27.0,9,5.0,-27.0,-29.0,0.8695652173913043,1.5217391304347827,-0.6521739130434784,-0.9130434782608695,0.34782608695652173,-1.2608695652173911,0
2026-03-01,18:00,Casa Pia,Moreirense,1.0,1.0,D,1.0,0.0,H,2.0,3.0,0.0,0.0,25-26,13,8,22,33,5,10,-18.0,-4.0,23,23,71.0,61.0,2.0,3.0,25,9.0,10.0,1.6,1.6,22.0,0.8,1.4,15.0,5,-1.0,7.0,-14.0,0.9565217391304348,1.434782608695652,-0.4782608695652173,-0.782608695652174,-0.17391304347826086,-0.6086956521739131,0
2026-03-01,15:30,Tondela,Santa Clara,2.0,2.0,D,1.0,1.0,D,3.0,2.0,0.0,0.0,25-26,17,16,18,18,4,4,-19.0,-11.0,23,23,64.0,72.0,3.0,4.0,15,19.0,5.0,1.0,1.2,24.0,0.8,1.8,5.0,1,14.0,19.0,-8.0,0.782608695652174,0.782608695652174,0.0,-0.8260869565217391,-0.4782608695652174,-0.34782608695652173,0
2026-02-28,20:30,Guimaraes,Alverca,1.0,1.0,D,0.0,0.0,D,1.0,2.0,0.0,0.0,25-26,9,10,31,26,9,7,-7.0,-15.0,23,23,59.0,58.0,3.0,4.0,8,6.0,19.0,1.8,2.2,18.0,0.8,2.0,11.0,-1,-13.0,7.0,8.0,1.3478260869565217,1.1304347826086956,0.21739130434782616,-0.30434782608695654,-0.6521739130434783,0.34782608695652173,0
2026-02-28,18:00,Nacional,Sp Braga,1.0,2.0,A,0.0,1.0,A,2.0,3.0,0.0,0.0,25-26,14,4,21,42,5,12,-7.0,26.0,23,23,67.0,44.0,6.0,2.0,18,14.0,4.0,1.0,1.2,6.0,3.2,0.8,33.0,10,10.0,-27.0,-33.0,0.9130434782608695,1.826086956521739,-0.9130434782608695,-0.30434782608695654,1.1304347826086956,-1.434782608695652,0
2026-02-28,15:30,AVS,Estrela,0.0,0.0,D,0.0,0.0,D,2.0,1.0,0.0,0.0,25-26,18,12,8,23,1,5,-39.0,-15.0,23,23,50.0,61.0,4.0,4.0,27,17.0,15.0,1.4,2.6,13.0,0.6,1.8,11.0,6,2.0,2.0,-24.0,0.34782608695652173,1.0,-0.6521739130434783,-1.6956521739130435,-0.6521739130434783,-1.0434782608695652,0
2026-02-27,20:45,Sp Lisbon,Estoril,3.0,0.0,H,2.0,0.0,H,2.0,3.0,0.0,0.0,25-26,2,7,58,33,18,9,47.0,7.0,23,23,53.0,58.0,3.0,0.0,9,1.0,8.0,1.8,0.6,39.0,2.6,2.0,27.0,-5,-7.0,12.0,40.0,2.5217391304347827,1.434782608695652,1.0869565217391306,2.0434782608695654,0.30434782608695654,1.7391304347826089,0
2026-02-27,18:45,Porto,Arouca,3.0,1.0,H,1.0,0.0,H,0.0,2.0,0.0,0.0,25-26,1,11,62,26,20,7,37.0,-18.0,23,23,51.0,65.0,2.0,8.0,7,3.0,11.0,1.4,0.6,33.0,2.4,1.4,30.0,-10,-8.0,3.0,55.0,2.6956521739130435,1.1304347826086956,1.565217391304348,1.608695652173913,-0.782608695652174,2.391304347826087,0
2026-02-23,20:15,Famalicao,Casa Pia,2.0,0.0,H,1.0,0.0,H,3.0,2.0,0.0,0.0,25-26,8,13,32,22,9,5,6.0,-16.0,22,22,58.0,69.0,2.0,2.0,21,7.0,9.0,1.4,1.4,21.0,1.6,1.8,30.0,-5,-2.0,-9.0,22.0,1.4545454545454546,1.0,0.4545454545454546,0.2727272727272727,-0.7272727272727273,1.0,0
2026-02-22,20:30,Porto,Rio Ave,1.0,0.0,H,1.0,0.0,H,2.0,3.0,0.0,0.0,25-26,1,15,59,20,19,4,36.0,-20.0,22,22,49.0,54.0,2.0,4.0,7,3.0,12.0,1.4,0.6,28.0,0.2,2.8,0.0,-14,-9.0,28.0,56.0,2.6818181818181817,0.9090909090909091,1.7727272727272725,1.6363636363636365,-0.9090909090909091,2.5454545454545454,0
2026-02-22,18:00,Estoril,Gil Vicente,3.0,1.0,H,1.0,1.0,D,0.0,0.0,0.0,0.0,25-26,9,5,30,40,8,11,5.0,15.0,22,22,58.0,57.0,0.0,4.0,17,8.0,13.0,3.0,1.8,22.0,2.2,1.2,39.0,4,-5.0,-17.0,-10.0,1.3636363636363635,1.8181818181818181,-0.4545454545454546,0.22727272727272727,0.6818181818181818,-0.4545454545454545,0
2026-02-21,20:30,Sp Braga,Guimaraes,3.0,2.0,H,2.0,1.0,H,2.0,3.0,0.0,0.0,25-26,5,8,39,31,11,9,25.0,-6.0,22,22,42.0,56.0,2.0,3.0,14,4.0,6.0,2.8,0.4,30.0,1.4,1.8,24.0,-3,-2.0,6.0,31.0,1.7727272727272727,1.4090909090909092,0.36363636363636354,1.1363636363636365,-0.2727272727272727,1.4090909090909092,0
2026-02-21,18:00,Moreirense,Sp Lisbon,0.0,3.0,A,0.0,0.0,D,1.0,1.0,0.0,0.0,25-26,6,2,33,55,10,17,-1.0,44.0,22,22,60.0,52.0,3.0,3.0,12,10.0,1.0,1.0,1.2,21.0,1.8,0.6,37.0,4,9.0,-16.0,-45.0,1.5,2.5,-1.0,-0.045454545454545456,2.0,-2.0454545454545454,0
2026-02-21,18:00,Benfica,AVS,3.0,0.0,H,3.0,0.0,H,0.0,0.0,0.0,0.0,25-26,3,18,52,8,15,1,33.0,-36.0,22,22,46.0,50.0,2.0,4.0,6,2.0,17.0,2.0,0.4,39.0,1.4,2.2,17.0,-15,-15.0,22.0,69.0,2.3636363636363638,0.36363636363636365,2.0,1.5,-1.6363636363636365,3.1363636363636367,0
2026-02-21,15:30,Arouca,Nacional,3.0,0.0,H,0.0,0.0,D,5.0,3.0,1.0,1.0,25-26,12,14,23,21,6,5,-21.0,-4.0,22,22,60.0,64.0,7.0,5.0,23,11.0,14.0,2.0,1.4,24.0,1.2,1.0,10.0,-2,-3.0,14.0,-17.0,1.0454545454545454,0.9545454545454546,0.09090909090909083,-0.9545454545454546,-0.18181818181818182,-0.7727272727272727,0
2026-02-21,15:30,Alverca,Santa Clara,1.0,1.0,D,1.0,0.0,H,2.0,2.0,0.0,0.0,25-26,11,17,25,17,7,4,-15.0,-11.0,22,22,56.0,70.0,4.0,4.0,28,19.0,5.0,1.0,2.0,11.0,0.6,1.8,0.0,-6,14.0,11.0,-4.0,1.1363636363636365,0.7727272727272727,0.36363636363636376,-0.6818181818181818,-0.5,-0.18181818181818177,0
2026-02-20,20:45,Estrela,Tondela,0.0,2.0,A,0.0,1.0,A,2.0,3.0,1.0,0.0,25-26,11,17,23,15,5,3,-13.0,-21.0,22,22,59.0,61.0,3.0,3.0,26,15.0,19.0,0.6,2.4,15.0,0.6,1.4,12.0,-6,-4.0,3.0,8.0,1.0454545454545454,0.6818181818181818,0.36363636363636365,-0.5909090909090909,-0.9545454545454546,0.36363636363636365,0
2026-02-16,20:15,Rio Ave,Moreirense,1.0,2.0,A,1.0,1.0,D,1.0,3.0,0.0,0.0,25-26,15,9,20,30,4,9,-19.0,-2.0,21,21,53.0,57.0,4.0,3.0,4,12.0,10.0,0.6,2.6,3.0,0.8,1.0,12.0,6,2.0,-9.0,-17.0,0.9523809523809523,1.4285714285714286,-0.4761904761904763,-0.9047619047619048,-0.09523809523809523,-0.8095238095238095,0
2026-02-15,20:30,Sp Lisbon,Famalicao,1.0,0.0,H,0.0,0.0,D,3.0,2.0,0.0,0.0,25-26,2,6,52,32,16,9,43.0,7.0,21,21,49.0,56.0,3.0,2.0,9,1.0,7.0,1.8,0.8,33.0,1.4,1.4,30.0,-4,-6.0,3.0,36.0,2.4761904761904763,1.5238095238095237,0.9523809523809526,2.0476190476190474,0.3333333333333333,1.7142857142857142,0
2026-02-15,18:00,AVS,Estoril,3.0,0.0,H,0.0,0.0,D,2.0,2.0,0.0,0.0,25-26,18,8,5,30,0,8,-39.0,8.0,21,21,48.0,56.0,4.0,0.0,27,17.0,8.0,0.8,2.6,3.0,3.2,1.8,32.0,10,9.0,-29.0,-47.0,0.23809523809523808,1.4285714285714286,-1.1904761904761905,-1.8571428571428572,0.38095238095238093,-2.238095238095238,0
2026-02-15,15:30,Nacional,Porto,0.0,1.0,A,0.0,0.0,D,4.0,0.0,0.0,0.0,25-26,14,1,21,56,5,18,-3.0,35.0,21,21,60.0,49.0,5.0,2.0,18,14.0,3.0,1.8,1.4,15.0,1.4,0.6,23.0,13,11.0,-8.0,-38.0,1.0,2.6666666666666665,-1.6666666666666665,-0.14285714285714285,1.6666666666666667,-1.8095238095238095,0
2026-02-14,20:30,Gil Vicente,Sp Braga,2.0,1.0,H,0.0,1.0,A,2.0,1.0,0.0,0.0,25-26,5,4,37,39,10,11,14.0,26.0,21,21,55.0,41.0,4.0,2.0,20,13.0,4.0,2.0,1.2,34.0,3.2,0.6,43.0,1,9.0,-9.0,-12.0,1.7619047619047619,1.8571428571428572,-0.09523809523809534,0.6666666666666666,1.2380952380952381,-0.5714285714285715,0
2026-02-14,18:00,Guimaraes,Estrela,2.0,1.0,H,0.0,1.0,A,3.0,2.0,0.0,0.0,25-26,9,11,28,23,8,5,-7.0,-12.0,21,21,53.0,57.0,3.0,3.0,8,6.0,15.0,1.4,1.8,15.0,1.0,2.6,20.0,-2,-9.0,-5.0,5.0,1.3333333333333333,1.0952380952380953,0.23809523809523792,-0.3333333333333333,-0.5714285714285714,0.23809523809523808,0
2026-02-14,15:30,Casa Pia,Arouca,3.0,2.0,H,3.0,2.0,H,5.0,2.0,0.0,0.0,25-26,15,12,19,23,4,6,-17.0,-20.0,21,21,64.0,58.0,2.0,7.0,25,9.0,11.0,1.2,2.0,20.0,1.8,1.4,33.0,3,-2.0,-13.0,3.0,0.9047619047619048,1.0952380952380953,-0.19047619047619058,-0.8095238095238095,-0.9523809523809523,0.1428571428571428,0
2026-02-13,20:45,Tondela,Alverca,1.0,1.0,D,0.0,1.0,A,5.0,5.0,0.0,1.0,25-26,17,10,14,24,3,7,-21.0,-15.0,21,21,56.0,51.0,3.0,3.0,15,19.0,19.0,0.4,1.4,9.0,1.0,1.8,13.0,7,0.0,-4.0,-6.0,0.6666666666666666,1.1428571428571428,-0.47619047619047616,-1.0,-0.7142857142857143,-0.2857142857142857,0
2026-02-13,18:30,Santa Clara,Benfica,1.0,2.0,A,0.0,2.0,A,6.0,2.0,1.0,0.0,25-26,16,3,17,49,4,14,-10.0,32.0,21,21,64.0,44.0,3.0,2.0,19,5.0,2.0,1.0,2.0,1.0,2.2,0.4,37.0,13,3.0,-36.0,-42.0,0.8095238095238095,2.3333333333333335,-1.523809523809524,-0.47619047619047616,1.5238095238095237,-2.0,0
2026-02-09,20:45,Porto,Sp Lisbon,1.0,1.0,D,0.0,0.0,D,3.0,5.0,0.0,0.0,25-26,1,2,55,51,18,16,35.0,43.0,20,20,46.0,44.0,2.0,3.0,7,3.0,1.0,1.6,0.4,30.0,2.4,0.6,41.0,-1,2.0,-11.0,-8.0,2.75,2.55,0.20000000000000018,1.75,2.15,-0.3999999999999999,0
2026-02-09,18:45,Famalicao,AVS,3.0,1.0,H,0.0,0.0,D,3.0,2.0,0.0,0.0,25-26,8,18,29,5,8,0,5.0,-37.0,20,20,53.0,46.0,2.0,4.0,21,7.0,17.0,1.2,1.8,21.0,0.6,2.4,4.0,-10,-10.0,17.0,42.0,1.45,0.25,1.2,0.25,-1.85,2.1,0
2026-02-08,20:30,Benfica,Alverca,2.0,1.0,H,1.0,1.0,D,3.0,2.0,0.0,0.0,25-26,3,10,46,24,13,7,31.0,-14.0,20,20,41.0,49.0,2.0,3.0,6,2.0,19.0,2.2,0.6,33.0,1.0,2.2,20.0,-7,-17.0,13.0,45.0,2.3,1.2,1.0999999999999999,1.55,-0.7,2.25,0
2026-02-08,18:00,Sp Braga,Rio Ave,3.0,0.0,H,1.0,0.0,H,1.0,1.0,0.0,0.0,25-26,5,14,36,20,10,4,23.0,-16.0,20,20,40.0,52.0,2.0,4.0,14,4.0,12.0,3.0,1.0,39.0,0.6,2.8,6.0,-9,-8.0,33.0,39.0,1.8,1.0,0.8,1.15,-0.8,1.95,0
2026-02-08,15:30,Nacional,Casa Pia,0.0,0.0,D,0.0,0.0,D,2.0,3.0,0.0,0.0,25-26,13,15,20,18,5,4,-3.0,-17.0,20,20,58.0,61.0,5.0,2.0,18,14.0,9.0,2.0,1.8,14.0,1.2,2.0,20.0,-2,5.0,-6.0,14.0,1.0,0.9,0.09999999999999998,-0.15,-0.85,0.7,0
2026-02-07,20:30,Arouca,Guimaraes,3.0,2.0,H,1.0,2.0,A,1.0,4.0,0.0,0.0,25-26,14,9,20,28,5,8,-21.0,-6.0,20,20,57.0,49.0,7.0,3.0,23,11.0,6.0,1.6,1.4,25.0,1.0,1.2,22.0,5,5.0,3.0,-15.0,1.0,1.4,-0.3999999999999999,-1.05,-0.3,-0.75,0
2026-02-07,18:00,Estoril,Tondela,2.0,2.0,D,2.0,2.0,D,1.0,0.0,0.0,0.0,25-26,7,17,29,13,8,3,8.0,-21.0,20,20,55.0,56.0,0.0,3.0,17,8.0,19.0,3.6,1.6,39.0,0.6,1.2,8.0,-10,-11.0,31.0,29.0,1.45,0.65,0.7999999999999999,0.4,-1.05,1.4500000000000002,0
2026-02-07,15:30,Moreirense,Gil Vicente,1.0,2.0,A,0.0,1.0,A,3.0,1.0,1.0,0.0,25-26,6,5,30,34,9,9,-1.0,13.0,20,20,54.0,54.0,2.0,4.0,12,10.0,13.0,1.0,0.6,21.0,2.0,1.4,27.0,1,-3.0,-6.0,-14.0,1.5,1.7,-0.19999999999999996,-0.05,0.65,-0.7000000000000001,0
2026-02-07,15:30,Estrela,Santa Clara,1.0,0.0,H,0.0,0.0,D,4.0,1.0,0.0,0.0,25-26,12,16,20,17,4,4,-13.0,-9.0,20,20,53.0,63.0,3.0,3.0,26,15.0,5.0,1.4,3.0,10.0,1.0,2.0,2.0,-4,10.0,8.0,-4.0,1.0,0.85,0.15000000000000002,-0.65,-0.45,-0.2,0
2026-02-02,20:45,Casa Pia,Porto,2.0,1.0,H,2.0,0.0,H,3.0,2.0,0.0,1.0,25-26,16,1,15,55,3,18,-18.0,36.0,19,19,58.0,44.0,2.0,1.0,25,9.0,3.0,1.2,2.0,10.0,2.0,0.0,45.0,15,6.0,-35.0,-54.0,0.7894736842105263,2.8947368421052633,-2.105263157894737,-0.9473684210526315,1.894736842105263,-2.8421052631578947,0
2026-02-02,18:45,AVS,Sp Braga,0.0,4.0,A,0.0,2.0,A,0.0,1.0,0.0,0.0,25-26,18,5,5,33,0,9,-33.0,19.0,19,19,46.0,39.0,4.0,2.0,27,17.0,4.0,1.0,2.0,6.0,2.2,1.2,32.0,13,13.0,-26.0,-52.0,0.2631578947368421,1.736842105263158,-1.473684210526316,-1.736842105263158,1.0,-2.736842105263158,0
2026-02-01,20:30,Tondela,Benfica,0.0,0.0,D,0.0,0.0,D,5.0,0.0,0.0,0.0,25-26,17,3,12,45,3,13,-21.0,31.0,19,19,51.0,41.0,3.0,2.0,15,19.0,2.0,0.8,1.6,6.0,2.4,0.6,41.0,14,17.0,-35.0,-52.0,0.631578947368421,2.3684210526315788,-1.7368421052631577,-1.105263157894737,1.631578947368421,-2.736842105263158,0
2026-02-01,18:00,Sp Lisbon,Nacional,2.0,1.0,H,0.0,0.0,D,0.0,3.0,0.0,0.0,25-26,2,11,48,20,15,5,42.0,-2.0,19,19,44.0,55.0,3.0,5.0,9,1.0,14.0,2.8,0.6,39.0,2.2,1.8,19.0,-9,-13.0,20.0,44.0,2.526315789473684,1.0526315789473684,1.4736842105263157,2.210526315789474,-0.10526315789473684,2.3157894736842106,0
2026-02-01,15:30,Gil Vicente,Famalicao,5.0,0.0,H,1.0,0.0,H,1.0,1.0,0.0,1.0,25-26,5,7,31,29,8,8,8.0,10.0,19,19,53.0,52.0,4.0,1.0,20,13.0,7.0,1.4,1.8,18.0,1.2,1.0,27.0,-2,6.0,-9.0,-2.0,1.631578947368421,1.5263157894736843,0.10526315789473673,0.42105263157894735,0.5263157894736842,-0.10526315789473684,0
2026-01-31,20:30,Alverca,Estrela,1.0,1.0,D,0.0,0.0,D,1.0,2.0,0.0,0.0,25-26,10,14,23,19,7,4,-14.0,-13.0,19,19,48.0,51.0,3.0,3.0,28,19.0,15.0,0.8,2.6,21.0,1.2,2.8,10.0,-4,4.0,11.0,-1.0,1.2105263157894737,1.0,0.21052631578947367,-0.7368421052631579,-0.6842105263157895,-0.05263157894736836,0
2026-01-31,18:00,Rio Ave,Arouca,0.0,3.0,A,0.0,1.0,A,2.0,1.0,0.0,0.0,25-26,12,15,20,17,4,4,-13.0,-24.0,19,19,50.0,56.0,4.0,7.0,4,12.0,11.0,1.0,2.6,10.0,1.0,1.4,15.0,-3,1.0,-5.0,11.0,1.0526315789473684,0.8947368421052632,0.1578947368421052,-0.6842105263157895,-1.263157894736842,0.5789473684210525,0
2026-01-31,15:30,Santa Clara,Estoril,2.0,4.0,A,0.0,2.0,A,7.0,3.0,0.0,0.0,25-26,14,9,17,26,4,7,-7.0,6.0,19,19,56.0,52.0,3.0,0.0,19,5.0,8.0,0.6,1.2,4.0,3.0,1.2,36.0,5,-3.0,-32.0,-13.0,0.8947368421052632,1.368421052631579,-0.4736842105263158,-0.3684210526315789,0.3157894736842105,-0.6842105263157894,0
2026-01-30,20:45,Guimaraes,Moreirense,1.0,0.0,H,0.0,0.0,D,2.0,5.0,0.0,0.0,25-26,9,6,25,30,7,9,-7.0,0.0,19,19,47.0,49.0,3.0,2.0,8,6.0,10.0,1.0,2.0,11.0,1.0,0.4,31.0,3,-4.0,-20.0,-7.0,1.3157894736842106,1.5789473684210527,-0.26315789473684204,-0.3684210526315789,0.0,-0.3684210526315789,0
2026-01-26,20:15,Porto,Gil Vicente,3.0,0.0,H,1.0,0.0,H,2.0,3.0,0.0,1.0,25-26,1,5,52,31,17,8,33.0,11.0,18,18,42.0,50.0,1.0,3.0,7,3.0,13.0,2.0,0.2,45.0,1.6,1.4,25.0,-4,-10.0,20.0,22.0,2.888888888888889,1.7222222222222223,1.1666666666666665,1.8333333333333333,0.6111111111111112,1.222222222222222,0
2026-01-25,20:30,Sp Braga,Alverca,5.0,0.0,H,4.0,0.0,H,2.0,2.0,0.0,0.0,25-26,5,10,30,23,8,7,14.0,-9.0,18,18,37.0,46.0,2.0,3.0,14,4.0,19.0,1.4,1.2,25.0,0.8,1.8,27.0,-5,-15.0,-2.0,23.0,1.6666666666666667,1.2777777777777777,0.38888888888888906,0.7777777777777778,-0.5,1.2777777777777777,0
2026-01-25,18:00,Famalicao,Tondela,3.0,0.0,H,1.0,0.0,H,0.0,1.0,0.0,0.0,25-26,7,17,26,12,7,3,7.0,-18.0,18,18,52.0,50.0,1.0,3.0,21,7.0,19.0,1.4,1.0,18.0,1.0,1.6,9.0,-10,-12.0,9.0,25.0,1.4444444444444444,0.6666666666666666,0.7777777777777778,0.3888888888888889,-1.0,1.3888888888888888,0
2026-01-25,18:00,Benfica,Estrela,4.0,0.0,H,1.0,0.0,H,3.0,4.0,0.0,0.0,25-26,3,13,42,19,12,4,27.0,-9.0,18,18,38.0,47.0,2.0,3.0,6,2.0,15.0,2.4,0.6,39.0,1.4,2.6,15.0,-10,-13.0,24.0,36.0,2.3333333333333335,1.0555555555555556,1.277777777777778,1.5,-0.5,2.0,0
2026-01-25,15:30,Nacional,Rio Ave,4.0,0.0,H,1.0,0.0,H,3.0,0.0,0.0,0.0,25-26,13,11,17,20,4,4,-6.0,-9.0,18,18,52.0,50.0,5.0,4.0,18,14.0,12.0,2.0,2.0,9.0,1.0,2.0,14.0,2,2.0,-5.0,3.0,0.9444444444444444,1.1111111111111112,-0.16666666666666674,-0.3333333333333333,-0.5,0.16666666666666669,0
2026-01-24,20:30,Estoril,Guimaraes,4.0,2.0,H,1.0,2.0,A,2.0,3.0,0.0,0.0,25-26,9,8,23,25,6,7,4.0,-5.0,18,18,50.0,44.0,0.0,3.0,17,8.0,6.0,2.2,1.6,30.0,0.8,1.2,18.0,1,2.0,12.0,9.0,1.2777777777777777,1.3888888888888888,-0.11111111111111116,0.2222222222222222,-0.2777777777777778,0.5,0
2026-01-24,18:00,Arouca,Sp Lisbon,1.0,2.0,A,0.0,1.0,A,3.0,4.0,1.0,1.0,25-26,15,2,17,45,4,14,-23.0,41.0,18,18,53.0,40.0,6.0,2.0,23,11.0,1.0,1.0,1.0,23.0,3.6,0.4,37.0,13,10.0,-14.0,-64.0,0.9444444444444444,2.5,-1.5555555555555556,-1.2777777777777777,2.2777777777777777,-3.5555555555555554,0
2026-01-24,15:30,Moreirense,Santa Clara,1.0,0.0,H,0.0,0.0,D,2.0,2.0,0.0,0.0,25-26,6,14,27,17,8,4,-1.0,-6.0,18,18,47.0,54.0,2.0,3.0,12,10.0,5.0,0.8,1.2,23.0,0.6,1.2,6.0,-8,5.0,17.0,5.0,1.5,0.9444444444444444,0.5555555555555556,-0.05555555555555555,-0.3333333333333333,0.2777777777777778,0
2026-01-23,20:15,Casa Pia,AVS,3.0,3.0,D,1.0,0.0,H,3.0,5.0,0.0,0.0,25-26,16,18,14,4,3,0,-18.0,-33.0,18,18,55.0,41.0,2.0,4.0,25,9.0,17.0,0.8,1.6,10.0,0.4,2.6,2.0,-2,-8.0,8.0,15.0,0.7777777777777778,0.2222222222222222,0.5555555555555556,-1.0,-1.8333333333333333,0.8333333333333333,0
2026-01-19,20:15,Estrela,Estoril,0.0,5.0,A,0.0,1.0,A,2.0,2.0,1.0,0.0,25-26,12,10,19,20,4,5,-4.0,-1.0,17,17,45.0,48.0,2.0,0.0,26,15.0,8.0,2.0,1.8,23.0,1.8,2.2,22.0,2,7.0,1.0,-3.0,1.1176470588235294,1.1764705882352942,-0.05882352941176472,-0.23529411764705882,-0.058823529411764705,-0.1764705882352941,0
2026-01-18,20:30,Guimaraes,Porto,0.0,1.0,A,0.0,0.0,D,4.0,2.0,1.0,0.0,25-26,8,1,25,49,7,16,-4.0,32.0,17,17,40.0,40.0,2.0,1.0,8,6.0,3.0,0.8,1.0,26.0,2.2,0.2,45.0,7,3.0,-19.0,-36.0,1.4705882352941178,2.8823529411764706,-1.4117647058823528,-0.23529411764705882,1.8823529411764706,-2.1176470588235294,0
2026-01-18,18:00,Tondela,Sp Braga,0.0,1.0,A,0.0,0.0,D,3.0,3.0,0.0,1.0,25-26,17,5,12,27,3,7,-17.0,13.0,17,17,47.0,34.0,3.0,1.0,15,19.0,4.0,1.0,1.8,12.0,1.6,1.4,18.0,12,15.0,-6.0,-30.0,0.7058823529411765,1.588235294117647,-0.8823529411764705,-1.0,0.7647058823529411,-1.7647058823529411,0
2026-01-18,15:30,Santa Clara,Famalicao,0.0,1.0,A,0.0,0.0,D,1.0,1.0,0.0,0.0,25-26,13,8,17,23,4,6,-5.0,6.0,17,17,53.0,51.0,3.0,1.0,19,5.0,7.0,0.8,1.0,11.0,1.4,1.4,6.0,5,-2.0,5.0,-11.0,1.0,1.3529411764705883,-0.3529411764705883,-0.29411764705882354,0.35294117647058826,-0.6470588235294118,0
2026-01-17,20:30,Rio Ave,Benfica,0.0,2.0,A,0.0,2.0,A,1.0,2.0,0.0,0.0,25-26,11,3,20,39,4,11,-7.0,25.0,17,17,49.0,36.0,4.0,2.0,4,12.0,2.0,1.4,1.8,21.0,2.2,0.8,35.0,8,10.0,-14.0,-32.0,1.1764705882352942,2.2941176470588234,-1.1176470588235292,-0.4117647058823529,1.4705882352941178,-1.8823529411764706,0
2026-01-17,18:00,Alverca,Moreirense,2.0,1.0,H,0.0,0.0,D,3.0,1.0,0.0,0.0,25-26,11,6,20,27,6,8,-10.0,0.0,17,17,43.0,46.0,3.0,2.0,28,19.0,10.0,0.6,1.6,18.0,1.2,1.4,31.0,5,9.0,-13.0,-10.0,1.1764705882352942,1.588235294117647,-0.4117647058823528,-0.5882352941176471,0.0,-0.5882352941176471,0
2026-01-17,18:00,AVS,Arouca,0.0,1.0,A,0.0,1.0,A,3.0,6.0,1.0,0.0,25-26,18,16,4,14,0,3,-32.0,-24.0,17,17,38.0,47.0,3.0,6.0,27,17.0,11.0,0.6,2.8,3.0,1.0,1.6,13.0,2,6.0,-10.0,-8.0,0.23529411764705882,0.8235294117647058,-0.588235294117647,-1.8823529411764706,-1.411764705882353,-0.47058823529411753,0
2026-01-17,15:30,Gil Vicente,Nacional,2.0,1.0,H,1.0,1.0,D,1.0,2.0,0.0,0.0,25-26,4,13,28,17,7,4,10.0,-5.0,17,17,49.0,50.0,3.0,5.0,20,13.0,14.0,1.2,1.2,15.0,1.8,1.8,14.0,-9,-1.0,1.0,15.0,1.6470588235294117,1.0,0.6470588235294117,0.5882352941176471,-0.29411764705882354,0.8823529411764706,0
2026-01-16,20:15,Sp Lisbon,Casa Pia,3.0,0.0,H,2.0,0.0,H,0.0,2.0,0.0,1.0,25-26,2,15,42,14,13,3,38.0,-15.0,17,17,40.0,53.0,2.0,1.0,9,1.0,9.0,3.2,0.6,33.0,0.8,1.2,15.0,-13,-8.0,18.0,53.0,2.4705882352941178,0.8235294117647058,1.647058823529412,2.235294117647059,-0.8823529411764706,3.1176470588235294,0
2026-01-11,18:00,Moreirense,Tondela,1.0,0.0,H,0.0,0.0,D,1.0,1.0,0.0,0.0,25-26,7,17,24,12,7,3,-1.0,-16.0,16,16,45.0,46.0,2.0,3.0,12,10.0,19.0,1.4,1.8,22.0,1.2,1.6,18.0,-10,-9.0,4.0,15.0,1.5,0.75,0.75,-0.0625,-1.0,0.9375,0
2026-01-11,15:30,Nacional,Santa Clara,3.0,3.0,D,2.0,2.0,D,4.0,4.0,0.0,0.0,25-26,13,14,16,16,4,4,-5.0,-5.0,16,16,46.0,49.0,5.0,3.0,18,14.0,5.0,1.4,1.6,13.0,0.4,0.6,11.0,-1,9.0,2.0,0.0,1.0,1.0,0.0,-0.3125,-0.3125,0.0,0
2026-01-04,20:30,Alverca,Famalicao,1.0,0.0,H,0.0,0.0,D,2.0,2.0,0.0,0.0,25-26,12,8,17,23,5,6,-11.0,7.0,16,16,41.0,49.0,3.0,1.0,28,19.0,7.0,0.8,1.6,9.0,1.8,1.6,10.0,4,12.0,-1.0,-18.0,1.0625,1.4375,-0.375,-0.6875,0.4375,-1.125,0
2026-01-04,18:00,Santa Clara,Porto,0.0,1.0,A,0.0,0.0,D,2.0,4.0,0.0,0.0,25-26,13,1,16,46,4,15,-4.0,31.0,15,16,47.0,36.0,3.0,1.0,19,5.0,3.0,0.6,0.8,16.0,2.2,0.2,45.0,12,2.0,-29.0,-35.0,1.0666666666666667,2.875,-1.8083333333333333,-0.26666666666666666,1.9375,-2.2041666666666666,0
2026-01-04,15:30,Rio Ave,Casa Pia,3.0,1.0,H,0.0,0.0,D,0.0,1.0,0.0,0.0,25-26,11,15,17,14,3,3,-9.0,-13.0,16,16,49.0,52.0,4.0,1.0,4,12.0,9.0,1.0,1.8,11.0,0.6,1.0,20.0,-4,3.0,-9.0,4.0,1.0625,0.875,0.1875,-0.5625,-0.8125,0.25,0
2026-01-03,20:30,AVS,Moreirense,0.0,2.0,A,0.0,1.0,A,5.0,3.0,0.0,0.0,25-26,18,8,4,21,0,6,-30.0,-3.0,16,15,33.0,42.0,3.0,2.0,27,17.0,10.0,0.6,3.2,4.0,1.2,2.2,10.0,10,7.0,-6.0,-27.0,0.25,1.4,-1.15,-1.875,-0.2,-1.675,0
2026-01-03,18:00,Estrela,Sp Braga,3.0,3.0,D,1.0,1.0,D,2.0,1.0,0.0,0.0,25-26,10,5,18,26,4,7,-4.0,13.0,16,16,43.0,33.0,2.0,1.0,26,15.0,4.0,1.4,2.0,25.0,1.8,0.8,23.0,5,11.0,2.0,-17.0,1.125,1.625,-0.5,-0.25,0.8125,-1.0625,0
2026-01-03,18:00,Benfica,Estoril,3.0,1.0,H,2.0,1.0,H,0.0,2.0,0.0,0.0,25-26,3,9,36,20,10,5,23.0,1.0,16,16,36.0,46.0,2.0,0.0,6,2.0,8.0,2.0,0.8,31.0,1.6,1.8,29.0,-6,-6.0,2.0,22.0,2.25,1.25,1.0,1.4375,0.0625,1.375,0
2026-01-03,15:30,Tondela,Arouca,3.0,1.0,H,2.0,1.0,H,3.0,1.0,0.0,0.0,25-26,17,16,9,14,2,3,-18.0,-22.0,15,16,43.0,46.0,3.0,6.0,15,19.0,11.0,0.6,1.6,6.0,0.8,1.8,18.0,1,8.0,-12.0,4.0,0.6,0.875,-0.275,-1.2,-1.375,0.17500000000000004,0
2026-01-02,20:45,Guimaraes,Nacional,2.0,1.0,H,0.0,0.0,D,1.0,3.0,0.0,0.0,25-26,7,13,22,16,6,4,-5.0,-4.0,16,15,39.0,43.0,2.0,5.0,8,6.0,14.0,1.2,0.8,19.0,1.4,1.4,18.0,-6,-8.0,1.0,-1.0,1.375,1.0666666666666667,0.30833333333333335,-0.3125,-0.26666666666666666,-0.04583333333333334,0
2026-01-02,18:45,Gil Vicente,Sp Lisbon,1.0,1.0,D,0.0,1.0,A,4.0,4.0,0.0,1.0,25-26,4,2,27,41,7,13,10.0,38.0,16,16,45.0,36.0,3.0,1.0,20,13.0,1.0,1.0,1.2,14.0,3.8,0.4,41.0,2,12.0,-27.0,-28.0,1.6875,2.5625,-0.875,0.625,2.375,-1.75,0
2025-12-29,20:15,Porto,AVS,2.0,0.0,H,0.0,0.0,D,1.0,1.0,0.0,0.0,25-26,1,18,43,4,14,0,29.0,-28.0,15,15,35.0,32.0,1.0,3.0,7,3.0,17.0,2.0,0.2,45.0,0.8,3.0,6.0,-17,-14.0,39.0,57.0,2.8666666666666667,0.26666666666666666,2.6,1.9333333333333333,-1.8666666666666667,3.8,0
2025-12-28,20:30,Sp Lisbon,Rio Ave,4.0,0.0,H,1.0,0.0,H,1.0,1.0,0.0,0.0,25-26,2,11,38,17,12,3,34.0,-5.0,15,15,35.0,48.0,1.0,4.0,9,1.0,12.0,3.4,0.6,39.0,1.2,1.2,17.0,-9,-11.0,22.0,39.0,2.533333333333333,1.1333333333333333,1.4,2.2666666666666666,-0.3333333333333333,2.6,0
2025-12-28,18:00,Sp Braga,Benfica,2.0,2.0,D,2.0,1.0,H,4.0,2.0,1.0,0.0,25-26,5,3,25,35,7,10,13.0,23.0,15,15,29.0,34.0,0.0,2.0,14,4.0,2.0,1.8,0.6,30.0,2.0,0.8,37.0,2,2.0,-7.0,-10.0,1.6666666666666667,2.3333333333333335,-0.6666666666666667,0.8666666666666667,1.5333333333333334,-0.6666666666666667,0
2025-12-28,15:30,Casa Pia,Guimaraes,0.0,0.0,D,0.0,0.0,D,4.0,2.0,0.0,0.0,25-26,16,8,13,21,3,6,-13.0,-5.0,15,15,48.0,37.0,1.0,2.0,25,9.0,6.0,1.0,1.4,20.0,1.4,0.8,24.0,8,3.0,-4.0,-8.0,0.8666666666666667,1.4,-0.5333333333333332,-0.8666666666666667,-0.3333333333333333,-0.5333333333333334,0
2025-12-28,15:30,Arouca,Gil Vicente,2.0,2.0,D,2.0,1.0,H,5.0,2.0,0.0,0.0,25-26,16,4,13,26,3,7,-22.0,10.0,15,15,41.0,43.0,6.0,3.0,23,11.0,13.0,1.0,2.2,17.0,0.8,1.0,13.0,12,-2.0,4.0,-32.0,0.8666666666666667,1.7333333333333334,-0.8666666666666667,-1.4666666666666666,0.6666666666666666,-2.1333333333333333,0
2025-12-27,20:30,Estoril,Alverca,4.0,1.0,H,2.0,0.0,H,2.0,3.0,0.0,0.0,25-26,10,12,17,17,4,5,-2.0,-8.0,15,15,44.0,38.0,0.0,3.0,17,8.0,19.0,1.6,2.2,21.0,0.8,1.0,16.0,-2,-11.0,5.0,6.0,1.1333333333333333,1.1333333333333333,0.0,-0.13333333333333333,-0.5333333333333333,0.4,0
2025-12-27,18:00,Famalicao,Estrela,2.0,3.0,A,2.0,2.0,D,3.0,5.0,0.0,0.0,25-26,6,14,23,15,6,3,8.0,-5.0,15,15,46.0,38.0,1.0,2.0,21,7.0,15.0,1.4,1.2,14.0,1.0,1.8,15.0,-8,-8.0,-1.0,13.0,1.5333333333333334,1.0,0.5333333333333334,0.5333333333333333,-0.3333333333333333,0.8666666666666667,0
2025-12-23,20:45,Guimaraes,Sp Lisbon,1.0,4.0,A,0.0,2.0,A,3.0,5.0,1.0,0.0,25-26,7,2,21,35,6,11,-2.0,31.0,14,14,34.0,30.0,1.0,1.0,8,6.0,1.0,1.2,0.6,34.0,3.0,0.4,37.0,5,5.0,-3.0,-33.0,1.5,2.5,-1.0,-0.14285714285714285,2.2142857142857144,-2.357142857142857,0
2025-12-22,20:45,Benfica,Famalicao,1.0,0.0,H,1.0,0.0,H,0.0,1.0,0.0,0.0,25-26,3,6,32,23,9,6,22.0,9.0,14,14,34.0,45.0,2.0,1.0,6,2.0,7.0,2.4,0.8,33.0,1.6,1.0,21.0,-3,-5.0,12.0,13.0,2.2857142857142856,1.6428571428571428,0.6428571428571428,1.5714285714285714,0.6428571428571429,0.9285714285714285,0
2025-12-22,18:45,Alverca,Porto,0.0,3.0,A,0.0,1.0,A,1.0,1.0,0.0,0.0,25-26,10,1,17,40,5,13,-5.0,26.0,14,14,37.0,34.0,3.0,1.0,28,19.0,3.0,0.8,0.8,23.0,1.8,0.4,45.0,9,16.0,-22.0,-31.0,1.2142857142857142,2.857142857142857,-1.642857142857143,-0.35714285714285715,1.8571428571428572,-2.2142857142857144,0
2025-12-21,20:30,Santa Clara,Arouca,0.0,0.0,D,0.0,0.0,D,2.0,2.0,0.0,0.0,25-26,13,16,15,12,4,3,-4.0,-22.0,14,14,45.0,39.0,3.0,6.0,19,5.0,11.0,0.6,1.0,15.0,1.0,2.6,15.0,-3,-6.0,0.0,18.0,1.0714285714285714,0.8571428571428571,0.2142857142857143,-0.2857142857142857,-1.5714285714285714,1.2857142857142856,0
2025-12-21,18:00,Tondela,Casa Pia,1.0,2.0,A,0.0,0.0,D,2.0,3.0,0.0,0.0,25-26,17,16,9,10,2,2,-17.0,-14.0,14,14,41.0,45.0,3.0,1.0,15,19.0,9.0,0.8,1.6,10.0,1.2,2.2,7.0,1,10.0,3.0,-3.0,0.6428571428571429,0.7142857142857143,-0.0714285714285714,-1.2142857142857142,-1.0,-0.2142857142857142,0
2025-12-21,15:30,AVS,Nacional,2.0,2.0,D,2.0,0.0,H,1.0,0.0,1.0,0.0,25-26,18,12,3,15,0,4,-28.0,-4.0,14,14,31.0,43.0,2.0,5.0,27,17.0,14.0,0.8,3.0,3.0,1.0,1.2,17.0,6,3.0,-14.0,-24.0,0.21428571428571427,1.0714285714285714,-0.8571428571428571,-2.0,-0.2857142857142857,-1.7142857142857144,0
2025-12-20,20:30,Estrela,Moreirense,0.0,0.0,D,0.0,0.0,D,2.0,1.0,0.0,0.0,25-26,14,8,14,20,3,6,-5.0,-3.0,14,14,36.0,41.0,2.0,2.0,26,15.0,10.0,2.0,2.4,17.0,1.6,2.2,10.0,6,5.0,7.0,-2.0,1.0,1.4285714285714286,-0.4285714285714286,-0.35714285714285715,-0.21428571428571427,-0.14285714285714288,3
2025-12-20,18:00,Gil Vicente,Rio Ave,2.0,2.0,D,1.0,1.0,D,3.0,5.0,0.0,1.0,25-26,5,11,25,16,7,3,10.0,-5.0,14,14,40.0,43.0,3.0,3.0,20,13.0,12.0,0.6,0.6,14.0,0.8,1.6,17.0,-6,1.0,-3.0,15.0,1.7857142857142858,1.1428571428571428,0.642857142857143,0.7142857142857143,-0.35714285714285715,1.0714285714285714,3
2025-12-19,20:15,Estoril,Sp Braga,1.0,0.0,H,1.0,0.0,H,5.0,2.0,0.0,0.0,25-26,13,4,14,25,3,7,-3.0,14.0,14,14,39.0,27.0,0.0,0.0,17,8.0,4.0,2.2,2.2,13.0,2.0,0.8,42.0,9,4.0,-29.0,-17.0,1.0,1.7857142857142858,-0.7857142857142858,-0.21428571428571427,1.0,-1.2142857142857142,3
2025-12-15,20:45,Porto,Estrela,3.0,1.0,H,1.0,0.0,H,1.0,5.0,0.0,0.0,25-26,1,14,37,14,12,3,24.0,-3.0,13,13,33.0,31.0,1.0,2.0,7,3.0,15.0,1.6,0.4,45.0,2.0,2.2,24.0,-13,-12.0,21.0,27.0,2.8461538461538463,1.0769230769230769,1.7692307692307694,1.8461538461538463,-0.23076923076923078,2.076923076923077,3
2025-12-15,18:45,Sp Braga,Santa Clara,1.0,0.0,H,1.0,0.0,H,1.0,3.0,0.0,0.0,25-26,6,11,22,15,6,4,13.0,-3.0,13,13,26.0,42.0,0.0,3.0,14,4.0,5.0,2.6,0.8,39.0,1.0,0.8,22.0,-5,-1.0,17.0,16.0,1.6923076923076923,1.1538461538461537,0.5384615384615385,1.0,-0.23076923076923078,1.2307692307692308,3
2025-12-15,17:30,Nacional,Tondela,3.0,1.0,H,0.0,0.0,D,5.0,6.0,1.0,1.0,25-26,14,17,12,9,3,2,-6.0,-15.0,13,13,38.0,35.0,4.0,2.0,18,14.0,19.0,0.6,1.2,4.0,0.6,1.6,14.0,-3,-5.0,-10.0,9.0,0.9230769230769231,0.6923076923076923,0.23076923076923084,-0.46153846153846156,-1.1538461538461537,0.6923076923076922,3
2025-12-14,20:30,Arouca,Alverca,1.0,0.0,H,0.0,0.0,D,1.0,4.0,0.0,1.0,25-26,17,9,9,17,2,5,-23.0,-4.0,13,13,38.0,33.0,6.0,2.0,23,11.0,19.0,0.8,3.6,0.0,0.8,1.4,30.0,8,-8.0,-30.0,-19.0,0.6923076923076923,1.3076923076923077,-0.6153846153846154,-1.7692307692307692,-0.3076923076923077,-1.4615384615384615,3
2025-12-14,18:00,Moreirense,Benfica,0.0,4.0,A,0.0,1.0,A,2.0,0.0,0.0,0.0,25-26,8,3,20,29,6,8,1.0,18.0,13,13,39.0,34.0,2.0,2.0,12,10.0,2.0,1.8,1.8,15.0,2.6,0.8,29.0,5,8.0,-14.0,-17.0,1.5384615384615385,2.230769230769231,-0.6923076923076923,0.07692307692307693,1.3846153846153846,-1.3076923076923077,3
2025-12-14,15:30,Famalicao,Estoril,4.0,0.0,H,2.0,0.0,H,3.0,1.0,0.0,0.0,25-26,7,12,20,14,5,3,5.0,1.0,13,13,42.0,38.0,1.0,0.0,21,7.0,8.0,1.2,1.0,13.0,2.4,1.6,21.0,-5,-1.0,-8.0,4.0,1.5384615384615385,1.0769230769230769,0.4615384615384617,0.38461538461538464,0.07692307692307693,0.3076923076923077,3
2025-12-13,20:30,Sp Lisbon,AVS,6.0,0.0,H,3.0,0.0,H,1.0,2.0,0.0,0.0,25-26,2,18,32,3,10,0,25.0,-22.0,13,13,29.0,29.0,1.0,2.0,9,1.0,17.0,2.4,0.4,35.0,0.8,2.2,5.0,-16,-16.0,30.0,47.0,2.4615384615384617,0.23076923076923078,2.230769230769231,1.9230769230769231,-1.6923076923076923,3.6153846153846154,3
2025-12-13,18:00,Rio Ave,Guimaraes,0.0,1.0,A,0.0,1.0,A,4.0,4.0,1.0,0.0,25-26,10,8,16,18,3,5,-4.0,-3.0,13,13,39.0,30.0,2.0,1.0,4,12.0,6.0,1.2,1.6,25.0,1.0,1.0,26.0,2,6.0,-1.0,-1.0,1.2307692307692308,1.3846153846153846,-0.15384615384615374,-0.3076923076923077,-0.23076923076923078,-0.07692307692307693,3
2025-12-13,15:30,Casa Pia,Gil Vicente,1.0,1.0,D,0.0,1.0,A,3.0,1.0,0.0,0.0,25-26,15,4,9,24,2,7,-14.0,10.0,13,13,42.0,39.0,1.0,3.0,25,9.0,13.0,1.0,2.8,3.0,1.2,0.4,17.0,11,-4.0,-14.0,-24.0,0.6923076923076923,1.8461538461538463,-1.153846153846154,-1.0769230769230769,0.7692307692307693,-1.8461538461538463,3
2025-12-08,20:30,Guimaraes,Gil Vicente,0.0,0.0,D,0.0,0.0,D,4.0,5.0,0.0,0.0,25-26,8,4,17,23,5,7,-3.0,10.0,12,12,26.0,34.0,1.0,3.0,8,6.0,13.0,1.4,1.2,30.0,1.6,0.4,22.0,4,-7.0,8.0,-13.0,1.4166666666666667,1.9166666666666667,-0.5,-0.25,0.8333333333333334,-1.0833333333333335,3
2025-12-07,20:30,Tondela,Porto,0.0,2.0,A,0.0,0.0,D,2.0,1.0,0.0,0.0,25-26,15,1,9,34,2,11,-13.0,22.0,12,12,33.0,32.0,2.0,1.0,15,19.0,3.0,0.6,1.8,18.0,1.2,0.4,43.0,14,16.0,-25.0,-35.0,0.75,2.8333333333333335,-2.0833333333333335,-1.0833333333333333,1.8333333333333333,-2.9166666666666665,3
2025-12-07,18:00,Estrela,Arouca,3.0,1.0,H,2.0,0.0,H,1.0,5.0,0.0,2.0,25-26,14,17,11,9,2,2,-5.0,-21.0,12,12,30.0,33.0,2.0,4.0,26,15.0,11.0,1.4,2.4,13.0,0.8,3.2,1.0,-3,4.0,12.0,16.0,0.9166666666666666,0.75,0.16666666666666663,-0.4166666666666667,-1.75,1.3333333333333333,3
2025-12-07,18:00,Alverca,Nacional,1.0,0.0,H,0.0,0.0,D,1.0,1.0,0.0,0.0,25-26,13,14,14,12,4,3,-5.0,-5.0,12,12,32.0,37.0,2.0,4.0,28,19.0,14.0,1.2,1.6,22.0,1.2,1.4,9.0,-1,5.0,13.0,0.0,1.1666666666666667,1.0,0.16666666666666674,-0.4166666666666667,-0.4166666666666667,0.0,3
2025-12-07,15:30,Estoril,Moreirense,3.0,3.0,D,1.0,1.0,D,2.0,3.0,0.0,0.0,25-26,12,7,13,19,3,6,1.0,1.0,12,12,36.0,36.0,0.0,2.0,17,8.0,10.0,2.2,1.4,24.0,1.6,1.8,14.0,5,-2.0,10.0,0.0,1.0833333333333333,1.5833333333333333,-0.5,0.08333333333333333,0.08333333333333333,0.0,3
2025-12-06,20:30,Famalicao,Sp Braga,1.0,2.0,A,1.0,1.0,D,1.0,3.0,0.0,0.0,25-26,5,6,20,19,5,5,6.0,12.0,12,12,41.0,23.0,1.0,0.0,21,7.0,4.0,1.2,0.8,21.0,2.4,0.8,34.0,-1,3.0,-13.0,-6.0,1.6666666666666667,1.5833333333333333,0.08333333333333348,0.5,1.0,-0.5,3
2025-12-06,18:00,AVS,Rio Ave,1.0,2.0,A,0.0,1.0,A,6.0,6.0,1.0,0.0,25-26,18,12,3,13,0,2,-21.0,-5.0,12,12,23.0,33.0,1.0,2.0,27,17.0,12.0,0.8,2.4,7.0,1.4,1.4,18.0,6,5.0,-11.0,-16.0,0.25,1.0833333333333333,-0.8333333333333333,-1.75,-0.4166666666666667,-1.3333333333333333,3
2025-12-06,15:30,Santa Clara,Casa Pia,1.0,0.0,H,1.0,0.0,H,5.0,4.0,0.0,0.0,25-26,12,15,12,9,3,2,-4.0,-13.0,12,12,37.0,38.0,3.0,1.0,19,5.0,9.0,1.0,1.2,11.0,1.4,3.0,5.0,-3,-4.0,6.0,9.0,1.0,0.75,0.25,-0.3333333333333333,-1.0833333333333333,0.75,3
2025-12-05,20:15,Benfica,Sp Lisbon,1.0,1.0,D,1.0,1.0,D,2.0,5.0,1.0,0.0,25-26,3,2,28,31,8,10,18.0,25.0,12,12,32.0,24.0,1.0,1.0,6,2.0,1.0,2.4,0.6,35.0,2.4,0.4,43.0,1,1.0,-8.0,-7.0,2.3333333333333335,2.5833333333333335,-0.25,1.5,2.0833333333333335,-0.5833333333333335,3
2025-12-01,20:15,Arouca,Sp Braga,0.0,4.0,A,0.0,3.0,A,4.0,0.0,1.0,0.0,25-26,17,8,9,16,2,4,-17.0,8.0,11,11,29.0,23.0,3.0,0.0,23,11.0,4.0,0.8,3.2,2.0,1.6,1.0,26.0,9,7.0,-24.0,-25.0,0.8181818181818182,1.4545454545454546,-0.6363636363636364,-1.5454545454545454,0.7272727272727273,-2.2727272727272725,3
2025-11-30,20:30,Porto,Estoril,1.0,0.0,H,1.0,0.0,H,1.0,3.0,0.0,0.0,25-26,2,10,31,13,10,3,21.0,2.0,11,11,31.0,33.0,1.0,0.0,7,3.0,8.0,1.8,0.4,41.0,2.2,1.4,32.0,-8,-5.0,9.0,19.0,2.8181818181818183,1.1818181818181819,1.6363636363636365,1.9090909090909092,0.18181818181818182,1.7272727272727273,3
2025-11-30,18:00,Sp Lisbon,Estrela,4.0,0.0,H,3.0,0.0,H,1.0,0.0,0.0,0.0,25-26,2,14,28,11,9,2,21.0,-1.0,11,11,23.0,30.0,1.0,2.0,9,1.0,15.0,1.8,0.4,41.0,2.0,1.6,20.0,-12,-14.0,21.0,22.0,2.5454545454545454,1.0,1.5454545454545454,1.9090909090909092,-0.09090909090909091,2.0,3
2025-11-30,15:30,Rio Ave,Santa Clara,1.0,1.0,D,1.0,1.0,D,2.0,3.0,0.0,0.0,25-26,12,14,12,11,2,3,-5.0,-4.0,11,11,31.0,34.0,2.0,3.0,4,12.0,5.0,1.2,1.2,21.0,1.0,1.4,9.0,-2,7.0,12.0,-1.0,1.0909090909090908,1.0,0.09090909090909083,-0.45454545454545453,-0.36363636363636365,-0.09090909090909088,3
2025-11-29,20:30,Gil Vicente,Tondela,0.0,1.0,A,0.0,1.0,A,2.0,0.0,0.0,0.0,25-26,4,17,23,6,7,1,11.0,-14.0,11,11,32.0,33.0,3.0,2.0,20,13.0,19.0,1.8,0.6,32.0,0.8,2.0,7.0,-13,-6.0,25.0,25.0,2.090909090909091,0.5454545454545454,1.5454545454545454,1.0,-1.2727272727272727,2.2727272727272725,3
2025-11-29,18:00,Nacional,Benfica,1.0,2.0,A,0.0,0.0,D,4.0,2.0,0.0,0.0,25-26,11,3,12,25,3,7,-4.0,17.0,11,11,33.0,30.0,4.0,1.0,18,14.0,2.0,1.2,1.0,17.0,2.4,0.6,31.0,8,12.0,-14.0,-21.0,1.0909090909090908,2.272727272727273,-1.181818181818182,-0.36363636363636365,1.5454545454545454,-1.9090909090909092,3
2025-11-29,15:30,Moreirense,Famalicao,2.0,2.0,D,0.0,1.0,A,4.0,5.0,1.0,0.0,25-26,6,5,18,19,6,5,1.0,6.0,11,11,32.0,36.0,1.0,1.0,12,10.0,7.0,1.6,1.6,15.0,0.8,0.4,24.0,1,3.0,-9.0,-5.0,1.6363636363636365,1.7272727272727273,-0.09090909090909083,0.09090909090909091,0.5454545454545454,-0.4545454545454545,3
2025-11-29,15:30,Casa Pia,Alverca,0.0,2.0,A,0.0,0.0,D,4.0,4.0,1.0,0.0,25-26,15,14,9,11,2,3,-11.0,-7.0,11,11,34.0,28.0,0.0,2.0,25,9.0,19.0,1.6,3.0,7.0,1.2,1.6,14.0,1,-10.0,-7.0,-4.0,0.8181818181818182,1.0,-0.18181818181818177,-1.0,-0.6363636363636364,-0.36363636363636365,3
2025-11-28,20:15,Guimaraes,AVS,4.0,0.0,H,3.0,0.0,H,0.0,1.0,0.0,0.0,25-26,8,18,14,3,4,0,-7.0,-17.0,11,11,26.0,22.0,1.0,1.0,8,6.0,17.0,0.6,1.6,21.0,0.8,2.2,9.0,-10,-11.0,12.0,10.0,1.2727272727272727,0.2727272727272727,1.0,-0.6363636363636364,-1.5454545454545454,0.9090909090909091,3
2025-11-09,20:30,Sp Braga,Moreirense,2.0,1.0,H,1.0,0.0,H,3.0,2.0,0.0,0.0,25-26,8,6,13,18,3,6,7.0,2.0,10,10,20.0,30.0,0.0,1.0,14,4.0,10.0,1.4,1.0,16.0,1.4,1.8,21.0,2,-6.0,-5.0,5.0,1.3,1.8,-0.5,0.7,0.2,0.49999999999999994,3
2025-11-09,20:30,Benfica,Casa Pia,2.0,2.0,D,1.0,0.0,H,3.0,2.0,0.0,0.0,25-26,3,16,24,8,7,2,17.0,-11.0,10,10,27.0,32.0,1.0,0.0,6,2.0,9.0,2.2,0.4,37.0,1.4,2.8,4.0,-13,-7.0,33.0,28.0,2.4,0.8,1.5999999999999999,1.7,-1.1,2.8,3
2025-11-09,18:00,Famalicao,Porto,0.0,1.0,A,0.0,1.0,A,5.0,2.0,0.0,0.0,25-26,5,2,19,28,5,9,7.0,20.0,10,10,31.0,29.0,1.0,1.0,21,7.0,3.0,1.0,0.4,33.0,2.2,0.4,39.0,3,4.0,-6.0,-13.0,1.9,2.8,-0.8999999999999999,0.7,2.0,-1.3,3
2025-11-09,15:30,Estrela,Nacional,1.0,1.0,D,0.0,1.0,A,3.0,4.0,0.0,0.0,25-26,14,11,10,11,2,3,-1.0,-4.0,10,10,27.0,29.0,2.0,4.0,26,15.0,14.0,1.8,1.4,22.0,1.2,1.2,19.0,3,1.0,3.0,3.0,1.0,1.1,-0.10000000000000009,-0.1,-0.4,0.30000000000000004,3
2025-11-09,15:30,AVS,Gil Vicente,1.0,1.0,D,0.0,1.0,A,1.0,5.0,0.0,0.0,25-26,18,4,2,22,0,7,-17.0,11.0,10,10,21.0,27.0,1.0,3.0,27,17.0,13.0,0.6,2.6,5.0,2.0,0.4,39.0,14,4.0,-34.0,-28.0,0.2,2.2,-2.0,-1.7,1.1,-2.8,3
2025-11-08,20:30,Santa Clara,Sp Lisbon,1.0,2.0,A,1.0,1.0,D,7.0,4.0,2.0,1.0,25-26,11,2,11,25,3,8,-3.0,20.0,10,10,27.0,19.0,1.0,0.0,19,5.0,1.0,1.2,1.2,15.0,2.0,0.2,39.0,9,4.0,-24.0,-23.0,1.1,2.5,-1.4,-0.3,2.0,-2.3,3
2025-11-08,18:00,Tondela,Guimaraes,0.0,1.0,A,0.0,0.0,D,3.0,2.0,0.0,0.0,25-26,17,13,6,11,1,3,-13.0,-8.0,10,10,30.0,24.0,2.0,1.0,15,19.0,6.0,0.8,1.8,12.0,0.6,1.8,10.0,4,13.0,2.0,-5.0,0.6,1.1,-0.5000000000000001,-1.3,-0.8,-0.5,3
2025-11-08,15:30,Alverca,Rio Ave,1.0,1.0,D,0.0,1.0,A,2.0,0.0,0.0,0.0,25-26,14,11,10,11,3,2,-7.0,-5.0,10,10,26.0,31.0,2.0,2.0,28,19.0,12.0,1.2,1.8,15.0,1.2,1.2,24.0,3,7.0,-9.0,-2.0,1.0,1.1,-0.10000000000000009,-0.7,-0.5,-0.19999999999999996,3
2025-11-07,20:15,Estoril,Arouca,4.0,3.0,H,2.0,2.0,D,1.0,1.0,0.0,0.0,25-26,12,15,10,9,2,2,1.0,-16.0,10,10,32.0,28.0,0.0,3.0,17,8.0,11.0,1.4,1.2,22.0,0.6,2.6,6.0,-3,-3.0,16.0,17.0,1.0,0.9,0.09999999999999998,0.1,-1.6,1.7000000000000002,3
2025-11-03,20:45,Gil Vicente,Santa Clara,1.0,0.0,H,1.0,0.0,H,2.0,3.0,0.0,0.0,25-26,4,8,19,11,6,3,10.0,-2.0,9,9,25.0,24.0,3.0,1.0,20,13.0,5.0,2.0,0.4,36.0,1.4,1.2,22.0,-4,8.0,14.0,12.0,2.111111111111111,1.2222222222222223,0.8888888888888888,1.1111111111111112,-0.2222222222222222,1.3333333333333335,3
2025-11-02,20:30,Porto,Sp Braga,2.0,1.0,H,1.0,0.0,H,3.0,3.0,0.0,0.0,25-26,2,7,25,13,8,3,19.0,8.0,9,9,26.0,17.0,1.0,0.0,7,3.0,4.0,2.0,0.2,37.0,1.2,0.8,21.0,-5,-1.0,16.0,11.0,2.7777777777777777,1.4444444444444444,1.3333333333333333,2.111111111111111,0.8888888888888888,1.2222222222222223,3
2025-11-02,18:00,Arouca,Moreirense,0.0,2.0,A,0.0,2.0,A,3.0,2.0,0.0,0.0,25-26,15,6,9,15,2,5,-14.0,0.0,9,9,25.0,28.0,3.0,1.0,23,11.0,10.0,0.6,2.6,10.0,1.6,2.0,12.0,9,1.0,-2.0,-14.0,1.0,1.6666666666666667,-0.6666666666666667,-1.5555555555555556,0.0,-1.5555555555555556,3
2025-11-02,15:30,AVS,Tondela,2.0,2.0,D,1.0,1.0,D,4.0,4.0,0.0,0.0,25-26,18,17,1,5,0,1,-17.0,-13.0,9,9,17.0,26.0,1.0,2.0,27,17.0,19.0,0.4,2.8,0.0,0.4,1.6,11.0,1,-2.0,-11.0,-4.0,0.1111111111111111,0.5555555555555556,-0.4444444444444445,-1.8888888888888888,-1.4444444444444444,-0.4444444444444444,3
2025-11-01,20:30,Guimaraes,Benfica,0.0,3.0,A,0.0,0.0,D,3.0,4.0,1.0,0.0,25-26,10,3,11,21,3,6,-5.0,14.0,9,9,21.0,23.0,0.0,1.0,8,6.0,2.0,1.0,1.2,17.0,2.2,0.4,33.0,7,4.0,-16.0,-19.0,1.2222222222222223,2.3333333333333335,-1.1111111111111112,-0.5555555555555556,1.5555555555555556,-2.111111111111111,3
2025-11-01,18:00,Rio Ave,Estoril,0.0,4.0,A,0.0,2.0,A,2.0,1.0,1.0,0.0,25-26,8,15,11,7,2,1,-1.0,-3.0,9,9,29.0,31.0,1.0,0.0,4,12.0,8.0,1.2,1.0,32.0,1.2,1.4,12.0,-7,4.0,20.0,2.0,1.2222222222222223,0.7777777777777778,0.44444444444444453,-0.1111111111111111,-0.3333333333333333,0.2222222222222222,3
2025-11-01,18:00,Casa Pia,Estrela,3.0,5.0,A,1.0,2.0,A,2.0,3.0,0.0,0.0,25-26,15,16,8,7,2,1,-9.0,-3.0,9,9,30.0,24.0,0.0,2.0,25,9.0,15.0,1.2,1.8,9.0,0.8,1.2,11.0,-1,-6.0,-2.0,-6.0,0.8888888888888888,0.7777777777777778,0.11111111111111105,-1.0,-0.3333333333333333,-0.6666666666666667,3
2025-11-01,15:30,Nacional,Famalicao,0.0,1.0,A,0.0,1.0,A,4.0,6.0,1.0,0.0,25-26,10,5,11,16,3,4,-3.0,6.0,9,9,25.0,25.0,3.0,1.0,18,14.0,7.0,1.2,1.2,26.0,1.0,0.8,24.0,5,7.0,2.0,-9.0,1.2222222222222223,1.7777777777777777,-0.5555555555555554,-0.3333333333333333,0.6666666666666666,-1.0,3
2025-10-31,20:15,Sp Lisbon,Alverca,2.0,0.0,H,0.0,0.0,D,1.0,1.0,0.0,0.0,25-26,2,12,22,10,7,3,18.0,-5.0,9,9,18.0,25.0,0.0,2.0,9,1.0,19.0,2.0,0.4,37.0,1.4,1.4,24.0,-10,-18.0,13.0,23.0,2.4444444444444446,1.1111111111111112,1.3333333333333335,2.0,-0.5555555555555556,2.5555555555555554,3
2025-10-27,20:15,Moreirense,Porto,1.0,2.0,A,1.0,1.0,D,3.0,1.0,0.0,0.0,25-26,6,2,15,22,5,7,1.0,18.0,8,8,25.0,25.0,1.0,1.0,12,10.0,3.0,1.4,2.0,18.0,2.0,0.2,35.0,4,7.0,-17.0,-17.0,1.875,2.75,-0.875,0.125,2.25,-2.125,3
2025-10-26,20:30,Sp Braga,Casa Pia,4.0,0.0,H,2.0,0.0,H,1.0,3.0,0.0,0.0,25-26,11,14,10,8,2,2,4.0,-5.0,8,8,16.0,27.0,0.0,0.0,14,4.0,9.0,0.8,1.2,9.0,1.2,1.4,14.0,-3,-5.0,-5.0,9.0,1.25,1.0,0.25,0.5,-0.625,1.125,3
2025-10-26,18:00,Tondela,Sp Lisbon,0.0,3.0,A,0.0,1.0,A,3.0,1.0,0.0,0.0,25-26,17,3,5,19,1,6,-10.0,15.0,8,8,23.0,17.0,2.0,0.0,15,19.0,1.0,0.8,1.4,16.0,1.6,0.8,32.0,14,18.0,-16.0,-25.0,0.625,2.375,-1.75,-1.25,1.875,-3.125,3
2025-10-26,15:30,Famalicao,Guimaraes,2.0,0.0,H,1.0,0.0,H,1.0,2.0,0.0,0.0,25-26,6,10,13,11,3,3,4.0,-3.0,8,8,24.0,19.0,1.0,0.0,21,7.0,6.0,0.8,0.8,15.0,1.2,1.0,25.0,-4,1.0,-10.0,7.0,1.625,1.375,0.25,0.5,-0.375,0.875,3
2025-10-26,15:30,Estoril,Nacional,1.0,1.0,D,0.0,1.0,A,3.0,3.0,0.0,0.0,25-26,16,11,6,10,1,3,-3.0,-3.0,8,8,28.0,22.0,0.0,3.0,17,8.0,14.0,1.0,1.4,11.0,1.4,1.0,30.0,5,-6.0,-19.0,0.0,0.75,1.25,-0.5,-0.375,-0.375,0.0,3
2025-10-25,20:30,Estrela,Rio Ave,1.0,2.0,A,1.0,0.0,H,3.0,6.0,0.0,0.0,25-26,15,13,7,8,1,1,-2.0,-2.0,8,8,21.0,23.0,2.0,1.0,26,15.0,12.0,0.6,0.8,16.0,1.0,1.4,22.0,2,3.0,-6.0,0.0,0.875,1.0,-0.125,-0.25,-0.25,0.0,3
2025-10-25,20:30,Benfica,Arouca,5.0,0.0,H,3.0,0.0,H,2.0,2.0,0.0,0.0,25-26,4,13,18,9,5,2,9.0,-9.0,8,8,21.0,23.0,1.0,3.0,6,2.0,11.0,1.4,0.6,27.0,0.8,1.8,15.0,-9,-9.0,12.0,18.0,2.25,1.125,1.125,1.125,-1.125,2.25,3
2025-10-25,18:00,Santa Clara,AVS,2.0,0.0,H,0.0,0.0,D,1.0,1.0,0.0,0.0,25-26,13,18,8,1,2,0,-4.0,-15.0,8,8,23.0,16.0,1.0,1.0,19,5.0,17.0,1.2,1.2,14.0,0.4,2.6,0.0,-5,-12.0,14.0,11.0,1.0,0.125,0.875,-0.5,-1.875,1.375,3
2025-10-24,20:15,Alverca,Gil Vicente,0.0,4.0,A,0.0,2.0,A,3.0,4.0,0.0,1.0,25-26,9,4,10,16,3,5,-1.0,6.0,8,8,22.0,21.0,2.0,2.0,28,19.0,13.0,1.6,1.0,33.0,1.6,0.4,33.0,5,6.0,0.0,-7.0,1.25,2.0,-0.75,-0.125,0.75,-0.875,3
2025-10-05,21:15,Porto,Benfica,0.0,0.0,D,0.0,0.0,D,6.0,2.0,0.0,0.0,25-26,1,3,21,17,7,5,18.0,9.0,7,7,19.0,19.0,1.0,1.0,7,3.0,2.0,2.8,0.2,45.0,1.8,0.8,33.0,-2,1.0,12.0,9.0,3.0,2.4285714285714284,0.5714285714285716,2.5714285714285716,1.2857142857142858,1.2857142857142858,3
2025-10-05,19:15,Sp Lisbon,Sp Braga,1.0,1.0,D,1.0,0.0,H,4.0,5.0,0.0,0.0,25-26,2,10,18,9,6,2,15.0,4.0,7,7,13.0,11.0,0.0,0.0,9,1.0,4.0,2.2,0.8,39.0,1.0,1.4,7.0,-8,-3.0,32.0,11.0,2.5714285714285716,1.2857142857142858,1.2857142857142858,2.142857142857143,0.5714285714285714,1.5714285714285714,3
2025-10-05,17:30,Rio Ave,Tondela,3.0,0.0,H,2.0,0.0,H,7.0,4.0,1.0,1.0,25-26,16,17,5,5,0,1,-5.0,-7.0,7,7,16.0,19.0,0.0,1.0,4,12.0,19.0,0.8,1.8,10.0,0.8,1.4,21.0,-1,-7.0,-11.0,2.0,0.7142857142857143,0.7142857142857143,0.0,-0.7142857142857143,-1.0,0.2857142857142857,3
2025-10-05,15:30,Arouca,Famalicao,1.0,1.0,D,0.0,0.0,D,5.0,1.0,1.0,0.0,25-26,13,6,8,12,2,3,-9.0,4.0,7,7,18.0,23.0,2.0,1.0,23,11.0,7.0,1.2,2.2,15.0,0.6,0.6,16.0,7,4.0,-1.0,-13.0,1.1428571428571428,1.7142857142857142,-0.5714285714285714,-1.2857142857142858,0.5714285714285714,-1.8571428571428572,3
2025-10-04,20:30,Guimaraes,Santa Clara,2.0,1.0,H,0.0,1.0,A,4.0,5.0,0.0,0.0,25-26,11,10,8,8,2,2,-4.0,-3.0,7,7,15.0,18.0,0.0,1.0,8,6.0,5.0,0.8,1.2,15.0,1.0,0.8,22.0,1,1.0,-7.0,-1.0,1.1428571428571428,1.1428571428571428,0.0,-0.5714285714285714,-0.42857142857142855,-0.14285714285714285,3
2025-10-04,18:00,AVS,Alverca,1.0,3.0,A,1.0,1.0,D,3.0,2.0,0.0,0.0,25-26,18,14,1,7,0,2,-13.0,-3.0,7,7,13.0,20.0,1.0,2.0,27,17.0,19.0,0.6,2.4,1.0,1.4,1.2,25.0,4,-2.0,-24.0,-10.0,0.14285714285714285,1.0,-0.8571428571428572,-1.8571428571428572,-0.42857142857142855,-1.4285714285714286,3
2025-10-04,15:30,Nacional,Moreirense,3.0,2.0,H,1.0,1.0,D,1.0,3.0,0.0,1.0,25-26,14,5,7,15,2,5,-4.0,2.0,7,7,21.0,22.0,3.0,0.0,18,14.0,10.0,1.0,1.4,21.0,1.4,1.4,27.0,9,4.0,-6.0,-6.0,1.0,2.142857142857143,-1.1428571428571428,-0.5714285714285714,0.2857142857142857,-0.8571428571428571,3
2025-10-04,15:30,Gil Vicente,Estrela,2.0,0.0,H,2.0,0.0,H,2.0,3.0,1.0,0.0,25-26,5,12,13,7,4,1,4.0,0.0,7,7,19.0,18.0,1.0,2.0,20,13.0,15.0,1.2,0.4,28.0,1.0,0.8,22.0,-7,-2.0,6.0,4.0,1.8571428571428572,1.0,0.8571428571428572,0.5714285714285714,0.0,0.5714285714285714,3
2025-10-03,20:15,Casa Pia,Estoril,2.0,2.0,D,2.0,1.0,H,3.0,3.0,0.0,0.0,25-26,14,15,7,5,2,1,-5.0,-3.0,7,7,24.0,25.0,0.0,0.0,25,9.0,8.0,0.8,1.8,13.0,1.0,1.4,10.0,-1,1.0,3.0,-2.0,1.0,0.7142857142857143,0.2857142857142857,-0.7142857142857143,-0.42857142857142855,-0.28571428571428575,3
2025-09-29,20:00,Arouca,Porto,0.0,4.0,A,0.0,1.0,A,5.0,3.0,0.0,1.0,25-26,10,2,8,18,2,6,-5.0,14.0,6,6,13.0,16.0,2.0,0.0,23,11.0,3.0,1.2,2.6,20.0,2.4,0.2,45.0,8,8.0,-25.0,-19.0,1.3333333333333333,3.0,-1.6666666666666667,-0.8333333333333334,2.3333333333333335,-3.166666666666667,3
2025-09-28,20:30,Famalicao,Rio Ave,0.0,0.0,D,0.0,0.0,D,4.0,5.0,0.0,0.0,25-26,6,17,11,4,3,0,4.0,-5.0,6,6,19.0,11.0,1.0,0.0,21,7.0,12.0,0.8,0.6,19.0,1.4,2.4,8.0,-11,-5.0,11.0,9.0,1.8333333333333333,0.6666666666666666,1.1666666666666665,0.6666666666666666,-0.8333333333333334,1.5,3
2025-09-28,18:00,Sp Braga,Nacional,0.0,1.0,A,0.0,1.0,A,0.0,2.0,0.0,0.0,25-26,7,16,9,4,2,1,5.0,-5.0,6,6,11.0,19.0,0.0,3.0,14,4.0,14.0,1.6,1.2,13.0,1.0,1.6,10.0,-9,-10.0,3.0,10.0,1.5,0.6666666666666666,0.8333333333333334,0.8333333333333334,-0.8333333333333334,1.6666666666666667,3
2025-09-28,15:30,Alverca,Guimaraes,2.0,0.0,H,1.0,0.0,H,3.0,0.0,1.0,0.0,25-26,15,8,4,8,1,2,-5.0,-2.0,6,6,17.0,15.0,1.0,0.0,28,19.0,6.0,1.0,1.8,14.0,1.4,1.2,23.0,7,13.0,-9.0,-3.0,0.6666666666666666,1.3333333333333333,-0.6666666666666666,-0.8333333333333334,-0.3333333333333333,-0.5,3
2025-09-27,20:30,Estoril,Sp Lisbon,0.0,1.0,A,0.0,1.0,A,4.0,2.0,0.0,0.0,25-26,13,3,5,15,1,5,-2.0,14.0,6,6,21.0,11.0,0.0,0.0,17,8.0,1.0,1.4,1.8,14.0,3.2,0.8,36.0,10,7.0,-22.0,-16.0,0.8333333333333334,2.5,-1.6666666666666665,-0.3333333333333333,2.3333333333333335,-2.666666666666667,3
2025-09-27,18:00,Estrela,AVS,3.0,0.0,H,3.0,0.0,H,3.0,2.0,1.0,1.0,25-26,14,18,4,1,0,0,-3.0,-10.0,6,6,15.0,11.0,1.0,0.0,26,15.0,17.0,0.4,1.0,10.0,0.6,2.2,2.0,-4,-2.0,8.0,7.0,0.6666666666666666,0.16666666666666666,0.5,-0.5,-1.6666666666666667,1.1666666666666667,3
2025-09-27,16:30,Santa Clara,Tondela,1.0,2.0,A,0.0,0.0,D,2.0,7.0,0.0,0.0,25-26,9,17,8,2,2,0,-2.0,-8.0,6,6,16.0,12.0,1.0,1.0,19,5.0,19.0,0.8,0.6,30.0,0.4,1.4,8.0,-8,-14.0,22.0,6.0,1.3333333333333333,0.3333333333333333,1.0,-0.3333333333333333,-1.3333333333333333,1.0,3
2025-09-27,15:30,Moreirense,Casa Pia,2.0,1.0,H,1.0,1.0,D,5.0,4.0,0.0,0.0,25-26,5,11,12,7,4,2,1.0,-4.0,6,6,17.0,20.0,0.0,0.0,12,10.0,9.0,1.2,1.2,21.0,1.0,1.4,20.0,-6,1.0,1.0,5.0,2.0,1.1666666666666667,0.8333333333333333,0.16666666666666666,-0.6666666666666666,0.8333333333333333,3
2025-09-26,20:15,Benfica,Gil Vicente,2.0,1.0,H,2.0,1.0,H,3.0,4.0,0.0,1.0,25-26,3,4,14,13,4,4,8.0,5.0,6,6,16.0,15.0,1.0,0.0,6,2.0,13.0,2.0,0.6,29.0,1.0,0.4,38.0,-1,-11.0,-9.0,3.0,2.3333333333333335,2.1666666666666665,0.16666666666666696,1.3333333333333333,0.8333333333333334,0.4999999999999999,3
2025-09-23,20:15,Benfica,Rio Ave,1.0,1.0,D,0.0,0.0,D,3.0,2.0,0.0,0.0,25-26,3,16,13,3,4,0,8.0,-5.0,5,5,13.0,9.0,1.0,0.0,6,2.0,12.0,2.0,0.4,37.0,1.4,2.4,6.0,-13,-10.0,31.0,13.0,2.6,0.6,2.0,1.6,-1.0,2.6,3
2025-09-22,20:15,Sp Lisbon,Moreirense,3.0,0.0,H,0.0,0.0,D,1.0,1.0,0.0,0.0,25-26,4,5,12,12,4,4,11.0,4.0,5,5,10.0,16.0,0.0,0.0,9,1.0,10.0,3.0,0.8,33.0,1.6,0.8,33.0,-1,-9.0,0.0,7.0,2.4,2.4,0.0,2.2,0.8,1.4000000000000001,2
2025-09-21,20:30,Casa Pia,Famalicao,1.0,1.0,D,0.0,0.0,D,1.0,2.0,0.0,0.0,25-26,11,6,6,10,2,3,-4.0,4.0,5,5,19.0,17.0,0.0,1.0,25,9.0,7.0,0.8,1.6,21.0,1.2,0.4,24.0,5,2.0,-3.0,-8.0,1.2,2.0,-0.8,-0.8,0.8,-1.6,2
2025-09-21,18:00,Gil Vicente,Estoril,2.0,0.0,H,1.0,0.0,H,2.0,2.0,0.0,0.0,25-26,6,12,10,5,3,1,3.0,0.0,5,5,13.0,19.0,0.0,0.0,20,13.0,8.0,1.0,0.4,33.0,1.6,1.6,19.0,-6,5.0,14.0,3.0,2.0,1.0,1.0,0.6,0.0,0.6,2
2025-09-21,15:30,Tondela,Estrela,0.0,0.0,D,0.0,0.0,D,4.0,3.0,1.0,0.0,25-26,17,15,1,3,0,0,-8.0,-3.0,5,5,8.0,12.0,0.0,1.0,15,19.0,15.0,0.4,2.0,4.0,0.6,1.2,8.0,2,4.0,-4.0,-5.0,0.2,0.6,-0.39999999999999997,-1.6,-0.6,-1.0,2
2025-09-20,20:30,Guimaraes,Sp Braga,1.0,1.0,D,1.0,1.0,D,2.0,3.0,0.0,0.0,25-26,10,7,7,8,2,2,-2.0,5.0,5,5,13.0,8.0,0.0,0.0,8,6.0,4.0,1.2,1.6,25.0,2.0,1.0,16.0,3,2.0,9.0,-7.0,1.4,1.6,-0.20000000000000018,-0.4,1.0,-1.4,2
2025-09-20,18:00,AVS,Benfica,0.0,3.0,A,0.0,1.0,A,1.0,1.0,0.0,0.0,25-26,17,4,1,10,0,3,-7.0,5.0,5,4,10.0,12.0,0.0,1.0,27,17.0,2.0,0.8,2.2,3.0,1.75,0.5,32.0,13,15.0,-29.0,-12.0,0.2,2.5,-2.3,-1.4,1.25,-2.65,2
2025-09-20,15:30,Santa Clara,Alverca,2.0,1.0,H,1.0,1.0,D,6.0,4.0,0.0,0.0,25-26,12,13,5,4,1,1,-3.0,-4.0,5,5,10.0,13.0,1.0,1.0,19,5.0,19.0,0.4,1.0,20.0,1.0,1.8,18.0,-1,-14.0,2.0,1.0,1.0,0.8,0.19999999999999996,-0.6,-0.8,0.20000000000000007,2
2025-09-20,15:30,Nacional,Arouca,1.0,2.0,A,0.0,0.0,D,2.0,2.0,1.0,1.0,25-26,14,12,4,5,1,1,-4.0,-6.0,5,5,17.0,11.0,2.0,1.0,18,14.0,11.0,0.8,1.6,14.0,1.4,2.6,10.0,2,3.0,4.0,2.0,0.8,1.0,-0.19999999999999996,-0.8,-1.2,0.3999999999999999,2
2025-09-19,20:15,Rio Ave,Porto,0.0,3.0,A,0.0,2.0,A,2.0,1.0,0.0,0.0,25-26,15,1,3,15,0,5,-2.0,11.0,4,5,7.0,15.0,0.0,0.0,4,12.0,3.0,1.75,2.25,9.0,2.4,0.2,45.0,14,9.0,-36.0,-13.0,0.75,3.0,-2.25,-0.5,2.2,-2.7,2
2025-09-14,20:30,Sp Braga,Gil Vicente,0.0,1.0,A,0.0,1.0,A,2.0,3.0,0.0,0.0,25-26,6,7,8,7,2,2,6.0,2.0,4,4,6.0,10.0,0.0,0.0,14,4.0,13.0,2.5,1.0,24.0,1.0,0.5,25.0,-1,-9.0,-1.0,4.0,2.0,1.75,0.25,1.5,0.5,1.0,2
2025-09-14,18:00,Arouca,Casa Pia,0.0,2.0,A,0.0,1.0,A,2.0,7.0,0.0,0.0,25-26,11,16,5,3,1,1,-4.0,-6.0,4,4,9.0,12.0,1.0,0.0,23,11.0,9.0,1.75,2.75,15.0,0.5,2.0,9.0,-5,2.0,6.0,2.0,1.25,0.75,0.5,-1.0,-1.5,0.5,2
2025-09-14,15:30,Estrela,Guimaraes,0.0,2.0,A,0.0,1.0,A,2.0,0.0,0.0,0.0,25-26,14,13,3,4,0,1,-1.0,-4.0,4,4,10.0,13.0,1.0,0.0,26,15.0,6.0,0.75,1.0,11.0,1.0,2.0,14.0,1,9.0,-3.0,3.0,0.75,1.0,-0.25,-0.25,-1.0,0.75,2
2025-09-13,20:30,Famalicao,Sp Lisbon,1.0,2.0,A,1.0,1.0,D,4.0,3.0,0.0,0.0,25-26,4,5,10,9,3,3,5.0,10.0,4,4,13.0,7.0,1.0,0.0,21,7.0,1.0,1.25,0.0,34.0,3.25,0.75,27.0,-1,6.0,7.0,-5.0,2.5,2.25,0.25,1.25,2.5,-1.25,2
2025-09-13,18:00,Porto,Nacional,1.0,0.0,H,1.0,0.0,H,2.0,4.0,0.0,0.0,25-26,1,11,12,4,4,1,10.0,-3.0,4,4,13.0,13.0,0.0,2.0,7,3.0,14.0,2.75,0.25,42.0,1.0,1.75,18.0,-10,-11.0,24.0,13.0,3.0,1.0,2.0,2.5,-0.75,3.25,2
2025-09-13,15:30,Moreirense,Rio Ave,3.0,1.0,H,0.0,0.0,D,1.0,0.0,0.0,0.0,25-26,5,14,9,3,3,0,2.0,0.0,4,3,15.0,7.0,0.0,0.0,12,10.0,12.0,1.25,0.75,27.0,2.0,2.0,12.0,-9,-2.0,15.0,2.0,2.25,1.0,1.25,0.5,0.0,0.5,2
2025-09-13,15:30,Estoril,AVS,3.0,1.0,H,2.0,0.0,H,5.0,2.0,0.0,0.0,25-26,16,17,2,1,0,0,-2.0,-5.0,4,4,14.0,8.0,0.0,0.0,17,8.0,17.0,1.25,1.75,6.0,0.75,2.0,4.0,-1,-9.0,2.0,3.0,0.5,0.25,0.25,-0.5,-1.25,0.75,2
2025-09-12,20:15,Benfica,Santa Clara,1.0,1.0,D,0.0,0.0,D,1.0,1.0,0.0,1.0,25-26,4,10,9,4,3,1,5.0,-3.0,3,4,11.0,9.0,1.0,0.0,6,2.0,5.0,2.0,0.3333333333333333,36.0,0.25,1.0,19.0,-6,-3.0,17.0,8.0,3.0,1.0,2.0,1.6666666666666667,-0.75,2.416666666666667,2
2025-09-12,20:15,Alverca,Tondela,1.0,0.0,H,1.0,0.0,H,1.0,2.0,0.0,0.0,25-26,16,18,1,1,0,0,-5.0,-7.0,4,4,12.0,6.0,1.0,0.0,28,19.0,19.0,1.0,2.25,4.0,0.5,2.25,5.0,-2,0.0,-1.0,2.0,0.25,0.25,0.0,-1.25,-1.75,0.5,2
2025-09-06,20:30,Estoril,Santa Clara,0.0,1.0,A,0.0,0.0,D,4.0,1.0,0.0,0.0,25-26,14,15,2,1,0,0,-1.0,-4.0,3,3,10.0,8.0,0.0,0.0,17,8.0,5.0,1.6666666666666667,2.0,8.0,0.0,1.3333333333333333,5.0,-1,3.0,3.0,3.0,0.6666666666666666,0.3333333333333333,0.3333333333333333,-0.3333333333333333,-1.3333333333333333,1.0,2
2025-08-31,20:30,Santa Clara,Estrela,0.0,0.0,D,0.0,0.0,D,2.0,2.0,0.0,0.0,25-26,18,14,0,2,0,0,-4.0,-1.0,2,3,6.0,8.0,0.0,1.0,19,5.0,15.0,0.0,2.0,0.0,1.0,1.3333333333333333,8.0,4,-10.0,-8.0,-3.0,0.0,0.6666666666666666,-0.6666666666666666,-2.0,-0.3333333333333333,-1.6666666666666667,2
2025-08-31,20:30,Rio Ave,Sp Braga,2.0,2.0,D,2.0,1.0,H,3.0,2.0,0.0,0.0,25-26,12,6,2,7,0,2,0.0,6.0,2,3,4.0,4.0,0.0,0.0,4,12.0,4.0,2.0,2.0,9.0,2.6666666666666665,0.6666666666666666,26.0,6,8.0,-17.0,-6.0,1.0,2.3333333333333335,-1.3333333333333335,0.0,2.0,-2.0,2
2025-08-31,18:00,Alverca,Benfica,1.0,2.0,A,0.0,2.0,A,4.0,6.0,0.0,1.0,25-26,15,7,1,6,0,2,-4.0,4.0,3,2,8.0,5.0,1.0,0.0,28,19.0,2.0,1.0,2.3333333333333335,5.0,2.0,0.0,27.0,8,17.0,-22.0,-8.0,0.3333333333333333,3.0,-2.6666666666666665,-1.3333333333333333,2.0,-3.333333333333333,2
2025-08-31,15:30,Tondela,Estoril,2.0,2.0,D,0.0,1.0,A,1.0,3.0,0.0,0.0,25-26,18,14,0,1,0,0,-7.0,-1.0,3,2,5.0,7.0,0.0,0.0,15,19.0,8.0,0.0,2.3333333333333335,0.0,1.5,2.0,4.0,4,11.0,-4.0,-6.0,0.0,0.5,-0.5,-2.3333333333333335,-0.5,-1.8333333333333335,2
2025-08-30,20:30,Sp Lisbon,Porto,1.0,2.0,A,0.0,0.0,D,3.0,5.0,0.0,0.0,25-26,2,3,9,9,3,3,11.0,9.0,3,3,4.0,8.0,0.0,0.0,9,1.0,3.0,4.0,0.3333333333333333,36.0,3.0,0.0,36.0,-1,-2.0,0.0,2.0,3.0,3.0,0.0,3.6666666666666665,3.0,0.6666666666666665,2
2025-08-30,18:00,Guimaraes,Arouca,1.0,1.0,D,1.0,1.0,D,4.0,4.0,0.0,0.0,25-26,10,9,3,4,1,1,-4.0,-4.0,3,3,9.0,5.0,0.0,1.0,8,6.0,11.0,1.0,2.3333333333333335,12.0,2.0,3.3333333333333335,14.0,1,-5.0,-2.0,0.0,1.0,1.3333333333333333,-0.33333333333333326,-1.3333333333333333,-1.3333333333333333,0.0,2
2025-08-30,18:00,AVS,Famalicao,0.0,1.0,A,0.0,0.0,D,1.0,5.0,0.0,1.0,25-26,15,5,1,7,0,2,-4.0,4.0,3,3,7.0,8.0,0.0,0.0,27,17.0,7.0,1.0,2.3333333333333335,5.0,1.3333333333333333,0.0,26.0,10,10.0,-21.0,-8.0,0.3333333333333333,2.3333333333333335,-2.0,-1.3333333333333333,1.3333333333333333,-2.6666666666666665,2
2025-08-30,15:30,Casa Pia,Nacional,0.0,2.0,A,0.0,2.0,A,2.0,3.0,0.0,0.0,25-26,10,16,3,1,1,0,-4.0,-5.0,3,3,10.0,10.0,0.0,2.0,25,9.0,14.0,0.6666666666666666,2.0,12.0,0.6666666666666666,2.3333333333333335,4.0,-6,-5.0,8.0,1.0,1.0,0.3333333333333333,0.6666666666666667,-1.3333333333333333,-1.6666666666666667,0.3333333333333335,2
2025-08-29,20:15,Gil Vicente,Moreirense,2.0,0.0,H,0.0,0.0,D,1.0,2.0,0.0,0.0,25-26,7,3,4,9,1,3,0.0,4.0,3,3,9.0,13.0,0.0,0.0,20,13.0,10.0,0.6666666666666666,0.6666666666666666,14.0,1.6666666666666667,0.3333333333333333,36.0,4,3.0,-22.0,-4.0,1.3333333333333333,3.0,-1.6666666666666667,0.0,1.3333333333333333,-1.3333333333333333,2
2025-08-25,20:15,Estrela,Alverca,2.0,2.0,D,1.0,2.0,A,4.0,5.0,1.0,1.0,25-26,13,16,1,0,0,0,-1.0,-4.0,2,2,4.0,3.0,0.0,0.0,26,15.0,19.0,0.5,1.0,4.0,0.5,2.5,0.0,-3,-4.0,4.0,3.0,0.5,0.0,0.5,-0.5,-2.0,1.5,2
2025-08-24,20:30,Sp Braga,AVS,2.0,2.0,D,1.0,2.0,A,2.0,3.0,0.0,0.0,25-26,5,15,6,0,2,0,6.0,-4.0,2,2,2.0,4.0,0.0,0.0,14,4.0,17.0,3.0,0.0,27.0,0.5,2.5,0.0,-10,-13.0,27.0,10.0,3.0,0.0,3.0,3.0,-2.0,5.0,2
2025-08-24,18:00,Porto,Casa Pia,4.0,0.0,H,3.0,0.0,H,3.0,1.0,0.0,0.0,25-26,5,9,6,3,2,1,5.0,0.0,2,2,5.0,9.0,0.0,0.0,7,3.0,9.0,2.5,0.0,27.0,1.0,1.0,15.0,-4,-6.0,12.0,5.0,3.0,1.5,1.5,2.5,0.0,2.5,2
2025-08-24,15:30,Famalicao,Gil Vicente,0.0,0.0,D,0.0,0.0,D,3.0,1.0,0.0,0.0,25-26,5,9,6,3,2,1,4.0,0.0,2,2,5.0,8.0,0.0,0.0,21,7.0,13.0,2.0,0.0,27.0,1.0,1.0,12.0,-4,-6.0,15.0,4.0,3.0,1.5,1.5,2.0,0.0,2.0,2
2025-08-23,20:30,Benfica,Tondela,3.0,0.0,H,2.0,0.0,H,2.0,2.0,0.0,0.0,25-26,7,17,3,0,1,0,1.0,-4.0,1,2,3.0,3.0,0.0,0.0,6,2.0,19.0,1.0,0.0,15.0,0.0,2.0,0.0,-10,-17.0,15.0,5.0,3.0,0.0,3.0,1.0,-2.0,3.0,2
2025-08-23,20:30,Arouca,Rio Ave,3.0,3.0,D,1.0,0.0,H,3.0,2.0,0.0,0.0,25-26,9,11,3,1,1,0,-4.0,0.0,2,1,2.0,2.0,1.0,0.0,23,11.0,12.0,1.5,3.5,12.0,1.0,1.0,5.0,-2,-1.0,7.0,-4.0,1.5,1.0,0.5,-2.0,0.0,-2.0,2
2025-08-23,18:00,Nacional,Sp Lisbon,1.0,4.0,A,1.0,0.0,H,3.0,2.0,1.0,0.0,25-26,14,2,1,6,0,2,-2.0,8.0,2,2,7.0,2.0,1.0,0.0,18,14.0,1.0,0.5,1.5,5.0,4.0,0.0,27.0,12,13.0,-22.0,-10.0,0.5,3.0,-2.5,-1.0,4.0,-5.0,2
2025-08-23,16:00,Moreirense,Guimaraes,2.0,0.0,H,0.0,0.0,D,5.0,2.0,0.0,0.0,25-26,5,9,6,3,2,1,2.0,-2.0,2,2,8.0,7.0,0.0,0.0,12,10.0,6.0,1.5,0.5,27.0,1.5,2.5,15.0,-4,4.0,12.0,4.0,3.0,1.5,1.5,1.0,-1.0,2.0,2
2025-08-18,20:15,Gil Vicente,Porto,0.0,2.0,A,0.0,1.0,A,2.0,4.0,0.0,0.0,25-26,6,5,3,3,1,1,2.0,3.0,1,1,6.0,1.0,0.0,0.0,20,13.0,3.0,2.0,0.0,15.0,3.0,0.0,15.0,1,10.0,0.0,-1.0,3.0,3.0,0.0,2.0,3.0,-1.0,2
2025-08-17,20:30,Sp Lisbon,Arouca,6.0,0.0,H,3.0,0.0,H,1.0,0.0,0.0,1.0,25-26,6,5,3,3,1,1,2.0,2.0,1,1,1.0,2.0,0.0,0.0,9,1.0,11.0,2.0,0.0,15.0,3.0,1.0,15.0,1,-10.0,0.0,0.0,3.0,3.0,0.0,2.0,2.0,0.0,2
2025-08-17,18:00,Santa Clara,Moreirense,0.0,1.0,A,0.0,1.0,A,4.0,5.0,0.0,0.0,25-26,15,7,0,3,0,1,-3.0,1.0,1,1,2.0,3.0,0.0,0.0,19,5.0,10.0,0.0,3.0,0.0,2.0,1.0,15.0,8,-5.0,-15.0,-4.0,0.0,3.0,-3.0,-3.0,1.0,-4.0,2
2025-08-17,18:00,Alverca,Sp Braga,0.0,3.0,A,0.0,3.0,A,2.0,1.0,0.0,0.0,25-26,15,2,0,3,0,1,-1.0,3.0,1,1,1.0,1.0,0.0,0.0,28,19.0,4.0,1.0,2.0,0.0,3.0,0.0,15.0,13,15.0,-15.0,-4.0,0.0,3.0,-3.0,-1.0,3.0,-4.0,2
2025-08-17,15:30,Rio Ave,Nacional,1.0,1.0,D,1.0,0.0,H,2.0,4.0,0.0,1.0,25-26,13,15,0,0,0,0,0.0,-2.0,0,1,0.0,3.0,0.0,0.0,4,12.0,14.0,0.0,0.0,0.0,0.0,2.0,0.0,-2,-2.0,0.0,2.0,0.0,0.0,0.0,0.0,-2.0,2.0,2
2025-08-16,20:30,Estrela,Benfica,0.0,1.0,A,0.0,0.0,D,3.0,3.0,0.0,0.0,25-26,10,13,1,0,0,0,0.0,0.0,1,0,1.0,0.0,0.0,0.0,26,15.0,2.0,1.0,1.0,5.0,0.0,0.0,0.0,-3,13.0,5.0,0.0,1.0,0.0,1.0,0.0,0.0,0.0,2
2025-08-16,18:00,Guimaraes,Estoril,3.0,2.0,H,1.0,1.0,D,4.0,3.0,0.0,0.0,25-26,15,9,0,1,0,0,-3.0,0.0,1,1,3.0,4.0,0.0,0.0,8,6.0,8.0,0.0,3.0,0.0,1.0,1.0,5.0,6,-2.0,-5.0,-3.0,0.0,1.0,-1.0,-3.0,0.0,-3.0,2
2025-08-16,15:30,Tondela,Famalicao,0.0,1.0,A,0.0,0.0,D,0.0,1.0,0.0,0.0,25-26,15,1,0,3,0,1,-3.0,3.0,1,1,3.0,4.0,0.0,0.0,15,19.0,7.0,0.0,3.0,0.0,3.0,0.0,15.0,14,12.0,-15.0,-6.0,0.0,3.0,-3.0,-3.0,3.0,-6.0,2
2025-08-15,15:30,AVS,Casa Pia,0.0,2.0,A,0.0,1.0,A,4.0,5.0,0.0,0.0,25-26,13,14,0,0,0,0,-2.0,-2.0,1,1,0.0,4.0,0.0,0.0,27,17.0,9.0,1.0,3.0,0.0,0.0,2.0,0.0,-1,8.0,0.0,0.0,0.0,0.0,0.0,-2.0,-2.0,0.0,2
2025-08-11,20:45,Porto,Guimaraes,3.0,0.0,H,2.0,0.0,H,1.0,3.0,0.0,0.0,25-26,9,10,0,0,0,0,0.0,0.0,0,0,0.0,0.0,0.0,0.0,7,3.0,6.0,0.0,0.0,0.0,0.0,0.0,0.0,-1,-3.0,0.0,0.0,0.0,0.0,0.0,0.0,0.0,0.0,2
2025-08-11,18:45,Estoril,Estrela,1.0,1.0,D,1.0,0.0,H,4.0,1.0,0.0,0.0,25-26,7,10,0,0,0,0,0.0,0.0,0,0,0.0,0.0,0.0,0.0,17,8.0,15.0,0.0,0.0,0.0,0.0,0.0,0.0,-3,-7.0,0.0,0.0,0.0,0.0,0.0,0.0,0.0,0.0,2
2025-08-10,20:30,Sp Braga,Tondela,3.0,0.0,H,2.0,0.0,H,1.0,3.0,0.0,0.0,25-26,6,9,0,0,0,0,0.0,0.0,0,0,0.0,0.0,0.0,0.0,14,4.0,19.0,0.0,0.0,0.0,0.0,0.0,0.0,-3,-15.0,0.0,0.0,0.0,0.0,0.0,0.0,0.0,0.0,2
2025-08-10,20:30,Moreirense,Alverca,2.0,1.0,H,1.0,1.0,D,3.0,1.0,0.0,0.0,25-26,5,13,0,0,0,0,0.0,0.0,0,0,0.0,0.0,0.0,0.0,12,10.0,19.0,0.0,0.0,0.0,0.0,0.0,0.0,-8,-9.0,0.0,0.0,0.0,0.0,0.0,0.0,0.0,0.0,2
2025-08-10,17:00,Famalicao,Santa Clara,3.0,0.0,H,2.0,0.0,H,4.0,2.0,0.0,0.0,25-26,4,14,0,0,0,0,0.0,0.0,0,0,0.0,0.0,0.0,0.0,21,7.0,5.0,0.0,0.0,0.0,0.0,0.0,0.0,-10,2.0,0.0,0.0,0.0,0.0,0.0,0.0,0.0,0.0,2
2025-08-09,20:30,Arouca,AVS,3.0,1.0,H,1.0,0.0,H,2.0,0.0,0.0,0.0,25-26,3,9,0,0,0,0,0.0,0.0,0,0,0.0,0.0,0.0,0.0,23,11.0,17.0,0.0,0.0,0.0,0.0,0.0,0.0,-6,-6.0,0.0,0.0,0.0,0.0,0.0,0.0,0.0,0.0,2
2025-08-09,15:30,Nacional,Gil Vicente,0.0,2.0,A,0.0,2.0,A,3.0,6.0,0.0,0.0,25-26,2,16,0,0,0,0,0.0,0.0,0,0,0.0,0.0,0.0,0.0,18,14.0,13.0,0.0,0.0,0.0,0.0,0.0,0.0,-14,1.0,0.0,0.0,0.0,0.0,0.0,0.0,0.0,0.0,2
2025-08-08,20:15,Casa Pia,Sp Lisbon,0.0,2.0,A,0.0,1.0,A,4.0,1.0,0.0,0.0,25-26,1,16,0,0,0,0,0.0,0.0,0,0,0.0,0.0,0.0,0.0,25,9.0,1.0,0.0,0.0,0.0,0.0,0.0,0.0,-15,8.0,0.0,0.0,0.0,0.0,0.0,0.0,0.0,0.0,2
2025-05-17,18:00,Sp Lisbon,Guimaraes,2.0,0.0,H,0.0,0.0,D,3.0,4.0,0.0,0.0,24-25,2,6,79,54,24,14,59.0,12.0,33,33,65.0,81.0,6.0,0.0,9,1.0,5.0,2.4,0.6,35.0,1.4,1.2,24.0,-4,-4.0,11.0,47.0,2.393939393939394,1.6363636363636365,0.7575757575757576,1.7878787878787878,0.36363636363636365,1.4242424242424243,1
2025-05-17,18:00,Sp Braga,Benfica,1.0,1.0,D,1.0,0.0,H,4.0,2.0,1.0,0.0,24-25,4,2,65,79,19,25,25.0,56.0,33,33,64.0,63.0,3.0,0.0,14,4.0,2.0,1.8,1.0,16.0,2.8,0.8,33.0,2,2.0,-17.0,-31.0,1.9696969696969697,2.393939393939394,-0.4242424242424243,0.7575757575757576,1.696969696969697,-0.9393939393939394,1
2025-05-17,18:00,Porto,Nacional,3.0,0.0,H,1.0,0.0,H,1.0,7.0,0.0,1.0,24-25,3,14,68,34,21,9,32.0,-15.0,33,33,87.0,75.0,3.0,4.0,7,3.0,19.0,1.6,1.0,36.0,1.2,1.8,11.0,-11,-16.0,25.0,47.0,2.0606060606060606,1.0303030303030303,1.0303030303030303,0.9696969696969697,-0.45454545454545453,1.4242424242424243,1
2025-05-17,18:00,Farense,Santa Clara,1.0,2.0,A,1.0,1.0,D,2.0,5.0,0.0,0.0,24-25,16,6,27,54,6,16,-20.0,3.0,33,33,89.0,99.0,4.0,5.0,22,10.0,19.0,1.0,0.8,30.0,1.2,0.8,30.0,10,-9.0,0.0,-23.0,0.8181818181818182,1.6363636363636365,-0.8181818181818182,-0.6060606060606061,0.09090909090909091,-0.696969696969697,1
2025-05-17,18:00,Estoril,Estrela,4.0,0.0,H,4.0,0.0,H,2.0,2.0,0.0,0.0,24-25,9,15,43,29,11,7,-9.0,-22.0,33,33,82.0,96.0,2.0,3.0,17,13.0,14.0,1.2,2.0,14.0,0.4,1.0,9.0,-6,-1.0,5.0,13.0,1.303030303030303,0.8787878787878788,0.4242424242424242,-0.2727272727272727,-0.6666666666666666,0.3939393939393939,1
2025-05-17,18:00,Arouca,Boavista,4.0,1.0,H,3.0,1.0,H,1.0,2.0,0.0,0.0,24-25,12,18,35,24,8,6,-17.0,-32.0,33,33,88.0,91.0,5.0,10.0,23,7.0,15.0,0.8,1.0,16.0,0.8,1.8,18.0,-6,-8.0,-2.0,15.0,1.0606060606060606,0.7272727272727273,0.33333333333333326,-0.5151515151515151,-0.9696969696969697,0.4545454545454546,1
2025-05-17,18:00,AVS,Moreirense,0.0,3.0,A,0.0,2.0,A,7.0,3.0,1.0,0.0,24-25,17,11,27,37,5,9,-32.0,-11.0,33,33,95.0,80.0,5.0,3.0,27,19.0,6.0,0.8,2.6,17.0,1.0,2.2,8.0,6,13.0,9.0,-21.0,0.8181818181818182,1.121212121212121,-0.30303030303030287,-0.9696969696969697,-0.3333333333333333,-0.6363636363636365,1
2025-05-16,19:00,Rio Ave,Gil Vicente,1.0,1.0,D,1.0,1.0,D,1.0,0.0,0.0,0.0,24-25,11,14,37,33,9,8,-16.0,-13.0,33,33,73.0,71.0,4.0,5.0,4,11.0,12.0,1.6,1.4,22.0,1.2,0.8,20.0,-3,-1.0,2.0,-3.0,1.121212121212121,1.0,0.1212121212121211,-0.48484848484848486,-0.3939393939393939,-0.09090909090909094,1
2025-05-16,19:00,Famalicao,Casa Pia,2.0,1.0,H,1.0,0.0,H,2.0,6.0,0.0,0.0,24-25,8,7,44,45,11,12,4.0,-4.0,33,33,74.0,79.0,2.0,5.0,21,8.0,9.0,1.4,1.4,6.0,0.8,1.2,21.0,1,-1.0,-15.0,8.0,1.3333333333333333,1.3636363636363635,-0.030303030303030276,0.12121212121212122,-0.12121212121212122,0.24242424242424243,1
2025-05-11,20:30,Boavista,Porto,1.0,2.0,A,1.0,2.0,A,4.0,2.0,1.0,1.0,24-25,18,3,24,65,6,20,-31.0,31.0,32,32,87.0,85.0,9.0,2.0,11,15.0,3.0,1.0,1.4,27.0,1.4,1.6,30.0,15,12.0,-3.0,-62.0,0.75,2.03125,-1.28125,-0.96875,0.96875,-1.9375,1
2025-05-11,18:00,Moreirense,Estoril,2.0,2.0,D,1.0,0.0,H,4.0,4.0,0.0,0.0,24-25,11,9,36,42,9,11,-11.0,-9.0,32,32,76.0,78.0,3.0,2.0,12,6.0,13.0,0.8,1.8,7.0,1.4,1.6,15.0,2,-7.0,-8.0,-2.0,1.125,1.3125,-0.1875,-0.34375,-0.28125,-0.0625,1
2025-05-11,18:00,Guimaraes,Farense,1.0,2.0,A,0.0,1.0,A,4.0,4.0,0.0,0.0,24-25,5,17,54,24,14,5,13.0,-21.0,32,32,77.0,85.0,0.0,4.0,8,5.0,10.0,1.6,0.8,36.0,0.6,0.6,22.0,-12,-5.0,14.0,34.0,1.6875,0.75,0.9375,0.40625,-0.65625,1.0625,1
2025-05-11,15:30,Estrela,AVS,0.0,1.0,A,0.0,0.0,D,0.0,3.0,0.0,0.0,24-25,15,18,29,24,7,4,-21.0,-33.0,32,32,96.0,92.0,3.0,5.0,26,14.0,19.0,0.6,0.8,15.0,0.6,3.2,3.0,-3,-5.0,12.0,12.0,0.90625,0.75,0.15625,-0.65625,-1.03125,0.375,1
2025-05-10,20:30,Gil Vicente,Arouca,1.0,1.0,D,0.0,0.0,D,1.0,3.0,0.0,0.0,24-25,14,13,32,34,8,8,-13.0,-17.0,32,32,70.0,85.0,5.0,5.0,20,12.0,7.0,1.0,0.8,21.0,0.8,1.2,16.0,1,5.0,5.0,4.0,1.0,1.0625,-0.0625,-0.40625,-0.53125,0.125,1
2025-05-10,20:30,Casa Pia,Sp Braga,2.0,1.0,H,1.0,1.0,D,0.0,0.0,0.0,0.0,24-25,8,4,42,65,11,19,-5.0,26.0,32,32,79.0,64.0,5.0,3.0,25,9.0,4.0,0.4,1.0,9.0,1.8,0.8,25.0,4,5.0,-16.0,-31.0,1.3125,2.03125,-0.71875,-0.15625,0.8125,-0.96875,1
2025-05-10,18:00,Benfica,Sp Lisbon,1.0,1.0,D,0.0,1.0,A,4.0,2.0,0.0,0.0,24-25,2,1,78,78,25,24,56.0,59.0,32,32,59.0,63.0,0.0,6.0,6,2.0,1.0,3.4,0.8,41.0,2.4,0.6,43.0,1,1.0,-2.0,-3.0,2.4375,2.4375,0.0,1.75,1.84375,-0.09375,1
2025-05-10,15:30,Santa Clara,Famalicao,2.0,1.0,H,1.0,0.0,H,7.0,2.0,1.0,1.0,24-25,6,7,51,44,15,11,2.0,5.0,32,32,92.0,72.0,4.0,1.0,19,19.0,8.0,0.8,1.0,20.0,1.6,1.2,13.0,-1,11.0,7.0,-3.0,1.59375,1.375,0.21875,0.0625,0.15625,-0.09375,1
2025-05-10,15:30,Nacional,Rio Ave,3.0,3.0,D,0.0,3.0,A,1.0,4.0,0.0,0.0,24-25,13,11,33,36,9,9,-15.0,-16.0,32,32,74.0,69.0,4.0,4.0,18,19.0,11.0,0.6,1.4,10.0,1.0,1.2,24.0,2,8.0,-14.0,1.0,1.03125,1.125,-0.09375,-0.46875,-0.5,0.03125,1
2025-05-05,20:15,AVS,Boavista,1.0,2.0,A,0.0,0.0,D,4.0,2.0,0.0,0.0,24-25,17,18,24,21,4,5,-32.0,-32.0,31,31,88.0,85.0,5.0,9.0,27,19.0,15.0,0.6,3.6,4.0,0.8,1.8,18.0,-1,4.0,-14.0,0.0,0.7741935483870968,0.6774193548387096,0.09677419354838712,-1.032258064516129,-1.032258064516129,0.0,1
2025-05-05,19:30,Rio Ave,Estrela,2.0,0.0,H,0.0,0.0,D,4.0,6.0,0.0,0.0,24-25,13,15,33,29,8,7,-18.0,-19.0,31,31,65.0,90.0,4.0,3.0,4,11.0,14.0,0.8,1.6,13.0,0.6,1.0,21.0,-2,-3.0,-8.0,1.0,1.064516129032258,0.9354838709677419,0.12903225806451613,-0.5806451612903226,-0.6129032258064516,0.032258064516129004,1
2025-05-04,20:30,Sp Lisbon,Gil Vicente,2.0,1.0,H,0.0,1.0,A,3.0,3.0,0.0,0.0,24-25,2,14,75,32,23,8,58.0,-12.0,31,31,60.0,67.0,6.0,5.0,9,1.0,12.0,2.6,0.4,41.0,1.4,0.6,30.0,-12,-11.0,11.0,70.0,2.4193548387096775,1.032258064516129,1.3870967741935485,1.8709677419354838,-0.3870967741935484,2.258064516129032,1
2025-05-04,18:00,Arouca,Casa Pia,0.0,0.0,D,0.0,0.0,D,2.0,6.0,1.0,2.0,24-25,12,9,33,41,8,11,-17.0,-5.0,31,31,83.0,73.0,4.0,3.0,23,7.0,9.0,1.0,1.6,15.0,0.8,1.2,9.0,3,-2.0,6.0,-12.0,1.064516129032258,1.3225806451612903,-0.25806451612903225,-0.5483870967741935,-0.16129032258064516,-0.3870967741935484,1
2025-05-03,20:30,Estoril,Benfica,1.0,2.0,A,0.0,2.0,A,2.0,2.0,0.0,0.0,24-25,8,2,42,75,11,24,-8.0,55.0,31,31,76.0,57.0,2.0,0.0,17,13.0,2.0,1.4,1.6,21.0,3.6,1.0,39.0,6,11.0,-18.0,-63.0,1.3548387096774193,2.4193548387096775,-1.0645161290322582,-0.25806451612903225,1.7741935483870968,-2.032258064516129,1
2025-05-03,18:00,Sp Braga,Santa Clara,1.0,1.0,D,0.0,1.0,A,0.0,6.0,0.0,0.0,24-25,4,6,64,50,19,15,26.0,2.0,31,31,64.0,86.0,3.0,4.0,14,4.0,19.0,2.0,0.8,31.0,0.8,0.8,22.0,-2,-15.0,9.0,24.0,2.064516129032258,1.6129032258064515,0.4516129032258065,0.8387096774193549,0.06451612903225806,0.7741935483870968,1
2025-05-03,15:30,Nacional,Guimaraes,1.0,2.0,A,0.0,1.0,A,2.0,3.0,0.0,0.0,24-25,11,5,33,51,9,13,-14.0,12.0,31,31,72.0,74.0,4.0,0.0,18,19.0,5.0,0.4,1.2,14.0,1.6,1.0,31.0,6,14.0,-17.0,-26.0,1.064516129032258,1.6451612903225807,-0.5806451612903227,-0.45161290322580644,0.3870967741935484,-0.8387096774193548,1
2025-05-03,15:30,Farense,Famalicao,2.0,1.0,H,1.0,1.0,D,7.0,3.0,0.0,1.0,24-25,17,7,21,44,4,11,-22.0,6.0,31,31,78.0,69.0,4.0,0.0,22,10.0,8.0,0.6,1.0,11.0,2.2,1.0,23.0,10,2.0,-12.0,-28.0,0.6774193548387096,1.4193548387096775,-0.7419354838709679,-0.7096774193548387,0.1935483870967742,-0.903225806451613,1
2025-05-02,20:15,Porto,Moreirense,3.0,1.0,H,1.0,1.0,D,3.0,3.0,0.0,0.0,24-25,4,10,62,36,19,9,29.0,-9.0,31,31,82.0,73.0,2.0,3.0,7,3.0,6.0,1.2,1.6,24.0,1.0,1.6,12.0,-6,-3.0,12.0,38.0,2.0,1.1612903225806452,0.8387096774193548,0.9354838709677419,-0.2903225806451613,1.2258064516129032,1
2025-04-29,20:30,Casa Pia,Estoril,1.0,3.0,A,1.0,1.0,D,2.0,1.0,1.0,1.0,24-25,8,9,41,39,11,10,-3.0,-10.0,30,30,71.0,75.0,2.0,1.0,25,9.0,13.0,0.8,1.2,14.0,1.0,1.6,10.0,-1,-4.0,4.0,7.0,1.3666666666666667,1.3,0.06666666666666665,-0.1,-0.3333333333333333,0.2333333333333333,1
2025-04-27,20:30,Boavista,Sp Lisbon,0.0,5.0,A,0.0,2.0,A,3.0,4.0,0.0,0.0,24-25,18,2,21,72,5,22,-27.0,53.0,30,30,82.0,56.0,9.0,6.0,11,15.0,1.0,0.8,1.0,24.0,2.2,0.6,39.0,16,14.0,-15.0,-80.0,0.7,2.4,-1.7,-0.9,1.7666666666666666,-2.6666666666666665,1
2025-04-27,18:00,Guimaraes,Rio Ave,3.0,0.0,H,3.0,0.0,H,1.0,2.0,0.0,0.0,24-25,6,12,48,33,12,8,9.0,-15.0,30,30,73.0,63.0,0.0,4.0,8,5.0,11.0,1.4,1.0,26.0,1.2,1.6,17.0,-6,-6.0,9.0,24.0,1.6,1.1,0.5,0.3,-0.5,0.8,1
2025-04-27,18:00,Benfica,AVS,6.0,0.0,H,4.0,0.0,H,1.0,3.0,0.0,0.0,24-25,2,16,72,24,23,4,49.0,-26.0,30,30,56.0,85.0,0.0,5.0,6,2.0,19.0,3.0,1.0,37.0,0.6,2.8,5.0,-14,-17.0,32.0,75.0,2.4,0.8,1.5999999999999999,1.6333333333333333,-0.8666666666666667,2.5,1
2025-04-27,15:30,Moreirense,Nacional,1.0,1.0,D,0.0,0.0,D,1.0,0.0,0.0,0.0,24-25,10,14,35,32,9,9,-9.0,-14.0,30,30,72.0,72.0,3.0,4.0,12,6.0,19.0,1.0,1.4,14.0,0.8,1.2,15.0,-4,-13.0,-1.0,5.0,1.1666666666666667,1.0666666666666667,0.10000000000000009,-0.3,-0.4666666666666667,0.16666666666666669,1
2025-04-26,20:30,Estrela,Porto,2.0,0.0,H,1.0,0.0,H,5.0,3.0,0.0,0.0,24-25,15,4,26,62,6,19,-21.0,31.0,30,30,85.0,79.0,3.0,2.0,26,14.0,3.0,0.2,1.4,9.0,1.6,1.2,36.0,11,11.0,-27.0,-52.0,0.8666666666666667,2.066666666666667,-1.2000000000000002,-0.7,1.0333333333333334,-1.7333333333333334,1
2025-04-26,18:00,Gil Vicente,Farense,1.0,0.0,H,0.0,0.0,D,1.0,3.0,0.0,0.0,24-25,14,17,29,21,7,4,-13.0,-21.0,30,30,66.0,75.0,5.0,4.0,20,12.0,10.0,1.2,1.2,21.0,0.6,1.0,15.0,-3,2.0,6.0,8.0,0.9666666666666667,0.7,0.2666666666666667,-0.43333333333333335,-0.7,0.2666666666666666,1
2025-04-26,15:30,Santa Clara,Arouca,2.0,0.0,H,2.0,0.0,H,4.0,5.0,0.0,1.0,24-25,6,12,47,33,14,8,0.0,-15.0,30,30,82.0,78.0,4.0,3.0,19,19.0,7.0,0.6,0.8,14.0,1.2,1.4,20.0,-6,12.0,-6.0,15.0,1.5666666666666667,1.1,0.46666666666666656,0.0,-0.5,0.5,1
2025-04-25,20:30,Famalicao,Sp Braga,1.0,1.0,D,1.0,0.0,H,1.0,4.0,0.0,0.0,24-25,7,3,43,63,11,19,6.0,26.0,30,30,68.0,60.0,0.0,3.0,21,8.0,4.0,2.2,1.4,27.0,2.0,0.6,39.0,4,4.0,-12.0,-20.0,1.4333333333333333,2.1,-0.6666666666666667,0.2,0.8666666666666667,-0.6666666666666667,1
2025-04-19,20:30,Guimaraes,Benfica,0.0,3.0,A,0.0,1.0,A,2.0,4.0,0.0,0.0,24-25,5,2,48,69,12,22,12.0,46.0,29,29,71.0,52.0,0.0,0.0,8,5.0,2.0,1.8,0.6,39.0,3.0,1.4,35.0,3,3.0,4.0,-34.0,1.6551724137931034,2.3793103448275863,-0.7241379310344829,0.41379310344827586,1.5862068965517242,-1.1724137931034484,1
2025-04-19,18:00,Estoril,Sp Braga,0.0,2.0,A,0.0,2.0,A,1.0,0.0,0.0,0.0,24-25,9,4,39,60,10,18,-8.0,24.0,29,29,74.0,60.0,1.0,3.0,17,13.0,4.0,1.4,1.6,15.0,1.8,0.6,37.0,5,9.0,-22.0,-32.0,1.3448275862068966,2.0689655172413794,-0.7241379310344829,-0.27586206896551724,0.8275862068965517,-1.103448275862069,1
2025-04-19,18:00,Arouca,Estrela,1.0,0.0,H,0.0,0.0,D,4.0,4.0,0.0,0.0,24-25,13,15,30,26,7,6,-16.0,-20.0,29,29,74.0,81.0,3.0,3.0,23,7.0,14.0,1.2,1.4,10.0,0.4,1.4,13.0,-2,-7.0,-3.0,4.0,1.0344827586206897,0.896551724137931,0.13793103448275867,-0.5517241379310345,-0.6896551724137931,0.13793103448275867,1
2025-04-19,15:30,Nacional,Gil Vicente,0.0,3.0,A,0.0,1.0,A,0.0,3.0,1.0,0.0,24-25,12,14,32,26,9,6,-11.0,-16.0,29,29,72.0,63.0,3.0,5.0,18,19.0,12.0,0.8,1.2,21.0,0.6,1.4,9.0,-2,7.0,12.0,5.0,1.103448275862069,0.896551724137931,0.2068965517241379,-0.3793103448275862,-0.5517241379310345,0.1724137931034483,1
2025-04-19,15:30,AVS,Casa Pia,1.0,1.0,D,1.0,0.0,H,7.0,2.0,0.0,0.0,24-25,16,8,23,40,4,11,-26.0,-3.0,29,29,78.0,69.0,5.0,2.0,27,19.0,9.0,0.4,2.8,0.0,0.8,1.6,13.0,8,10.0,-13.0,-23.0,0.7931034482758621,1.3793103448275863,-0.5862068965517242,-0.896551724137931,-0.10344827586206896,-0.7931034482758621,1
2025-04-18,20:30,Sp Lisbon,Moreirense,3.0,1.0,H,2.0,0.0,H,2.0,3.0,0.0,0.0,24-25,1,10,69,35,21,9,51.0,-7.0,29,29,54.0,69.0,6.0,3.0,9,1.0,6.0,2.2,0.6,37.0,1.0,1.0,22.0,-9,-5.0,15.0,58.0,2.3793103448275863,1.206896551724138,1.1724137931034484,1.7586206896551724,-0.2413793103448276,2.0,1
2025-04-18,18:00,Porto,Famalicao,2.0,1.0,H,1.0,0.0,H,2.0,3.0,1.0,0.0,24-25,4,7,59,43,18,11,30.0,7.0,29,29,77.0,65.0,1.0,0.0,7,3.0,8.0,1.2,1.2,30.0,2.2,1.0,39.0,-3,-5.0,-9.0,23.0,2.0344827586206895,1.4827586206896552,0.5517241379310343,1.0344827586206897,0.2413793103448276,0.7931034482758621,1
2025-04-18,15:30,Rio Ave,Santa Clara,1.0,1.0,D,1.0,0.0,H,2.0,2.0,0.0,0.0,24-25,12,6,32,46,8,14,-15.0,0.0,29,29,61.0,80.0,4.0,4.0,4,11.0,19.0,1.0,1.6,15.0,0.6,0.8,16.0,6,-8.0,-1.0,-15.0,1.103448275862069,1.5862068965517242,-0.48275862068965525,-0.5172413793103449,0.0,-0.5172413793103449,1
2025-04-18,15:30,Farense,Boavista,0.0,1.0,A,0.0,0.0,D,0.0,5.0,0.0,0.0,24-25,17,18,21,18,4,4,-20.0,-28.0,29,29,75.0,77.0,4.0,9.0,22,10.0,15.0,1.0,1.2,20.0,0.8,1.4,12.0,-1,-5.0,8.0,8.0,0.7241379310344828,0.6206896551724138,0.10344827586206895,-0.6896551724137931,-0.9655172413793104,0.27586206896551724,1
2025-04-13,20:30,Moreirense,Rio Ave,0.0,2.0,A,0.0,0.0,D,4.0,5.0,1.0,0.0,24-25,10,13,35,29,9,7,-5.0,-17.0,28,28,65.0,56.0,2.0,4.0,12,6.0,11.0,1.2,0.8,31.0,1.0,1.8,3.0,-3,-5.0,28.0,12.0,1.25,1.0357142857142858,0.2142857142857142,-0.17857142857142858,-0.6071428571428571,0.4285714285714285,1
2025-04-13,18:00,Sp Braga,AVS,4.0,1.0,H,3.0,1.0,H,2.0,2.0,0.0,0.0,24-25,4,16,57,23,17,4,21.0,-23.0,28,28,58.0,76.0,3.0,5.0,14,4.0,19.0,1.2,0.8,32.0,0.4,2.0,3.0,-12,-15.0,29.0,44.0,2.0357142857142856,0.8214285714285714,1.2142857142857142,0.75,-0.8214285714285714,1.5714285714285714,1
2025-04-13,18:00,Benfica,Arouca,2.0,2.0,D,0.0,0.0,D,1.0,3.0,0.0,0.0,24-25,2,12,68,29,22,7,46.0,-16.0,28,28,51.0,71.0,0.0,3.0,6,2.0,7.0,3.2,1.0,45.0,0.8,1.4,9.0,-10,-5.0,36.0,62.0,2.4285714285714284,1.0357142857142858,1.3928571428571426,1.6428571428571428,-0.5714285714285714,2.2142857142857144,1
2025-04-13,15:30,Estrela,Farense,0.0,1.0,A,0.0,0.0,D,1.0,0.0,0.0,0.0,24-25,15,17,26,18,6,3,-19.0,-21.0,28,28,80.0,75.0,3.0,4.0,26,14.0,10.0,0.6,1.4,18.0,0.8,1.4,7.0,-2,4.0,11.0,2.0,0.9285714285714286,0.6428571428571429,0.2857142857142857,-0.6785714285714286,-0.75,0.0714285714285714,1
2025-04-12,20:30,Casa Pia,Porto,0.0,1.0,A,0.0,1.0,A,2.0,2.0,0.0,0.0,24-25,8,4,40,56,11,17,-2.0,29.0,28,28,67.0,75.0,2.0,1.0,25,9.0,3.0,0.8,1.6,17.0,1.4,1.2,24.0,4,6.0,-7.0,-31.0,1.4285714285714286,2.0,-0.5714285714285714,-0.07142857142857142,1.0357142857142858,-1.1071428571428572,1
2025-04-12,18:00,Santa Clara,Sp Lisbon,0.0,1.0,A,0.0,0.0,D,4.0,2.0,1.0,1.0,24-25,6,2,46,66,14,20,1.0,50.0,28,28,76.0,52.0,3.0,5.0,19,19.0,1.0,0.6,0.8,23.0,2.6,0.8,35.0,4,18.0,-12.0,-49.0,1.6428571428571428,2.357142857142857,-0.7142857142857144,0.03571428571428571,1.7857142857142858,-1.75,1
2025-04-12,15:30,Famalicao,Estoril,3.0,0.0,H,0.0,0.0,D,3.0,4.0,0.0,0.0,24-25,7,9,40,39,10,10,4.0,-5.0,28,28,62.0,70.0,0.0,1.0,21,8.0,13.0,1.8,1.4,33.0,1.6,1.6,20.0,-2,-5.0,13.0,9.0,1.4285714285714286,1.3928571428571428,0.03571428571428581,0.14285714285714285,-0.17857142857142858,0.3214285714285714,1
2025-04-12,15:30,Boavista,Nacional,0.0,1.0,A,0.0,1.0,A,3.0,4.0,1.0,0.0,24-25,18,11,18,29,4,8,-27.0,-12.0,28,28,74.0,68.0,8.0,3.0,11,15.0,19.0,1.0,1.2,18.0,1.0,1.4,12.0,7,-4.0,6.0,-15.0,0.6428571428571429,1.0357142857142858,-0.3928571428571429,-0.9642857142857143,-0.42857142857142855,-0.5357142857142858,1
2025-04-11,20:15,Gil Vicente,Guimaraes,0.0,1.0,A,0.0,0.0,D,1.0,6.0,0.0,0.0,24-25,14,6,26,45,6,11,-15.0,11.0,28,28,62.0,65.0,5.0,0.0,20,12.0,5.0,0.8,1.4,13.0,1.8,0.6,37.0,8,7.0,-24.0,-26.0,0.9285714285714286,1.6071428571428572,-0.6785714285714286,-0.5357142857142857,0.39285714285714285,-0.9285714285714286,1
2025-04-07,20:45,Sp Lisbon,Sp Braga,1.0,1.0,D,1.0,0.0,H,3.0,5.0,0.0,1.0,24-25,2,4,65,56,20,17,50.0,21.0,27,27,49.0,53.0,5.0,2.0,9,1.0,4.0,2.8,1.0,43.0,1.2,0.6,39.0,-2,-3.0,4.0,29.0,2.4074074074074074,2.074074074074074,0.3333333333333335,1.8518518518518519,0.7777777777777778,1.074074074074074,1
2025-04-07,20:15,Rio Ave,Boavista,0.0,2.0,A,0.0,1.0,A,3.0,2.0,0.0,0.0,24-25,12,18,29,15,7,3,-15.0,-29.0,27,27,53.0,72.0,4.0,8.0,4,11.0,15.0,1.2,1.8,6.0,0.6,1.8,6.0,-6,-4.0,0.0,14.0,1.0740740740740742,0.5555555555555556,0.5185185185185186,-0.5555555555555556,-1.0740740740740742,0.5185185185185186,1
2025-04-07,18:45,Farense,Casa Pia,0.0,0.0,D,0.0,0.0,D,4.0,2.0,0.0,0.0,24-25,17,8,17,39,3,11,-21.0,-2.0,27,27,71.0,65.0,4.0,2.0,22,10.0,9.0,1.2,1.8,4.0,1.0,1.6,18.0,9,1.0,-14.0,-19.0,0.6296296296296297,1.4444444444444444,-0.8148148148148148,-0.7777777777777778,-0.07407407407407407,-0.7037037037037037,1
2025-04-06,20:30,Porto,Benfica,1.0,4.0,A,0.0,2.0,A,3.0,1.0,0.0,0.0,24-25,3,2,56,65,17,21,32.0,43.0,27,27,72.0,50.0,1.0,0.0,7,3.0,2.0,1.4,0.6,34.0,3.0,0.8,45.0,1,1.0,-11.0,-11.0,2.074074074074074,2.4074074074074074,-0.3333333333333335,1.1851851851851851,1.5925925925925926,-0.40740740740740744,1
2025-04-06,18:00,Nacional,Estrela,0.0,1.0,A,0.0,0.0,D,1.0,2.0,0.0,0.0,24-25,11,15,29,23,8,5,-11.0,-20.0,27,27,67.0,78.0,3.0,3.0,18,19.0,14.0,1.0,1.4,18.0,0.4,1.4,6.0,-4,5.0,12.0,9.0,1.0740740740740742,0.8518518518518519,0.22222222222222232,-0.4074074074074074,-0.7407407407407407,0.3333333333333333,1
2025-04-06,15:30,Gil Vicente,Moreirense,0.0,1.0,A,0.0,0.0,D,3.0,4.0,0.0,0.0,24-25,14,10,26,32,6,8,-14.0,-6.0,27,27,59.0,61.0,5.0,2.0,20,12.0,6.0,0.8,1.4,17.0,1.0,1.2,22.0,4,6.0,-5.0,-8.0,0.9629629629629629,1.1851851851851851,-0.2222222222222222,-0.5185185185185185,-0.2222222222222222,-0.2962962962962963,1
2025-04-05,20:30,Guimaraes,Santa Clara,2.0,0.0,H,1.0,0.0,H,1.0,2.0,0.0,0.0,24-25,6,5,42,46,10,14,9.0,3.0,27,27,64.0,74.0,0.0,3.0,8,5.0,19.0,1.6,0.8,33.0,0.6,0.4,31.0,1,-14.0,2.0,6.0,1.5555555555555556,1.7037037037037037,-0.14814814814814814,0.3333333333333333,0.1111111111111111,0.2222222222222222,1
2025-04-05,18:00,Arouca,Famalicao,1.0,2.0,A,0.0,1.0,A,3.0,5.0,0.0,0.0,24-25,13,9,29,37,7,9,-15.0,3.0,27,27,68.0,57.0,3.0,0.0,23,7.0,8.0,1.0,1.4,14.0,1.8,1.2,27.0,4,-1.0,-13.0,-18.0,1.0740740740740742,1.3703703703703705,-0.2962962962962963,-0.5555555555555556,0.1111111111111111,-0.6666666666666667,1
2025-04-04,20:15,AVS,Estoril,0.0,3.0,A,0.0,2.0,A,3.0,1.0,0.0,0.0,24-25,16,9,23,36,4,9,-20.0,-8.0,27,27,73.0,69.0,5.0,1.0,27,19.0,13.0,0.8,1.8,7.0,1.4,1.8,10.0,7,6.0,-3.0,-12.0,0.8518518518518519,1.3333333333333333,-0.4814814814814814,-0.7407407407407407,-0.2962962962962963,-0.4444444444444444,1
2025-04-02,20:15,Benfica,Farense,3.0,2.0,H,2.0,1.0,H,1.0,1.0,0.0,0.0,24-25,2,17,62,17,20,3,42.0,-20.0,26,26,49.0,70.0,0.0,4.0,6,2.0,10.0,2.6,0.4,45.0,0.8,1.4,6.0,-15,-8.0,39.0,62.0,2.3846153846153846,0.6538461538461539,1.7307692307692308,1.6153846153846154,-0.7692307692307693,2.3846153846153846,1
2025-04-01,20:15,Boavista,Gil Vicente,1.0,3.0,A,0.0,0.0,D,1.0,3.0,1.0,1.0,24-25,18,14,15,23,3,5,-27.0,-16.0,26,26,71.0,56.0,7.0,4.0,11,15.0,12.0,0.4,1.4,9.0,0.2,1.6,3.0,4,3.0,6.0,-11.0,0.5769230769230769,0.8846153846153846,-0.3076923076923077,-1.0384615384615385,-0.6153846153846154,-0.42307692307692313,1
2025-03-30,20:30,Moreirense,Guimaraes,2.0,2.0,D,1.0,1.0,D,2.0,2.0,0.0,0.0,24-25,10,6,31,41,8,10,-6.0,9.0,26,26,59.0,62.0,2.0,0.0,12,6.0,5.0,1.2,1.2,25.0,1.2,0.4,39.0,4,1.0,-14.0,-15.0,1.1923076923076923,1.5769230769230769,-0.3846153846153846,-0.23076923076923078,0.34615384615384615,-0.5769230769230769,1
2025-03-30,18:00,Estoril,Porto,1.0,2.0,A,1.0,1.0,D,4.0,2.0,0.0,0.0,24-25,9,4,36,53,9,16,-7.0,31.0,26,26,65.0,70.0,1.0,1.0,17,13.0,3.0,1.6,1.8,16.0,1.2,0.4,29.0,5,10.0,-13.0,-38.0,1.3846153846153846,2.0384615384615383,-0.6538461538461537,-0.2692307692307692,1.1923076923076923,-1.4615384615384615,1
2025-03-30,15:30,Santa Clara,Nacional,1.0,0.0,H,1.0,0.0,H,3.0,3.0,0.0,1.0,24-25,5,11,43,29,13,8,2.0,-10.0,26,26,71.0,64.0,3.0,2.0,19,19.0,19.0,0.4,0.6,21.0,1.4,1.6,25.0,-6,0.0,-4.0,12.0,1.6538461538461537,1.1153846153846154,0.5384615384615383,0.07692307692307693,-0.38461538461538464,0.46153846153846156,1
2025-03-30,15:30,Famalicao,AVS,4.0,1.0,H,0.0,0.0,D,2.0,2.0,0.0,0.0,24-25,9,15,34,23,8,4,0.0,-17.0,26,26,55.0,71.0,0.0,5.0,21,8.0,19.0,1.4,1.0,21.0,0.8,1.2,12.0,-6,-11.0,9.0,17.0,1.3076923076923077,0.8846153846153846,0.42307692307692313,0.0,-0.6538461538461539,0.6538461538461539,1
2025-03-29,20:30,Sp Braga,Arouca,2.0,1.0,H,2.0,0.0,H,2.0,2.0,0.0,0.0,24-25,4,12,53,29,16,7,20.0,-14.0,26,26,51.0,66.0,2.0,3.0,14,4.0,7.0,0.8,0.4,34.0,1.2,1.4,20.0,-8,-3.0,14.0,34.0,2.0384615384615383,1.1153846153846154,0.9230769230769229,0.7692307692307693,-0.5384615384615384,1.3076923076923077,1
2025-03-29,18:00,Estrela,Sp Lisbon,0.0,3.0,A,0.0,0.0,D,7.0,1.0,2.0,0.0,24-25,15,1,23,62,5,19,-17.0,47.0,26,26,71.0,48.0,1.0,5.0,26,14.0,1.0,0.6,0.8,12.0,2.6,1.4,39.0,14,13.0,-27.0,-64.0,0.8846153846153846,2.3846153846153846,-1.5,-0.6538461538461539,1.8076923076923077,-2.4615384615384617,1
2025-03-29,15:30,Casa Pia,Rio Ave,2.0,1.0,H,1.0,1.0,D,5.0,1.0,0.0,0.0,24-25,7,12,36,29,10,7,-3.0,-14.0,26,26,60.0,52.0,2.0,4.0,25,9.0,11.0,1.0,2.0,6.0,1.2,1.6,10.0,-5,-2.0,-4.0,11.0,1.3846153846153846,1.1153846153846154,0.26923076923076916,-0.11538461538461539,-0.5384615384615384,0.423076923076923,1
2025-03-28,20:15,Gil Vicente,Benfica,0.0,3.0,A,0.0,1.0,A,4.0,2.0,0.0,0.0,24-25,14,2,23,59,5,19,-13.0,39.0,25,25,52.0,47.0,4.0,0.0,20,12.0,2.0,0.2,1.4,4.0,2.6,0.8,45.0,12,10.0,-41.0,-52.0,0.92,2.36,-1.44,-0.52,1.56,-2.08,1
2025-03-16,20:30,Moreirense,Boavista,1.0,0.0,H,1.0,0.0,H,4.0,6.0,0.0,1.0,24-25,13,18,28,15,7,3,-7.0,-26.0,25,25,55.0,65.0,2.0,6.0,12,6.0,15.0,1.4,1.8,15.0,0.6,1.6,12.0,-5,-9.0,3.0,19.0,1.12,0.6,0.5200000000000001,-0.28,-1.04,0.76,0
2025-03-16,20:30,Guimaraes,Estrela,2.0,0.0,H,1.0,0.0,H,1.0,2.0,0.0,0.0,24-25,6,15,38,23,9,5,7.0,-15.0,25,25,61.0,69.0,0.0,1.0,8,5.0,14.0,0.8,0.4,33.0,0.6,0.6,18.0,-9,-9.0,15.0,22.0,1.52,0.92,0.6,0.28,-0.6,0.88,0
2025-03-16,18:00,Rio Ave,Benfica,2.0,3.0,A,0.0,1.0,A,3.0,1.0,1.0,0.0,24-25,11,2,29,56,7,18,-13.0,38.0,25,24,49.0,46.0,3.0,0.0,4,11.0,2.0,1.0,1.2,15.0,2.6,0.8,45.0,9,9.0,-30.0,-51.0,1.16,2.3333333333333335,-1.1733333333333336,-0.52,1.5833333333333333,-2.1033333333333335,0
2025-03-16,15:30,Nacional,Casa Pia,3.0,1.0,H,1.0,0.0,H,2.0,1.0,0.0,0.0,24-25,13,7,26,36,7,10,-12.0,-1.0,25,25,62.0,59.0,2.0,2.0,18,19.0,9.0,1.2,1.4,17.0,1.0,1.4,12.0,6,10.0,5.0,-11.0,1.04,1.44,-0.3999999999999999,-0.48,-0.04,-0.44,0
2025-03-16,15:30,Arouca,Estoril,1.0,1.0,D,1.0,0.0,H,0.0,1.0,0.0,0.0,24-25,13,8,28,35,7,9,-14.0,-7.0,25,25,66.0,64.0,3.0,1.0,23,7.0,13.0,1.2,1.4,21.0,1.8,1.8,19.0,5,-6.0,2.0,-7.0,1.12,1.4,-0.2799999999999998,-0.56,-0.28,-0.28,0
2025-03-15,20:30,Sp Lisbon,Famalicao,3.0,1.0,H,1.0,1.0,D,4.0,1.0,1.0,0.0,24-25,1,9,59,34,18,8,45.0,2.0,25,25,44.0,54.0,4.0,0.0,9,1.0,8.0,2.2,1.4,33.0,1.2,0.4,31.0,-8,-7.0,2.0,43.0,2.36,1.36,0.9999999999999998,1.8,0.08,1.72,0
2025-03-15,18:00,Porto,AVS,2.0,0.0,H,1.0,0.0,H,3.0,4.0,0.0,1.0,24-25,4,16,50,23,15,4,29.0,-15.0,25,25,67.0,67.0,1.0,4.0,7,3.0,19.0,1.0,0.6,22.0,1.0,1.2,17.0,-12,-16.0,5.0,44.0,2.0,0.92,1.08,1.16,-0.6,1.7599999999999998,0
2025-03-15,15:30,Gil Vicente,Santa Clara,0.0,1.0,A,0.0,1.0,A,2.0,2.0,0.0,0.0,24-25,14,5,23,40,5,12,-12.0,1.0,24,25,50.0,69.0,4.0,3.0,20,12.0,19.0,0.4,1.6,5.0,0.6,0.8,11.0,9,-7.0,-6.0,-13.0,0.9583333333333334,1.6,-0.6416666666666667,-0.5,0.04,-0.54,0
2025-03-15,15:30,Farense,Sp Braga,0.0,1.0,A,0.0,0.0,D,2.0,1.0,0.0,0.0,24-25,17,4,17,50,3,15,-19.0,19.0,25,25,68.0,50.0,4.0,2.0,22,10.0,4.0,0.8,1.6,8.0,1.0,0.4,29.0,13,6.0,-21.0,-38.0,0.68,2.0,-1.3199999999999998,-0.76,0.76,-1.52,0
2025-03-10,20:15,Famalicao,Rio Ave,1.0,0.0,H,1.0,0.0,H,1.0,2.0,0.0,0.0,24-25,9,10,31,29,7,7,1.0,-12.0,24,24,53.0,47.0,0.0,3.0,21,8.0,11.0,1.4,0.4,26.0,1.4,1.4,21.0,-1,-3.0,5.0,13.0,1.2916666666666667,1.2083333333333333,0.08333333333333348,0.041666666666666664,-0.5,0.5416666666666666,0
2025-03-09,20:30,Boavista,Guimaraes,1.0,2.0,A,1.0,0.0,H,2.0,1.0,0.0,0.0,24-25,18,7,15,35,3,8,-25.0,6.0,24,24,63.0,60.0,6.0,0.0,11,15.0,5.0,0.4,1.6,15.0,0.8,0.2,27.0,11,10.0,-12.0,-31.0,0.625,1.4583333333333333,-0.8333333333333333,-1.0416666666666667,0.25,-1.2916666666666667,0
2025-03-09,18:00,Casa Pia,Sp Lisbon,1.0,3.0,A,1.0,2.0,A,4.0,3.0,0.0,0.0,24-25,6,1,36,56,10,17,1.0,43.0,24,24,55.0,41.0,2.0,4.0,25,9.0,1.0,1.0,1.2,18.0,2.2,1.4,27.0,5,8.0,-9.0,-42.0,1.5,2.3333333333333335,-0.8333333333333335,0.041666666666666664,1.7916666666666667,-1.75,0
2025-03-09,15:30,Santa Clara,Moreirense,1.0,1.0,D,0.0,0.0,D,1.0,2.0,0.0,0.0,24-25,5,12,39,27,12,7,1.0,-7.0,24,24,68.0,53.0,3.0,2.0,19,19.0,6.0,0.8,0.8,13.0,1.4,2.0,14.0,-7,13.0,-1.0,8.0,1.625,1.125,0.5,0.041666666666666664,-0.2916666666666667,0.33333333333333337,0
2025-03-08,20:30,Sp Braga,Porto,1.0,0.0,H,1.0,0.0,H,2.0,4.0,1.0,0.0,24-25,4,3,47,50,14,15,18.0,30.0,24,24,48.0,63.0,1.0,1.0,14,4.0,3.0,1.2,0.6,24.0,1.4,0.8,31.0,1,1.0,-7.0,-12.0,1.9583333333333333,2.0833333333333335,-0.12500000000000022,0.75,1.25,-0.5,0
2025-03-08,18:00,Estoril,Farense,2.0,2.0,D,0.0,0.0,D,2.0,1.0,0.0,0.0,24-25,8,17,34,16,9,3,-7.0,-19.0,24,24,62.0,67.0,1.0,4.0,17,13.0,10.0,1.8,1.6,24.0,0.6,1.8,4.0,-9,3.0,20.0,12.0,1.4166666666666667,0.6666666666666666,0.7500000000000001,-0.2916666666666667,-0.7916666666666666,0.49999999999999994,0
2025-03-08,18:00,Benfica,Nacional,3.0,0.0,H,2.0,0.0,H,0.0,3.0,0.0,0.0,24-25,2,13,53,26,17,7,35.0,-9.0,23,24,46.0,59.0,0.0,2.0,6,2.0,19.0,2.2,1.4,42.0,1.4,1.2,24.0,-11,-17.0,18.0,44.0,2.3043478260869565,1.0833333333333333,1.2210144927536233,1.5217391304347827,-0.375,1.8967391304347827,0
2025-03-08,15:30,AVS,Arouca,0.0,1.0,A,0.0,0.0,D,1.0,1.0,0.0,0.0,24-25,15,13,23,25,4,6,-14.0,-15.0,24,24,66.0,65.0,4.0,3.0,27,19.0,7.0,1.0,1.4,22.0,1.4,1.6,12.0,2,12.0,10.0,1.0,0.9583333333333334,1.0416666666666667,-0.08333333333333337,-0.5833333333333334,-0.625,0.04166666666666663,0
2025-03-07,20:15,Estrela,Gil Vicente,1.0,1.0,D,0.0,0.0,D,5.0,2.0,0.0,0.0,24-25,16,15,22,22,5,5,-15.0,-12.0,24,23,64.0,48.0,1.0,4.0,26,14.0,12.0,0.8,1.0,18.0,0.2,1.6,0.0,1,2.0,18.0,-3.0,0.9166666666666666,0.9565217391304348,-0.03985507246376818,-0.625,-0.5217391304347826,-0.1032608695652174,0
2025-03-03,20:15,Sp Lisbon,Estoril,3.0,1.0,H,2.0,0.0,H,1.0,1.0,0.0,1.0,24-25,1,8,53,34,16,9,41.0,-5.0,23,23,40.0,61.0,4.0,0.0,9,1.0,13.0,2.0,1.2,21.0,1.8,1.0,37.0,-7,-12.0,-16.0,46.0,2.3043478260869565,1.4782608695652173,0.8260869565217392,1.7826086956521738,-0.21739130434782608,2.0,0
2025-03-02,20:30,Rio Ave,Sp Braga,2.0,1.0,H,1.0,1.0,D,2.0,5.0,0.0,0.0,24-25,12,4,26,47,6,14,-13.0,19.0,23,23,45.0,43.0,3.0,1.0,4,11.0,4.0,1.4,1.4,12.0,1.6,0.2,37.0,8,7.0,-25.0,-32.0,1.1304347826086956,2.0434782608695654,-0.9130434782608698,-0.5652173913043478,0.8260869565217391,-1.391304347826087,0
2025-03-02,18:00,Farense,AVS,0.0,1.0,A,0.0,0.0,D,2.0,2.0,0.0,0.0,24-25,17,16,16,20,3,3,-18.0,-15.0,23,23,65.0,64.0,4.0,4.0,22,10.0,19.0,0.8,2.0,5.0,1.0,1.4,12.0,1,-9.0,-7.0,-3.0,0.6956521739130435,0.8695652173913043,-0.17391304347826086,-0.782608695652174,-0.6521739130434783,-0.13043478260869568,0
2025-03-02,15:30,Moreirense,Estrela,1.0,1.0,D,0.0,0.0,D,2.0,4.0,0.0,0.0,24-25,10,15,26,21,7,5,-7.0,-15.0,23,23,51.0,60.0,2.0,1.0,12,6.0,14.0,1.2,2.0,12.0,0.6,0.8,18.0,-5,-8.0,-6.0,8.0,1.1304347826086956,0.9130434782608695,0.21739130434782605,-0.30434782608695654,-0.6521739130434783,0.34782608695652173,0
2025-03-02,15:30,Boavista,Santa Clara,1.0,0.0,H,0.0,0.0,D,4.0,3.0,0.0,0.0,24-25,18,5,12,39,2,12,-26.0,2.0,23,23,59.0,65.0,6.0,3.0,11,15.0,19.0,0.2,2.2,0.0,1.0,0.8,21.0,13,-4.0,-21.0,-28.0,0.5217391304347826,1.6956521739130435,-1.1739130434782608,-1.1304347826086956,0.08695652173913043,-1.217391304347826,0
2025-03-01,20:30,Guimaraes,Casa Pia,1.0,0.0,H,0.0,0.0,D,3.0,1.0,0.0,0.0,24-25,8,6,32,36,7,10,5.0,2.0,23,23,57.0,54.0,0.0,2.0,8,5.0,9.0,0.6,0.4,18.0,1.6,1.2,27.0,2,-4.0,-9.0,3.0,1.391304347826087,1.565217391304348,-0.17391304347826098,0.21739130434782608,0.08695652173913043,0.13043478260869565,0
2025-03-01,18:00,Arouca,Porto,0.0,2.0,A,0.0,1.0,A,2.0,2.0,0.0,0.0,24-25,13,3,25,47,6,14,-13.0,28.0,23,23,63.0,61.0,3.0,1.0,23,7.0,3.0,1.6,1.2,21.0,1.2,1.0,23.0,10,4.0,-2.0,-41.0,1.0869565217391304,2.0434782608695654,-0.956521739130435,-0.5652173913043478,1.2173913043478262,-1.7826086956521738,0
2025-03-01,15:30,Nacional,Famalicao,2.0,1.0,H,1.0,0.0,H,3.0,4.0,0.0,0.0,24-25,13,9,23,31,6,7,-10.0,2.0,23,23,56.0,49.0,2.0,0.0,18,19.0,8.0,1.0,1.4,13.0,1.2,0.0,37.0,4,11.0,-24.0,-12.0,1.0,1.3478260869565217,-0.34782608695652173,-0.43478260869565216,0.08695652173913043,-0.5217391304347826,0
2025-02-24,20:15,Porto,Guimaraes,1.0,1.0,D,0.0,0.0,D,2.0,2.0,0.0,0.0,24-25,4,8,46,31,14,7,28.0,5.0,22,22,59.0,55.0,1.0,0.0,7,3.0,5.0,1.2,1.4,24.0,0.8,0.6,19.0,-4,-2.0,5.0,23.0,2.090909090909091,1.4090909090909092,0.6818181818181817,1.2727272727272727,0.22727272727272727,1.0454545454545454,0
2025-02-23,20:30,Famalicao,Moreirense,2.0,0.0,H,0.0,0.0,D,3.0,3.0,0.0,0.0,24-25,9,10,28,26,6,7,0.0,-5.0,22,22,46.0,48.0,0.0,2.0,21,8.0,6.0,0.8,0.8,30.0,1.2,1.6,16.0,-1,2.0,14.0,5.0,1.2727272727272727,1.1818181818181819,0.09090909090909083,0.0,-0.22727272727272727,0.22727272727272727,0
2025-02-23,18:00,AVS,Sp Lisbon,2.0,2.0,D,0.0,2.0,A,5.0,5.0,0.0,1.0,24-25,16,2,19,52,3,16,-15.0,41.0,22,22,59.0,35.0,4.0,3.0,27,19.0,1.0,0.8,1.6,11.0,2.2,0.8,27.0,14,18.0,-16.0,-56.0,0.8636363636363636,2.3636363636363638,-1.5,-0.6818181818181818,1.8636363636363635,-2.5454545454545454,0
2025-02-23,15:30,Estrela,Santa Clara,0.0,0.0,D,0.0,0.0,D,3.0,1.0,0.0,0.0,24-25,15,5,20,38,5,12,-15.0,2.0,22,22,57.0,64.0,1.0,3.0,26,14.0,19.0,0.6,1.0,17.0,1.4,1.4,23.0,10,-5.0,-6.0,-17.0,0.9090909090909091,1.7272727272727273,-0.8181818181818182,-0.6818181818181818,0.09090909090909091,-0.7727272727272727,0
2025-02-23,15:30,Arouca,Farense,2.0,2.0,D,0.0,1.0,A,2.0,3.0,0.0,0.0,24-25,12,17,24,15,6,3,-13.0,-18.0,22,22,61.0,62.0,3.0,4.0,23,7.0,10.0,1.6,1.2,25.0,0.4,1.6,1.0,-5,-3.0,24.0,5.0,1.0909090909090908,0.6818181818181818,0.40909090909090906,-0.5909090909090909,-0.8181818181818182,0.2272727272727273,0
2025-02-22,20:30,Estoril,Rio Ave,2.0,1.0,H,0.0,0.0,D,2.0,1.0,0.0,0.0,24-25,8,11,31,26,8,6,-6.0,-12.0,22,22,59.0,44.0,0.0,3.0,17,13.0,11.0,2.0,1.2,35.0,1.2,1.6,18.0,-3,2.0,17.0,6.0,1.4090909090909092,1.1818181818181819,0.2272727272727273,-0.2727272727272727,-0.5454545454545454,0.2727272727272727,0
2025-02-22,18:00,Benfica,Boavista,3.0,0.0,H,1.0,0.0,H,0.0,3.0,0.0,1.0,24-25,2,18,50,12,16,2,32.0,-23.0,22,22,46.0,56.0,0.0,5.0,6,2.0,15.0,2.4,1.4,39.0,0.6,2.2,0.0,-16,-13.0,39.0,55.0,2.272727272727273,0.5454545454545454,1.7272727272727275,1.4545454545454546,-1.0454545454545454,2.5,0
2025-02-22,15:30,Casa Pia,Gil Vicente,1.0,0.0,H,0.0,0.0,D,1.0,2.0,0.0,0.0,24-25,6,14,33,22,9,5,1.0,-11.0,22,22,53.0,46.0,2.0,4.0,25,9.0,12.0,2.0,1.6,21.0,0.8,1.6,3.0,-8,-3.0,18.0,12.0,1.5,1.0,0.5,0.045454545454545456,-0.5,0.5454545454545454,0
2025-02-21,20:15,Sp Braga,Nacional,1.0,0.0,H,1.0,0.0,H,1.0,2.0,0.0,0.0,24-25,4,13,44,23,13,6,18.0,-9.0,22,22,42.0,54.0,1.0,2.0,14,4.0,19.0,1.6,0.2,35.0,1.6,1.4,20.0,-9,-15.0,15.0,27.0,2.0,1.0454545454545454,0.9545454545454546,0.8181818181818182,-0.4090909090909091,1.2272727272727273,0
2025-02-17,20:15,Gil Vicente,Famalicao,0.0,2.0,A,0.0,1.0,A,2.0,2.0,0.0,0.0,24-25,14,11,22,25,5,5,-9.0,-2.0,21,21,44.0,44.0,4.0,0.0,20,12.0,8.0,1.0,1.4,7.0,0.6,1.0,21.0,3,4.0,-14.0,-7.0,1.0476190476190477,1.1904761904761905,-0.1428571428571428,-0.42857142857142855,-0.09523809523809523,-0.3333333333333333,0
2025-02-16,20:30,Guimaraes,Sp Braga,0.0,0.0,D,0.0,0.0,D,5.0,3.0,0.0,0.0,24-25,8,4,30,43,7,13,5.0,18.0,21,21,50.0,39.0,0.0,1.0,8,5.0,4.0,1.6,1.4,20.0,2.0,0.4,45.0,4,1.0,-25.0,-13.0,1.4285714285714286,2.0476190476190474,-0.6190476190476188,0.23809523809523808,0.8571428571428571,-0.6190476190476191,0
2025-02-16,18:00,Farense,Porto,0.0,1.0,A,0.0,0.0,D,4.0,2.0,1.0,0.0,24-25,17,3,15,43,3,13,-17.0,27.0,21,21,58.0,57.0,3.0,1.0,22,10.0,3.0,0.4,1.4,3.0,1.0,1.8,12.0,14,7.0,-9.0,-44.0,0.7142857142857143,2.0476190476190474,-1.333333333333333,-0.8095238095238095,1.2857142857142858,-2.0952380952380953,0
2025-02-16,15:30,Rio Ave,AVS,1.0,1.0,D,0.0,1.0,A,0.0,0.0,0.0,0.0,24-25,11,16,25,18,6,3,-12.0,-15.0,21,21,44.0,59.0,3.0,4.0,4,11.0,19.0,1.2,1.6,19.0,0.8,1.6,10.0,-5,-8.0,9.0,3.0,1.1904761904761905,0.8571428571428571,0.33333333333333337,-0.5714285714285714,-0.7142857142857143,0.1428571428571429,0
2025-02-15,20:30,Sp Lisbon,Arouca,2.0,2.0,D,1.0,2.0,A,3.0,3.0,1.0,0.0,24-25,1,13,51,23,16,6,41.0,-13.0,21,21,32.0,58.0,2.0,3.0,9,1.0,7.0,2.6,1.2,33.0,1.8,1.0,31.0,-12,-6.0,2.0,54.0,2.4285714285714284,1.0952380952380953,1.333333333333333,1.9523809523809523,-0.6190476190476191,2.571428571428571,0
2025-02-15,18:00,Santa Clara,Benfica,0.0,1.0,A,0.0,0.0,D,6.0,3.0,1.0,0.0,24-25,5,2,38,47,12,15,3.0,31.0,21,21,58.0,43.0,2.0,0.0,19,19.0,2.0,1.4,1.2,31.0,2.4,1.8,33.0,3,17.0,-2.0,-28.0,1.8095238095238095,2.238095238095238,-0.4285714285714286,0.14285714285714285,1.4761904761904763,-1.3333333333333335,0
2025-02-15,17:00,Nacional,Estoril,2.0,2.0,D,1.0,1.0,D,3.0,3.0,0.0,0.0,24-25,13,8,22,30,6,8,-9.0,-6.0,21,21,51.0,56.0,2.0,0.0,18,19.0,13.0,1.6,1.0,24.0,2.4,1.2,45.0,5,6.0,-21.0,-3.0,1.0476190476190477,1.4285714285714286,-0.38095238095238093,-0.42857142857142855,-0.2857142857142857,-0.14285714285714285,0
2025-02-15,15:30,Moreirense,Casa Pia,3.0,2.0,H,3.0,0.0,H,0.0,0.0,0.0,0.0,24-25,11,6,23,33,6,9,-6.0,2.0,21,21,48.0,53.0,2.0,2.0,12,6.0,9.0,0.8,1.4,3.0,1.8,1.2,31.0,5,-3.0,-28.0,-8.0,1.0952380952380953,1.5714285714285714,-0.47619047619047605,-0.2857142857142857,0.09523809523809523,-0.38095238095238093,0
2025-02-14,20:15,Boavista,Estrela,0.0,1.0,A,0.0,1.0,A,2.0,2.0,0.0,0.0,24-25,18,16,12,17,2,4,-22.0,-16.0,21,21,54.0,55.0,5.0,1.0,11,15.0,14.0,0.8,2.6,0.0,0.8,1.8,3.0,2,1.0,-3.0,-6.0,0.5714285714285714,0.8095238095238095,-0.23809523809523814,-1.0476190476190477,-0.7619047619047619,-0.2857142857142858,0
2025-02-10,20:15,Arouca,Rio Ave,1.0,1.0,D,0.0,0.0,D,0.0,1.0,0.0,0.0,24-25,14,10,22,24,6,6,-13.0,-12.0,20,20,58.0,43.0,3.0,3.0,23,7.0,11.0,1.8,1.0,37.0,1.4,1.6,22.0,4,-4.0,15.0,-1.0,1.1,1.2,-0.09999999999999987,-0.65,-0.6,-0.050000000000000044,0
2025-02-09,20:30,Casa Pia,Estrela,1.0,0.0,H,1.0,0.0,H,4.0,4.0,0.0,0.0,24-25,7,16,30,17,8,4,1.0,-15.0,20,20,49.0,51.0,2.0,1.0,25,9.0,14.0,2.0,1.4,26.0,1.0,1.8,5.0,-9,-5.0,21.0,16.0,1.5,0.85,0.65,0.05,-0.75,0.8,0
2025-02-09,18:00,Sp Braga,Gil Vicente,2.0,0.0,H,1.0,0.0,H,0.0,0.0,0.0,1.0,24-25,4,12,40,22,12,5,16.0,-7.0,20,20,39.0,44.0,1.0,3.0,14,4.0,12.0,1.8,0.8,42.0,1.2,1.2,12.0,-8,-8.0,30.0,23.0,2.0,1.1,0.8999999999999999,0.8,-0.35,1.15,0
2025-02-09,15:30,Farense,Nacional,0.0,2.0,A,0.0,0.0,D,1.0,4.0,1.0,1.0,24-25,17,14,15,19,3,5,-15.0,-11.0,20,20,57.0,47.0,2.0,1.0,22,10.0,19.0,0.8,1.4,6.0,1.4,1.4,15.0,3,-9.0,-9.0,-4.0,0.75,0.95,-0.19999999999999996,-0.75,-0.55,-0.19999999999999996,0
2025-02-09,15:30,Estoril,Boavista,2.0,1.0,H,1.0,0.0,H,2.0,1.0,0.0,0.0,24-25,8,18,27,12,7,2,-7.0,-21.0,20,20,54.0,53.0,0.0,5.0,17,13.0,15.0,2.4,1.4,43.0,0.6,3.0,0.0,-10,-2.0,43.0,14.0,1.35,0.6,0.7500000000000001,-0.35,-1.05,0.7000000000000001,0
2025-02-08,20:30,Famalicao,Guimaraes,0.0,0.0,D,0.0,0.0,D,3.0,2.0,0.0,0.0,24-25,9,7,24,29,5,7,-2.0,5.0,20,20,41.0,48.0,0.0,0.0,21,8.0,5.0,0.8,1.4,21.0,2.0,1.8,21.0,2,3.0,0.0,-7.0,1.2,1.45,-0.25,-0.1,0.25,-0.35,0
2025-02-08,18:00,Benfica,Moreirense,3.0,2.0,H,3.0,1.0,H,0.0,1.0,0.0,0.0,24-25,2,11,44,23,14,6,30.0,-5.0,20,20,43.0,47.0,0.0,2.0,6,2.0,6.0,1.8,1.6,24.0,0.8,1.2,6.0,-9,-4.0,18.0,35.0,2.2,1.15,1.0500000000000003,1.5,-0.25,1.75,0
2025-02-08,15:30,AVS,Santa Clara,1.0,2.0,A,0.0,0.0,D,0.0,0.0,0.0,0.0,24-25,15,5,18,35,3,11,-14.0,2.0,20,20,59.0,58.0,4.0,2.0,27,19.0,19.0,0.8,1.4,15.0,1.4,1.2,24.0,10,0.0,-9.0,-16.0,0.9,1.75,-0.85,-0.7,0.1,-0.7999999999999999,0
2025-02-07,20:15,Porto,Sp Lisbon,1.0,1.0,D,0.0,1.0,A,3.0,4.0,0.0,2.0,24-25,3,1,42,50,13,16,27.0,41.0,20,20,54.0,28.0,1.0,0.0,7,3.0,1.0,1.6,1.6,12.0,2.6,1.0,41.0,2,2.0,-29.0,-14.0,2.1,2.5,-0.3999999999999999,1.35,2.05,-0.6999999999999997,0
2025-02-03,20:45,Rio Ave,Porto,2.0,2.0,D,1.0,0.0,H,1.0,3.0,1.0,0.0,24-25,11,3,23,41,6,13,-12.0,27.0,19,19,42.0,51.0,2.0,1.0,4,11.0,3.0,1.0,1.4,24.0,1.8,1.2,14.0,8,8.0,10.0,-39.0,1.2105263157894737,2.1578947368421053,-0.9473684210526316,-0.631578947368421,1.4210526315789473,-2.052631578947368,0
2025-02-03,18:45,Moreirense,Sp Braga,1.0,2.0,A,1.0,0.0,H,2.0,1.0,0.0,0.0,24-25,10,4,23,37,6,11,-4.0,15.0,19,19,45.0,38.0,2.0,1.0,12,6.0,4.0,0.6,1.4,9.0,1.8,0.6,39.0,6,2.0,-30.0,-19.0,1.2105263157894737,1.9473684210526316,-0.736842105263158,-0.21052631578947367,0.7894736842105263,-1.0,0
2025-02-02,20:30,Estrela,Benfica,2.0,3.0,A,1.0,3.0,A,3.0,2.0,0.0,0.0,24-25,16,2,17,41,4,13,-14.0,29.0,19,19,48.0,41.0,1.0,0.0,26,14.0,2.0,0.8,1.2,10.0,1.8,1.2,15.0,14,12.0,-5.0,-43.0,0.8947368421052632,2.1578947368421053,-1.263157894736842,-0.7368421052631579,1.5263157894736843,-2.263157894736842,0
2025-02-02,18:00,Sp Lisbon,Farense,3.0,1.0,H,2.0,1.0,H,1.0,0.0,0.0,0.0,24-25,1,17,47,15,15,3,39.0,-13.0,19,19,27.0,57.0,0.0,2.0,9,1.0,10.0,2.0,0.8,37.0,1.0,1.0,12.0,-16,-9.0,25.0,52.0,2.473684210526316,0.7894736842105263,1.6842105263157896,2.0526315789473686,-0.6842105263157895,2.736842105263158,0
2025-02-01,20:30,Guimaraes,AVS,2.0,0.0,H,0.0,0.0,D,1.0,5.0,0.0,1.0,24-25,8,15,26,18,6,3,3.0,-12.0,19,19,47.0,54.0,0.0,3.0,8,5.0,19.0,2.0,2.2,10.0,0.8,1.0,21.0,-7,-14.0,-11.0,15.0,1.368421052631579,0.9473684210526315,0.42105263157894746,0.15789473684210525,-0.631578947368421,0.7894736842105263,0
2025-02-01,18:00,Gil Vicente,Estoril,1.0,2.0,A,1.0,1.0,D,0.0,1.0,1.0,0.0,24-25,12,9,22,24,5,6,-6.0,-8.0,19,19,44.0,53.0,2.0,0.0,20,12.0,13.0,1.0,0.8,18.0,2.0,1.8,38.0,3,-1.0,-20.0,2.0,1.1578947368421053,1.263157894736842,-0.10526315789473673,-0.3157894736842105,-0.42105263157894735,0.10526315789473684,0
2025-02-01,15:30,Santa Clara,Casa Pia,2.0,1.0,H,0.0,1.0,A,2.0,2.0,0.0,0.0,24-25,5,6,32,30,10,8,1.0,2.0,19,19,56.0,47.0,2.0,2.0,19,19.0,9.0,1.0,1.4,14.0,2.4,1.2,39.0,-1,10.0,-25.0,-1.0,1.6842105263157894,1.5789473684210527,0.10526315789473673,0.05263157894736842,0.10526315789473684,-0.05263157894736842,0
2025-02-01,15:30,Nacional,Arouca,1.0,2.0,A,1.0,2.0,A,5.0,1.0,0.0,1.0,24-25,13,14,19,19,5,5,-10.0,-14.0,19,19,42.0,57.0,1.0,2.0,18,19.0,7.0,1.6,1.4,22.0,1.6,1.4,30.0,-1,12.0,-8.0,4.0,1.0,1.0,0.0,-0.5263157894736842,-0.7368421052631579,0.21052631578947367,0
2025-01-31,20:15,Boavista,Famalicao,0.0,2.0,A,0.0,1.0,A,3.0,1.0,0.0,0.0,24-25,18,12,12,21,2,4,-19.0,-4.0,19,19,50.0,40.0,5.0,0.0,11,15.0,8.0,0.6,2.6,1.0,0.6,1.8,8.0,6,7.0,-7.0,-15.0,0.631578947368421,1.105263157894737,-0.47368421052631593,-1.0,-0.21052631578947367,-0.7894736842105263,0
2025-01-27,20:15,AVS,Gil Vicente,1.0,0.0,H,0.0,0.0,D,3.0,1.0,0.0,0.0,24-25,17,11,15,22,2,5,-13.0,-5.0,18,18,51.0,43.0,3.0,2.0,27,19.0,12.0,0.8,1.2,10.0,1.2,0.6,27.0,6,7.0,-17.0,-8.0,0.8333333333333334,1.2222222222222223,-0.38888888888888895,-0.7222222222222222,-0.2777777777777778,-0.4444444444444444,0
2025-01-26,20:30,Sp Braga,Boavista,3.0,0.0,H,2.0,0.0,H,2.0,0.0,0.0,1.0,24-25,4,18,34,12,10,2,12.0,-16.0,18,18,36.0,50.0,1.0,4.0,14,4.0,15.0,1.8,1.2,34.0,1.0,2.6,2.0,-14,-11.0,32.0,28.0,1.8888888888888888,0.6666666666666666,1.2222222222222223,0.6666666666666666,-0.8888888888888888,1.5555555555555554,0
2025-01-26,18:00,Porto,Santa Clara,1.0,1.0,D,0.0,1.0,A,0.0,0.0,0.0,0.0,24-25,3,5,40,31,13,10,27.0,1.0,18,18,51.0,56.0,1.0,2.0,7,3.0,19.0,2.0,1.0,18.0,0.8,1.4,13.0,-2,-16.0,5.0,26.0,2.2222222222222223,1.7222222222222223,0.5,1.5,0.05555555555555555,1.4444444444444444,0
2025-01-26,15:30,Estoril,Guimaraes,1.0,0.0,H,0.0,0.0,D,3.0,3.0,0.0,0.0,24-25,12,7,21,26,5,6,-9.0,4.0,18,18,50.0,44.0,0.0,0.0,17,13.0,5.0,1.8,2.2,30.0,2.4,2.4,15.0,5,8.0,15.0,-13.0,1.1666666666666667,1.4444444444444444,-0.2777777777777777,-0.5,0.2222222222222222,-0.7222222222222222,0
2025-01-25,20:30,Sp Lisbon,Nacional,2.0,0.0,H,1.0,0.0,H,1.0,1.0,0.0,0.0,24-25,1,13,44,19,14,5,37.0,-8.0,18,18,26.0,41.0,0.0,1.0,9,1.0,19.0,2.2,1.2,33.0,1.6,1.4,29.0,-12,-18.0,4.0,45.0,2.4444444444444446,1.0555555555555556,1.388888888888889,2.0555555555555554,-0.4444444444444444,2.5,0
2025-01-25,18:00,Casa Pia,Benfica,3.0,1.0,H,1.0,1.0,D,2.0,0.0,0.0,0.0,24-25,6,2,27,41,7,13,0.0,31.0,18,18,45.0,41.0,2.0,0.0,25,9.0,2.0,2.2,1.0,37.0,2.0,0.6,24.0,4,7.0,13.0,-31.0,1.5,2.2777777777777777,-0.7777777777777777,0.0,1.7222222222222223,-1.7222222222222223,0
2025-01-25,15:30,Farense,Rio Ave,1.0,2.0,A,0.0,1.0,A,5.0,4.0,0.0,0.0,24-25,16,12,15,20,3,5,-12.0,-13.0,18,18,52.0,38.0,2.0,2.0,22,10.0,11.0,0.8,0.8,18.0,1.0,1.6,14.0,4,-1.0,4.0,1.0,0.8333333333333334,1.1111111111111112,-0.2777777777777778,-0.6666666666666666,-0.7222222222222222,0.05555555555555558,0
2025-01-25,15:30,Famalicao,Estrela,0.0,0.0,D,0.0,0.0,D,1.0,3.0,0.0,0.0,24-25,11,15,20,16,4,4,-4.0,-14.0,18,18,39.0,45.0,0.0,1.0,21,8.0,14.0,1.2,2.4,5.0,0.8,1.6,9.0,-4,-6.0,-4.0,10.0,1.1111111111111112,0.8888888888888888,0.22222222222222232,-0.2222222222222222,-0.7777777777777778,0.5555555555555556,0
2025-01-24,20:15,Arouca,Moreirense,1.0,0.0,H,0.0,0.0,D,3.0,0.0,0.0,0.0,24-25,15,8,16,23,4,6,-15.0,-3.0,18,18,54.0,45.0,2.0,2.0,23,7.0,6.0,1.6,1.4,23.0,0.6,1.4,12.0,7,1.0,11.0,-12.0,0.8888888888888888,1.2777777777777777,-0.38888888888888884,-0.8333333333333334,-0.16666666666666666,-0.6666666666666667,0
2025-01-20,20:15,Boavista,Casa Pia,2.0,3.0,A,1.0,2.0,A,3.0,2.0,1.0,0.0,24-25,18,7,12,24,2,6,-15.0,-1.0,17,17,47.0,43.0,3.0,2.0,11,15.0,9.0,0.8,2.2,4.0,1.8,0.8,33.0,11,6.0,-29.0,-14.0,0.7058823529411765,1.411764705882353,-0.7058823529411765,-0.8823529411764706,-0.058823529411764705,-0.8235294117647058,0
2025-01-19,20:30,Gil Vicente,Porto,3.0,1.0,H,1.0,0.0,H,3.0,6.0,0.0,1.0,24-25,12,3,19,40,4,13,-7.0,29.0,17,17,40.0,45.0,2.0,0.0,20,12.0,3.0,1.0,0.6,21.0,2.0,0.6,28.0,9,9.0,-7.0,-36.0,1.1176470588235294,2.3529411764705883,-1.2352941176470589,-0.4117647058823529,1.7058823529411764,-2.1176470588235294,0
2025-01-19,18:00,Estrela,Sp Braga,0.0,1.0,A,0.0,0.0,D,3.0,1.0,0.0,0.0,24-25,14,4,16,31,4,9,-13.0,11.0,17,17,42.0,35.0,1.0,1.0,26,14.0,4.0,1.2,1.6,16.0,2.0,1.6,27.0,10,10.0,-11.0,-24.0,0.9411764705882353,1.8235294117647058,-0.8823529411764706,-0.7647058823529411,0.6470588235294118,-1.4117647058823528,0
2025-01-19,15:30,Nacional,AVS,3.0,1.0,H,3.0,1.0,H,2.0,4.0,0.0,0.0,24-25,13,16,16,15,4,2,-10.0,-11.0,17,17,39.0,47.0,1.0,3.0,18,19.0,19.0,1.2,1.2,21.0,0.8,0.8,15.0,-3,0.0,6.0,1.0,0.9411764705882353,0.8823529411764706,0.05882352941176472,-0.5882352941176471,-0.6470588235294118,0.05882352941176472,0
2025-01-19,15:30,Moreirense,Farense,0.0,0.0,D,0.0,0.0,D,2.0,4.0,0.0,0.0,24-25,8,17,22,14,6,3,-3.0,-12.0,17,17,43.0,48.0,2.0,2.0,12,6.0,10.0,1.0,1.6,12.0,1.0,1.0,19.0,-9,-4.0,-7.0,9.0,1.2941176470588236,0.8235294117647058,0.47058823529411775,-0.17647058823529413,-0.7058823529411765,0.5294117647058824,0
2025-01-18,20:30,Guimaraes,Arouca,2.0,2.0,D,2.0,0.0,H,1.0,3.0,0.0,0.0,24-25,6,16,25,15,6,4,4.0,-15.0,17,17,43.0,51.0,0.0,2.0,8,5.0,7.0,2.0,2.2,14.0,1.4,1.4,25.0,-10,-2.0,-11.0,19.0,1.4705882352941178,0.8823529411764706,0.5882352941176472,0.23529411764705882,-0.8823529411764706,1.1176470588235294,0
2025-01-18,18:00,Rio Ave,Sp Lisbon,0.0,3.0,A,0.0,2.0,A,1.0,1.0,0.0,0.0,24-25,11,1,20,41,5,13,-10.0,34.0,17,17,37.0,25.0,2.0,0.0,4,11.0,1.0,1.0,1.2,19.0,1.8,1.6,26.0,10,10.0,-7.0,-44.0,1.1764705882352942,2.411764705882353,-1.2352941176470587,-0.5882352941176471,2.0,-2.588235294117647,0
2025-01-18,15:30,Santa Clara,Estoril,2.0,3.0,A,1.0,2.0,A,2.0,2.0,0.0,0.0,24-25,5,12,31,18,10,4,2.0,-10.0,17,17,54.0,48.0,2.0,0.0,19,19.0,13.0,0.6,0.8,20.0,1.6,2.2,20.0,-7,6.0,0.0,12.0,1.8235294117647058,1.0588235294117647,0.7647058823529411,0.11764705882352941,-0.5882352941176471,0.7058823529411765,0
2025-01-17,20:15,Benfica,Famalicao,4.0,0.0,H,2.0,0.0,H,3.0,0.0,0.0,0.0,24-25,3,9,38,20,12,4,27.0,0.0,17,17,38.0,39.0,0.0,0.0,6,2.0,8.0,1.4,0.8,16.0,1.4,1.8,8.0,-6,-6.0,8.0,27.0,2.235294117647059,1.1764705882352942,1.0588235294117647,1.588235294117647,0.0,1.588235294117647,0
2025-01-12,15:30,Nacional,Porto,2.0,0.0,H,2.0,0.0,H,3.0,6.0,0.0,0.0,24-25,17,2,13,40,3,13,-12.0,31.0,16,16,36.0,39.0,1.0,0.0,18,19.0,3.0,1.0,1.6,10.0,2.4,0.2,41.0,15,16.0,-31.0,-43.0,0.8125,2.5,-1.6875,-0.75,1.9375,-2.6875,0
2025-01-06,20:15,Gil Vicente,Rio Ave,1.0,1.0,D,1.0,0.0,H,2.0,3.0,0.0,0.0,24-25,11,10,18,19,4,5,-7.0,-10.0,16,16,38.0,34.0,2.0,2.0,20,12.0,11.0,0.8,1.2,24.0,1.4,1.4,21.0,1,1.0,3.0,3.0,1.125,1.1875,-0.0625,-0.4375,-0.625,0.1875,0
2025-01-05,20:30,Estrela,Estoril,2.0,4.0,A,0.0,3.0,A,2.0,1.0,0.0,0.0,24-25,12,14,16,15,4,3,-11.0,-12.0,16,16,40.0,47.0,1.0,0.0,26,14.0,13.0,0.8,1.0,23.0,1.2,2.0,10.0,-2,1.0,13.0,1.0,1.0,0.9375,0.0625,-0.6875,-0.75,0.0625,0
2025-01-05,18:00,Casa Pia,Famalicao,1.0,1.0,D,1.0,1.0,D,3.0,3.0,1.0,0.0,24-25,7,9,23,19,6,4,-1.0,0.0,16,16,40.0,36.0,1.0,0.0,25,9.0,8.0,1.6,1.0,38.0,1.4,2.0,5.0,-2,1.0,33.0,-1.0,1.4375,1.1875,0.25,-0.0625,0.0,-0.0625,0
2025-01-05,15:30,Santa Clara,Farense,0.0,0.0,D,0.0,0.0,D,3.0,4.0,0.0,1.0,24-25,5,16,30,13,10,3,2.0,-12.0,16,16,51.0,44.0,2.0,1.0,19,19.0,10.0,0.8,0.8,24.0,1.2,1.0,22.0,-11,9.0,2.0,14.0,1.875,0.8125,1.0625,0.125,-0.75,0.875,0
2025-01-04,20:30,Boavista,Arouca,1.0,3.0,A,0.0,1.0,A,5.0,7.0,1.0,0.0,24-25,17,18,12,12,2,3,-13.0,-17.0,16,16,42.0,44.0,2.0,2.0,11,15.0,7.0,0.6,1.6,7.0,0.8,1.6,14.0,-1,8.0,-7.0,4.0,0.75,0.75,0.0,-0.8125,-1.0625,0.25,0
2025-01-04,18:00,Benfica,Sp Braga,1.0,2.0,A,0.0,2.0,A,4.0,3.0,0.0,0.0,24-25,3,5,38,28,12,8,28.0,10.0,16,16,34.0,32.0,0.0,1.0,6,2.0,4.0,1.4,0.4,26.0,1.8,1.4,20.0,-2,-2.0,6.0,18.0,2.375,1.75,0.625,1.75,0.625,1.125,0
2025-01-04,15:30,Moreirense,AVS,1.0,1.0,D,1.0,1.0,D,3.0,5.0,0.0,0.0,24-25,8,14,21,14,6,2,-3.0,-11.0,16,16,40.0,42.0,2.0,3.0,12,6.0,19.0,1.2,2.0,11.0,0.6,0.8,14.0,-6,-13.0,-3.0,8.0,1.3125,0.875,0.4375,-0.1875,-0.6875,0.5,0
2025-01-03,20:15,Guimaraes,Sp Lisbon,4.0,4.0,D,1.0,2.0,A,4.0,5.0,0.0,0.0,24-25,6,1,24,40,6,13,4.0,34.0,16,16,39.0,20.0,0.0,0.0,8,5.0,1.0,2.0,1.4,15.0,1.0,1.0,28.0,5,4.0,-13.0,-30.0,1.5,2.5,-1.0,0.25,2.125,-1.875,0
2024-12-30,20:15,Famalicao,Santa Clara,1.0,2.0,A,0.0,1.0,A,3.0,3.0,0.0,0.0,24-25,9,5,19,27,4,9,1.0,1.0,15,15,33.0,48.0,0.0,2.0,21,8.0,19.0,1.2,1.6,8.0,0.6,0.6,18.0,4,-11.0,-10.0,0.0,1.2666666666666666,1.8,-0.5333333333333334,0.06666666666666667,0.06666666666666667,0.0,0
2024-12-29,20:30,Sp Lisbon,Benfica,1.0,0.0,H,1.0,0.0,H,2.0,3.0,0.0,0.0,24-25,3,2,37,38,12,12,33.0,29.0,15,15,18.0,31.0,0.0,0.0,9,1.0,2.0,1.6,1.4,20.0,1.8,0.2,39.0,1,-1.0,-19.0,4.0,2.466666666666667,2.533333333333333,-0.06666666666666643,2.2,1.9333333333333333,0.26666666666666683,0
2024-12-29,18:00,Sp Braga,Casa Pia,1.0,2.0,A,1.0,1.0,D,2.0,3.0,0.0,0.0,24-25,4,8,28,20,8,5,11.0,-2.0,15,15,30.0,37.0,1.0,1.0,14,4.0,9.0,2.0,1.8,28.0,1.4,1.0,31.0,-4,-5.0,-3.0,13.0,1.8666666666666667,1.3333333333333333,0.5333333333333334,0.7333333333333333,-0.13333333333333333,0.8666666666666666,0
2024-12-29,15:30,Rio Ave,Nacional,2.0,1.0,H,1.0,1.0,D,0.0,1.0,0.0,0.0,24-25,11,15,16,13,4,3,-11.0,-11.0,15,15,34.0,35.0,2.0,1.0,4,11.0,19.0,1.4,1.2,13.0,0.8,1.2,15.0,-4,-8.0,-2.0,0.0,1.0666666666666667,0.8666666666666667,0.19999999999999996,-0.7333333333333333,-0.7333333333333333,0.0,0
2024-12-29,15:30,Farense,Guimaraes,2.0,2.0,D,1.0,0.0,H,2.0,3.0,0.0,0.0,24-25,16,6,12,23,3,6,-12.0,4.0,15,15,42.0,36.0,1.0,0.0,22,10.0,5.0,1.0,0.8,25.0,1.6,1.2,15.0,10,5.0,10.0,-16.0,0.8,1.5333333333333334,-0.7333333333333334,-0.8,0.26666666666666666,-1.0666666666666667,0
2024-12-28,20:30,Porto,Boavista,4.0,0.0,H,1.0,0.0,H,4.0,2.0,0.0,0.0,24-25,3,16,37,12,12,2,27.0,-9.0,15,15,35.0,40.0,0.0,2.0,7,3.0,15.0,1.8,1.0,36.0,0.6,1.2,10.0,-13,-12.0,26.0,36.0,2.466666666666667,0.8,1.6666666666666667,1.8,-0.6,2.4,0
2024-12-28,18:00,Estoril,Moreirense,2.0,2.0,D,2.0,1.0,H,2.0,2.0,0.0,0.0,24-25,14,8,14,20,3,6,-12.0,-3.0,15,15,45.0,38.0,0.0,2.0,17,13.0,6.0,0.8,1.6,10.0,1.4,2.0,12.0,6,7.0,-2.0,-9.0,0.9333333333333333,1.3333333333333333,-0.3999999999999999,-0.8,-0.2,-0.6000000000000001,0
2024-12-28,15:30,AVS,Estrela,1.0,1.0,D,0.0,1.0,A,2.0,2.0,0.0,0.0,24-25,15,12,13,15,2,4,-11.0,-11.0,15,15,40.0,38.0,3.0,1.0,27,19.0,14.0,0.4,0.6,13.0,1.0,0.8,27.0,3,5.0,-14.0,0.0,0.8666666666666667,1.0,-0.1333333333333333,-0.7333333333333333,-0.7333333333333333,0.0,0
2024-12-27,20:15,Arouca,Gil Vicente,1.0,1.0,D,0.0,0.0,D,0.0,1.0,0.0,0.0,24-25,18,10,11,17,3,4,-17.0,-7.0,15,15,44.0,37.0,2.0,2.0,23,7.0,12.0,0.6,1.4,13.0,1.0,1.6,26.0,8,-5.0,-13.0,-10.0,0.7333333333333333,1.1333333333333333,-0.4,-1.1333333333333333,-0.4666666666666667,-0.6666666666666666,0
2024-12-23,20:45,Estrela,Rio Ave,1.0,0.0,H,1.0,0.0,H,4.0,3.0,0.0,0.0,24-25,16,11,12,16,3,4,-12.0,-10.0,14,14,34.0,31.0,1.0,2.0,26,14.0,11.0,1.0,1.8,18.0,1.8,1.4,21.0,5,3.0,-3.0,-2.0,0.8571428571428571,1.1428571428571428,-0.2857142857142857,-0.8571428571428571,-0.7142857142857143,-0.1428571428571428,0
2024-12-23,18:45,Guimaraes,Nacional,2.0,2.0,D,1.0,1.0,D,1.0,1.0,0.0,0.0,24-25,6,15,22,12,6,3,4.0,-11.0,14,14,35.0,34.0,0.0,1.0,8,5.0,19.0,1.4,0.8,17.0,0.4,1.2,14.0,-9,-14.0,3.0,15.0,1.5714285714285714,0.8571428571428571,0.7142857142857143,0.2857142857142857,-0.7857142857142857,1.0714285714285714,0
2024-12-23,18:45,Benfica,Estoril,3.0,0.0,H,1.0,0.0,H,1.0,1.0,0.0,0.0,24-25,3,12,35,14,11,3,26.0,-9.0,14,14,30.0,44.0,0.0,0.0,6,2.0,13.0,2.0,0.4,37.0,0.8,1.8,15.0,-9,-11.0,22.0,35.0,2.5,1.0,1.5,1.8571428571428572,-0.6428571428571429,2.5,0
2024-12-22,20:30,Gil Vicente,Sp Lisbon,0.0,0.0,D,0.0,0.0,D,3.0,1.0,0.0,0.0,24-25,10,2,16,36,4,12,-7.0,33.0,14,14,34.0,17.0,2.0,0.0,20,12.0,1.0,1.2,2.0,27.0,2.6,1.6,24.0,8,11.0,3.0,-40.0,1.1428571428571428,2.5714285714285716,-1.4285714285714288,-0.5,2.357142857142857,-2.857142857142857,0
2024-12-22,17:00,Santa Clara,Sp Braga,0.0,2.0,A,0.0,0.0,D,3.0,5.0,1.0,0.0,24-25,4,5,27,25,9,7,3.0,9.0,14,14,45.0,25.0,1.0,1.0,19,19.0,4.0,0.6,0.6,27.0,2.0,2.0,21.0,-1,15.0,6.0,-6.0,1.9285714285714286,1.7857142857142858,0.1428571428571428,0.21428571428571427,0.6428571428571429,-0.4285714285714286,0
2024-12-21,20:30,Moreirense,Porto,0.0,3.0,A,0.0,1.0,A,3.0,4.0,0.0,0.0,24-25,7,3,20,34,6,11,0.0,24.0,14,14,35.0,31.0,2.0,0.0,12,6.0,3.0,1.4,1.6,18.0,2.0,1.0,31.0,4,3.0,-13.0,-24.0,1.4285714285714286,2.4285714285714284,-0.9999999999999998,0.0,1.7142857142857142,-1.7142857142857142,0
2024-12-21,18:00,Boavista,AVS,0.0,0.0,D,0.0,0.0,D,1.0,2.0,0.0,0.0,24-25,17,14,11,12,2,2,-9.0,-11.0,14,14,39.0,38.0,2.0,3.0,11,15.0,19.0,1.0,1.4,10.0,0.8,1.2,11.0,3,-4.0,-1.0,2.0,0.7857142857142857,0.8571428571428571,-0.0714285714285714,-0.6428571428571429,-0.7857142857142857,0.1428571428571428,0
2024-12-21,15:30,Famalicao,Farense,1.0,2.0,A,0.0,1.0,A,3.0,6.0,0.0,0.0,24-25,9,18,19,9,4,2,2.0,-13.0,14,14,30.0,36.0,0.0,1.0,21,8.0,10.0,1.6,1.6,14.0,0.8,1.0,15.0,-9,-2.0,-1.0,15.0,1.3571428571428572,0.6428571428571429,0.7142857142857143,0.14285714285714285,-0.9285714285714286,1.0714285714285714,0
2024-12-20,20:15,Casa Pia,Arouca,3.0,1.0,H,2.0,0.0,H,2.0,3.0,0.0,0.0,24-25,9,17,17,11,4,3,-4.0,-15.0,14,14,35.0,41.0,1.0,2.0,25,9.0,7.0,1.2,1.2,22.0,0.6,1.2,17.0,-8,2.0,5.0,11.0,1.2142857142857142,0.7857142857142857,0.4285714285714285,-0.2857142857142857,-1.0714285714285714,0.7857142857142857,3
2024-12-19,17:00,Nacional,Benfica,0.0,2.0,A,0.0,0.0,D,2.0,4.0,0.0,0.0,24-25,13,3,12,32,3,10,-9.0,24.0,13,13,32.0,26.0,1.0,0.0,18,19.0,2.0,0.8,0.8,21.0,2.0,0.6,35.0,10,17.0,-14.0,-33.0,0.9230769230769231,2.4615384615384617,-1.5384615384615385,-0.6923076923076923,1.8461538461538463,-2.5384615384615383,3
2024-12-16,20:45,Rio Ave,Guimaraes,2.0,2.0,D,2.0,0.0,H,2.0,1.0,0.0,0.0,24-25,11,6,15,21,4,6,-10.0,4.0,13,13,29.0,34.0,2.0,0.0,4,11.0,5.0,1.4,2.0,23.0,1.4,0.8,19.0,5,6.0,4.0,-14.0,1.1538461538461537,1.6153846153846154,-0.4615384615384617,-0.7692307692307693,0.3076923076923077,-1.076923076923077,3
2024-12-16,20:15,Porto,Estrela,2.0,0.0,H,1.0,0.0,H,0.0,3.0,0.0,1.0,24-25,3,14,31,12,10,3,22.0,-10.0,13,13,31.0,31.0,0.0,0.0,7,3.0,14.0,2.6,1.0,26.0,1.4,1.8,25.0,-11,-11.0,1.0,32.0,2.3846153846153846,0.9230769230769231,1.4615384615384615,1.6923076923076923,-0.7692307692307693,2.4615384615384617,3
2024-12-16,18:45,Sp Braga,Famalicao,3.0,3.0,D,0.0,1.0,A,0.0,1.0,0.0,0.0,24-25,5,8,24,18,7,4,9.0,2.0,13,13,25.0,29.0,1.0,0.0,14,4.0,8.0,1.8,1.4,26.0,1.0,1.6,14.0,-3,-4.0,12.0,7.0,1.8461538461538463,1.3846153846153846,0.4615384615384617,0.6923076923076923,0.15384615384615385,0.5384615384615384,3
2024-12-15,20:30,Estoril,Casa Pia,0.0,2.0,A,0.0,0.0,D,4.0,3.0,0.0,0.0,24-25,12,11,14,14,3,3,-7.0,-6.0,13,13,40.0,32.0,0.0,1.0,17,13.0,9.0,1.6,1.6,23.0,1.0,1.2,13.0,1,4.0,10.0,-1.0,1.0769230769230769,1.0769230769230769,0.0,-0.5384615384615384,-0.46153846153846156,-0.07692307692307687,3
2024-12-15,18:00,AVS,Benfica,1.0,1.0,D,0.0,1.0,A,2.0,2.0,0.0,0.0,24-25,16,2,11,31,2,10,-11.0,24.0,13,12,36.0,24.0,3.0,0.0,27,19.0,2.0,0.6,2.0,8.0,2.8,0.4,45.0,14,17.0,-37.0,-35.0,0.8461538461538461,2.5833333333333335,-1.7371794871794872,-0.8461538461538461,2.0,-2.8461538461538463,3
2024-12-15,15:30,Arouca,Santa Clara,1.0,0.0,H,0.0,0.0,D,2.0,2.0,0.0,0.0,24-25,18,4,8,27,2,9,-16.0,4.0,13,13,39.0,43.0,2.0,1.0,23,7.0,19.0,0.6,2.0,3.0,1.0,0.6,39.0,14,-12.0,-36.0,-20.0,0.6153846153846154,2.076923076923077,-1.4615384615384617,-1.2307692307692308,0.3076923076923077,-1.5384615384615385,3
2024-12-14,20:30,Sp Lisbon,Boavista,3.0,2.0,H,1.0,1.0,D,3.0,3.0,0.0,0.0,24-25,1,15,33,11,11,2,32.0,-8.0,13,13,14.0,36.0,0.0,2.0,9,1.0,15.0,2.6,1.2,18.0,0.6,1.2,15.0,-14,-14.0,3.0,40.0,2.5384615384615383,0.8461538461538461,1.692307692307692,2.4615384615384617,-0.6153846153846154,3.076923076923077,3
2024-12-14,18:00,Nacional,Moreirense,1.0,0.0,H,0.0,0.0,D,0.0,3.0,0.0,0.0,24-25,16,7,9,20,2,6,-10.0,1.0,12,13,32.0,32.0,1.0,2.0,18,19.0,6.0,0.6,1.0,10.0,1.8,1.4,27.0,9,13.0,-17.0,-11.0,0.75,1.5384615384615385,-0.7884615384615385,-0.8333333333333334,0.07692307692307693,-0.9102564102564104,3
2024-12-14,15:30,Farense,Gil Vicente,0.0,1.0,A,0.0,0.0,D,3.0,2.0,0.0,1.0,24-25,17,12,9,13,2,3,-12.0,-8.0,13,13,33.0,32.0,1.0,1.0,22,10.0,12.0,0.8,1.2,20.0,1.2,2.4,15.0,5,-2.0,5.0,-4.0,0.6923076923076923,1.0,-0.3076923076923077,-0.9230769230769231,-0.6153846153846154,-0.3076923076923077,3
2024-12-09,20:15,Estrela,Arouca,2.0,1.0,H,0.0,1.0,A,4.0,2.0,0.0,0.0,24-25,16,18,9,8,2,2,-11.0,-15.0,12,12,27.0,37.0,0.0,2.0,26,14.0,7.0,1.0,2.2,14.0,0.6,1.8,5.0,-2,7.0,9.0,4.0,0.75,0.6666666666666666,0.08333333333333337,-0.9166666666666666,-1.25,0.33333333333333337,3
2024-12-08,18:00,Casa Pia,AVS,1.0,1.0,D,1.0,0.0,H,0.0,4.0,0.0,0.0,24-25,11,14,13,10,3,2,-6.0,-11.0,12,12,32.0,32.0,1.0,3.0,25,9.0,19.0,0.8,1.4,13.0,0.6,2.0,5.0,-3,-10.0,8.0,5.0,1.0833333333333333,0.8333333333333334,0.2499999999999999,-0.5,-0.9166666666666666,0.41666666666666663,3
2024-12-08,15:30,Boavista,Farense,1.0,1.0,D,0.0,0.0,D,3.0,4.0,1.0,1.0,24-25,13,17,10,8,2,2,-8.0,-12.0,12,12,33.0,29.0,1.0,0.0,11,15.0,10.0,0.8,1.4,15.0,0.8,1.0,22.0,-4,5.0,-7.0,4.0,0.8333333333333334,0.6666666666666666,0.16666666666666674,-0.6666666666666666,-1.0,0.33333333333333337,3
2024-12-07,20:30,Famalicao,Porto,1.0,1.0,D,1.0,0.0,H,2.0,3.0,0.0,0.0,24-25,8,3,17,30,4,10,2.0,22.0,12,12,27.0,28.0,0.0,0.0,21,8.0,3.0,1.0,1.6,14.0,2.8,1.0,33.0,5,5.0,-19.0,-20.0,1.4166666666666667,2.5,-1.0833333333333333,0.16666666666666666,1.8333333333333333,-1.6666666666666665,3
2024-12-07,18:00,Santa Clara,Rio Ave,1.0,0.0,H,1.0,0.0,H,2.0,4.0,0.0,0.0,24-25,5,9,24,15,8,4,3.0,-9.0,12,12,41.0,25.0,1.0,2.0,19,19.0,11.0,0.8,0.8,33.0,1.6,2.0,31.0,-4,8.0,2.0,12.0,2.0,1.25,0.75,0.25,-0.75,1.0,3
2024-12-07,18:00,Benfica,Guimaraes,1.0,0.0,H,1.0,0.0,H,3.0,1.0,0.0,0.0,24-25,3,6,28,21,9,6,23.0,5.0,11,12,21.0,33.0,0.0,0.0,6,2.0,5.0,3.6,0.6,45.0,1.8,1.0,27.0,-3,-3.0,18.0,18.0,2.5454545454545454,1.75,0.7954545454545454,2.090909090909091,0.4166666666666667,1.674242424242424,3
2024-12-07,15:30,Gil Vicente,Nacional,2.0,1.0,H,1.0,0.0,H,3.0,4.0,0.0,0.0,24-25,13,15,10,9,2,2,-9.0,-9.0,12,11,29.0,28.0,1.0,1.0,20,12.0,19.0,1.4,2.2,3.0,0.4,0.6,15.0,-2,-7.0,-12.0,0.0,0.8333333333333334,0.8181818181818182,0.015151515151515138,-0.75,-0.8181818181818182,0.06818181818181823,3
2024-12-06,20:15,Sp Braga,Estoril,2.0,2.0,D,1.0,0.0,H,3.0,5.0,0.0,0.0,24-25,5,11,23,13,7,3,9.0,-7.0,12,12,22.0,35.0,1.0,0.0,14,4.0,13.0,1.6,1.4,30.0,1.2,1.4,25.0,-6,-9.0,5.0,16.0,1.9166666666666667,1.0833333333333333,0.8333333333333335,0.75,-0.5833333333333334,1.3333333333333335,3
2024-12-05,20:15,Moreirense,Sp Lisbon,2.0,1.0,H,2.0,1.0,H,3.0,1.0,0.0,0.0,24-25,8,1,17,33,5,11,0.0,33.0,12,12,29.0,13.0,2.0,0.0,12,6.0,1.0,1.6,1.2,21.0,2.8,0.8,30.0,7,5.0,-9.0,-33.0,1.4166666666666667,2.75,-1.3333333333333333,0.0,2.75,-2.75,3
2024-12-02,20:45,Porto,Casa Pia,2.0,0.0,H,0.0,0.0,D,3.0,0.0,0.0,0.0,24-25,3,10,27,13,9,3,20.0,-4.0,11,11,25.0,32.0,0.0,1.0,7,3.0,9.0,3.2,1.0,30.0,1.0,1.2,19.0,-7,-6.0,11.0,24.0,2.4545454545454546,1.1818181818181819,1.2727272727272727,1.8181818181818181,-0.36363636363636365,2.1818181818181817,3
2024-12-02,18:45,Guimaraes,Gil Vicente,4.0,0.0,H,1.0,0.0,H,1.0,2.0,0.0,0.0,24-25,6,12,18,10,5,2,1.0,-5.0,11,11,32.0,27.0,0.0,1.0,8,5.0,12.0,1.2,1.2,18.0,1.6,2.4,6.0,-6,-7.0,12.0,6.0,1.6363636363636365,0.9090909090909091,0.7272727272727274,0.09090909090909091,-0.45454545454545453,0.5454545454545454,3
2024-12-01,20:30,AVS,Sp Braga,0.0,1.0,A,0.0,0.0,D,3.0,1.0,2.0,0.0,24-25,14,5,10,20,2,6,-10.0,8.0,11,11,29.0,21.0,1.0,1.0,27,19.0,4.0,0.6,1.8,8.0,2.2,1.4,24.0,9,15.0,-16.0,-18.0,0.9090909090909091,1.8181818181818181,-0.9090909090909091,-0.9090909090909091,0.7272727272727273,-1.6363636363636362,3
2024-12-01,18:00,Arouca,Benfica,0.0,2.0,A,0.0,1.0,A,2.0,3.0,0.0,0.0,24-25,18,3,8,25,2,8,-13.0,21.0,11,10,35.0,18.0,2.0,0.0,23,7.0,2.0,0.6,2.2,7.0,3.8,0.6,45.0,15,5.0,-38.0,-34.0,0.7272727272727273,2.5,-1.7727272727272727,-1.1818181818181819,2.1,-3.281818181818182,3
2024-12-01,15:30,Estoril,Famalicao,2.0,1.0,H,2.0,1.0,H,2.0,4.0,0.0,0.0,24-25,12,7,10,17,2,4,-8.0,3.0,11,11,33.0,23.0,0.0,0.0,17,13.0,8.0,0.8,1.8,14.0,0.8,1.2,20.0,5,5.0,-6.0,-11.0,0.9090909090909091,1.5454545454545454,-0.6363636363636364,-0.7272727272727273,0.2727272727272727,-1.0,3
2024-11-30,20:30,Sp Lisbon,Santa Clara,0.0,1.0,A,0.0,1.0,A,2.0,8.0,0.0,0.0,24-25,1,4,33,21,11,7,34.0,2.0,11,11,11.0,33.0,0.0,1.0,9,1.0,19.0,3.4,0.6,45.0,0.8,0.8,27.0,-3,-18.0,18.0,32.0,3.0,1.9090909090909092,1.0909090909090908,3.090909090909091,0.18181818181818182,2.909090909090909,3
2024-11-30,18:00,Nacional,Boavista,0.0,0.0,D,0.0,0.0,D,1.0,2.0,0.0,0.0,24-25,16,14,8,9,2,2,-9.0,-8.0,10,11,27.0,31.0,1.0,1.0,18,19.0,15.0,0.4,1.2,14.0,0.8,1.6,14.0,2,4.0,0.0,-1.0,0.8,0.8181818181818182,-0.018181818181818188,-0.9,-0.7272727272727273,-0.17272727272727273,3
2024-11-30,15:30,Rio Ave,Moreirense,3.0,2.0,H,1.0,0.0,H,3.0,3.0,0.0,0.0,24-25,10,8,12,17,3,5,-10.0,1.0,11,11,22.0,26.0,2.0,2.0,4,11.0,6.0,1.0,2.4,21.0,1.4,1.0,30.0,2,5.0,-9.0,-11.0,1.0909090909090908,1.5454545454545454,-0.4545454545454546,-0.9090909090909091,0.09090909090909091,-1.0,3
2024-11-29,20:15,Farense,Estrela,1.0,0.0,H,1.0,0.0,H,4.0,2.0,0.0,0.0,24-25,18,15,5,9,1,2,-13.0,-10.0,11,11,25.0,25.0,0.0,0.0,22,10.0,14.0,0.6,1.0,12.0,1.4,2.2,21.0,3,-4.0,-9.0,-3.0,0.45454545454545453,0.8181818181818182,-0.3636363636363637,-1.1818181818181819,-0.9090909090909091,-0.2727272727272728,3
2024-11-10,20:45,Benfica,Porto,4.0,1.0,H,1.0,1.0,D,2.0,6.0,0.0,0.0,24-25,3,2,22,27,7,9,18.0,23.0,9,10,16.0,19.0,0.0,0.0,6,2.0,3.0,3.8,0.6,45.0,3.6,0.2,45.0,1,-1.0,0.0,-5.0,2.4444444444444446,2.7,-0.25555555555555554,2.0,2.3,-0.2999999999999998,3
2024-11-10,18:45,Sp Braga,Sp Lisbon,2.0,4.0,A,2.0,0.0,H,5.0,4.0,0.0,0.0,24-25,5,1,20,30,6,10,10.0,32.0,10,10,16.0,7.0,1.0,0.0,14,4.0,1.0,2.4,0.6,36.0,3.2,0.2,45.0,4,3.0,-9.0,-22.0,2.0,3.0,-1.0,1.0,3.2,-2.2,3
2024-11-10,16:30,Santa Clara,Guimaraes,1.0,0.0,H,0.0,0.0,D,5.0,6.0,0.0,0.0,24-25,6,5,18,18,6,5,1.0,2.0,10,10,28.0,26.0,1.0,0.0,19,19.0,5.0,0.8,0.8,21.0,1.2,1.6,24.0,1,14.0,-3.0,-1.0,1.8,1.8,0.0,0.1,0.2,-0.1,3
2024-11-10,15:30,Estrela,Nacional,2.0,0.0,H,0.0,0.0,D,1.0,1.0,0.0,0.0,24-25,17,15,6,8,1,2,-12.0,-7.0,10,9,24.0,26.0,0.0,1.0,26,14.0,19.0,1.0,2.4,10.0,0.4,1.0,18.0,2,-5.0,-8.0,-5.0,0.6,0.8888888888888888,-0.28888888888888886,-1.2,-0.7777777777777778,-0.42222222222222217,3
2024-11-09,20:30,Boavista,Rio Ave,0.0,2.0,A,0.0,1.0,A,5.0,3.0,1.0,1.0,24-25,13,14,9,9,2,2,-6.0,-12.0,10,10,26.0,19.0,0.0,1.0,11,15.0,11.0,0.8,1.8,18.0,1.0,2.8,9.0,-1,4.0,9.0,6.0,0.9,0.9,0.0,-0.6,-1.2,0.6,3
2024-11-09,18:00,Famalicao,Arouca,0.0,0.0,D,0.0,0.0,D,5.0,3.0,0.0,0.0,24-25,8,16,16,7,4,2,3.0,-13.0,10,10,18.0,32.0,0.0,2.0,21,8.0,7.0,0.8,1.2,21.0,0.8,2.2,6.0,-8,1.0,15.0,16.0,1.6,0.7,0.9000000000000001,0.3,-1.3,1.6,3
2024-11-09,15:30,Estoril,AVS,0.0,0.0,D,0.0,0.0,D,2.0,0.0,0.0,0.0,24-25,12,13,9,9,2,2,-8.0,-10.0,10,10,31.0,29.0,0.0,1.0,17,13.0,19.0,1.2,2.2,13.0,0.6,2.4,5.0,-1,-6.0,8.0,2.0,0.9,0.9,0.0,-0.8,-1.0,0.19999999999999996,3
2024-11-09,15:30,Casa Pia,Farense,1.0,1.0,D,1.0,1.0,D,4.0,3.0,0.0,0.0,24-25,9,18,12,4,3,1,-4.0,-13.0,10,10,28.0,22.0,1.0,0.0,25,9.0,10.0,1.0,1.2,20.0,0.4,1.0,11.0,-9,-1.0,9.0,9.0,1.2,0.4,0.7999999999999999,-0.4,-1.3,0.9,3
2024-11-08,20:15,Moreirense,Gil Vicente,3.0,2.0,H,0.0,1.0,A,2.0,5.0,0.0,0.0,24-25,8,10,14,10,4,2,0.0,-4.0,10,10,24.0,22.0,2.0,1.0,12,6.0,12.0,0.8,0.6,22.0,1.4,2.0,10.0,-2,-6.0,12.0,4.0,1.4,1.0,0.3999999999999999,0.0,-0.4,0.4,3
2024-11-04,20:15,Nacional,Santa Clara,2.0,0.0,H,2.0,0.0,H,4.0,7.0,0.0,0.0,24-25,17,5,5,18,1,6,-9.0,3.0,8,9,22.0,21.0,1.0,1.0,18,19.0,19.0,0.4,1.0,7.0,1.0,1.2,30.0,12,0.0,-23.0,-12.0,0.625,2.0,-1.375,-1.125,0.3333333333333333,-1.4583333333333333,3
2024-11-03,20:30,Porto,Estoril,4.0,0.0,H,2.0,0.0,H,0.0,2.0,0.0,0.0,24-25,2,11,24,9,8,2,19.0,-4.0,9,9,19.0,29.0,0.0,0.0,7,3.0,13.0,3.2,0.4,45.0,1.4,1.4,20.0,-9,-10.0,25.0,23.0,2.6666666666666665,1.0,1.6666666666666665,2.111111111111111,-0.4444444444444444,2.5555555555555554,3
2024-11-03,18:00,Guimaraes,Moreirense,1.0,0.0,H,0.0,0.0,D,0.0,1.0,0.0,0.0,24-25,7,8,15,14,4,4,1.0,1.0,9,9,26.0,23.0,0.0,2.0,8,5.0,6.0,1.4,1.6,15.0,1.0,1.0,29.0,-1,-1.0,-14.0,0.0,1.6666666666666667,1.5555555555555556,0.11111111111111116,0.1111111111111111,0.1111111111111111,0.0,3
2024-11-03,18:00,Arouca,Sp Braga,1.0,2.0,A,0.0,1.0,A,3.0,2.0,0.0,0.0,24-25,15,5,7,17,2,5,-12.0,9.0,9,9,29.0,14.0,2.0,1.0,23,7.0,4.0,0.6,2.4,10.0,2.0,0.8,30.0,10,3.0,-20.0,-21.0,0.7777777777777778,1.8888888888888888,-1.1111111111111112,-1.3333333333333333,1.0,-2.333333333333333,3
2024-11-03,15:30,AVS,Famalicao,2.0,3.0,A,2.0,2.0,D,4.0,1.0,0.0,0.0,24-25,13,8,9,13,2,3,-9.0,2.0,9,9,25.0,17.0,1.0,0.0,27,19.0,8.0,0.4,1.8,10.0,0.4,1.0,10.0,5,11.0,0.0,-11.0,1.0,1.4444444444444444,-0.4444444444444444,-1.0,0.2222222222222222,-1.2222222222222223,3
2024-11-02,20:30,Gil Vicente,Boavista,1.0,2.0,A,0.0,0.0,D,3.0,2.0,0.0,0.0,24-25,10,15,10,6,2,1,-3.0,-7.0,9,9,19.0,24.0,1.0,0.0,20,12.0,15.0,1.4,1.8,15.0,0.8,2.0,5.0,-5,-3.0,10.0,4.0,1.1111111111111112,0.6666666666666666,0.44444444444444453,-0.3333333333333333,-0.7777777777777778,0.4444444444444445,3
2024-11-02,18:00,Farense,Benfica,1.0,2.0,A,1.0,1.0,D,1.0,0.0,0.0,0.0,24-25,18,3,4,19,1,6,-12.0,17.0,9,8,21.0,16.0,0.0,0.0,22,10.0,2.0,0.4,1.0,15.0,3.6,0.6,43.0,15,8.0,-28.0,-29.0,0.4444444444444444,2.375,-1.9305555555555556,-1.3333333333333333,2.125,-3.458333333333333,3
2024-11-02,15:30,Rio Ave,Casa Pia,2.0,2.0,D,2.0,2.0,D,3.0,3.0,0.0,0.0,24-25,13,9,8,11,2,3,-12.0,-4.0,9,9,16.0,25.0,1.0,1.0,4,11.0,9.0,0.6,2.6,6.0,1.2,1.0,23.0,4,2.0,-17.0,-8.0,0.8888888888888888,1.2222222222222223,-0.3333333333333335,-1.3333333333333333,-0.4444444444444444,-0.8888888888888888,3
2024-11-01,20:15,Sp Lisbon,Estrela,5.0,1.0,H,3.0,1.0,H,0.0,0.0,0.0,0.0,24-25,1,16,27,6,9,1,28.0,-8.0,9,9,7.0,24.0,0.0,0.0,9,1.0,14.0,2.8,0.0,45.0,1.2,1.8,15.0,-15,-13.0,30.0,36.0,3.0,0.6666666666666666,2.3333333333333335,3.111111111111111,-0.8888888888888888,4.0,3
2024-10-28,20:15,AVS,Porto,0.0,5.0,A,0.0,4.0,A,2.0,1.0,0.0,0.0,24-25,12,2,9,21,2,7,-4.0,14.0,8,8,23.0,18.0,1.0,0.0,27,19.0,3.0,0.6,1.2,15.0,2.2,0.8,42.0,10,16.0,-27.0,-18.0,1.125,2.625,-1.5,-0.5,1.75,-2.25,3
2024-10-27,20:30,Estrela,Guimaraes,2.0,2.0,D,1.0,1.0,D,2.0,3.0,0.0,0.0,24-25,16,7,5,14,1,4,-8.0,1.0,8,8,22.0,23.0,0.0,0.0,26,14.0,5.0,0.8,1.6,14.0,1.4,1.4,18.0,9,9.0,-4.0,-9.0,0.625,1.75,-1.125,-1.0,0.125,-1.125,3
2024-10-27,18:00,Benfica,Rio Ave,5.0,0.0,H,3.0,0.0,H,1.0,1.0,0.0,0.0,24-25,5,13,16,8,5,2,12.0,-7.0,7,8,15.0,15.0,0.0,1.0,6,2.0,11.0,2.8,0.6,41.0,0.8,1.6,11.0,-8,-9.0,30.0,19.0,2.2857142857142856,1.0,1.2857142857142856,1.7142857142857142,-0.875,2.5892857142857144,3
2024-10-27,15:30,Sp Braga,Farense,2.0,0.0,H,1.0,0.0,H,1.0,2.0,0.0,0.0,24-25,5,18,14,4,4,1,7.0,-10.0,8,8,13.0,19.0,1.0,0.0,14,4.0,10.0,1.6,0.8,22.0,0.4,1.0,19.0,-13,-6.0,3.0,17.0,1.75,0.5,1.25,0.875,-1.25,2.125,3
2024-10-26,20:30,Famalicao,Sp Lisbon,0.0,3.0,A,0.0,0.0,D,1.0,1.0,0.0,0.0,24-25,8,1,13,24,3,8,5.0,25.0,8,8,16.0,6.0,0.0,0.0,21,8.0,1.0,0.6,0.8,14.0,2.6,0.0,45.0,7,7.0,-31.0,-20.0,1.625,3.0,-1.375,0.625,3.125,-2.5,3
2024-10-26,18:00,Boavista,Moreirense,0.0,2.0,A,0.0,1.0,A,1.0,3.0,0.0,0.0,24-25,15,8,6,11,1,3,-5.0,-1.0,8,8,23.0,20.0,0.0,2.0,11,15.0,6.0,0.8,1.6,8.0,0.8,1.2,19.0,7,9.0,-11.0,-4.0,0.75,1.375,-0.625,-0.625,-0.125,-0.5,3
2024-10-26,15:30,Estoril,Arouca,4.0,1.0,H,2.0,1.0,H,4.0,2.0,0.0,0.0,24-25,15,13,6,7,1,2,-7.0,-9.0,8,8,25.0,27.0,0.0,2.0,17,13.0,7.0,0.6,1.2,10.0,0.4,1.8,14.0,2,6.0,-4.0,2.0,0.75,0.875,-0.125,-0.875,-1.125,0.25,3
2024-10-25,20:45,Santa Clara,Gil Vicente,2.0,1.0,H,2.0,1.0,H,2.0,4.0,0.0,0.0,24-25,4,10,15,10,5,2,2.0,-2.0,8,8,19.0,15.0,1.0,1.0,19,19.0,12.0,1.0,1.2,24.0,1.2,1.4,21.0,-6,7.0,3.0,4.0,1.875,1.25,0.625,0.25,-0.25,0.5,3
2024-10-25,18:45,Casa Pia,Nacional,1.0,0.0,H,1.0,0.0,H,3.0,3.0,0.0,0.0,24-25,11,17,8,5,2,1,-5.0,-8.0,8,7,22.0,19.0,1.0,1.0,25,9.0,19.0,1.2,1.0,16.0,0.4,1.0,11.0,-6,-10.0,5.0,3.0,1.0,0.7142857142857143,0.2857142857142857,-0.625,-1.1428571428571428,0.5178571428571428,3
2024-10-06,20:30,Porto,Sp Braga,2.0,1.0,H,1.0,0.0,H,2.0,2.0,0.0,0.0,24-25,2,5,18,14,6,4,13.0,8.0,7,7,16.0,11.0,0.0,1.0,7,3.0,4.0,2.2,0.6,39.0,2.0,0.6,32.0,-3,-1.0,7.0,5.0,2.5714285714285716,2.0,0.5714285714285716,1.8571428571428572,1.1428571428571428,0.7142857142857144,3
2024-10-06,15:30,Guimaraes,Boavista,2.0,2.0,D,1.0,0.0,H,4.0,5.0,0.0,0.0,24-25,7,15,13,5,4,1,1.0,-5.0,7,7,19.0,18.0,0.0,0.0,8,5.0,15.0,1.0,1.2,20.0,0.4,1.4,5.0,-8,-10.0,15.0,6.0,1.8571428571428572,0.7142857142857143,1.1428571428571428,0.14285714285714285,-0.7142857142857143,0.8571428571428572,3
2024-10-06,15:30,Farense,Estoril,1.0,0.0,H,0.0,0.0,D,4.0,3.0,0.0,0.0,24-25,18,14,1,6,0,1,-11.0,-6.0,7,7,15.0,22.0,0.0,0.0,22,10.0,13.0,0.2,2.0,5.0,0.6,1.0,16.0,4,-3.0,-11.0,-5.0,0.14285714285714285,0.8571428571428571,-0.7142857142857142,-1.5714285714285714,-0.8571428571428571,-0.7142857142857143,3
2024-10-05,20:30,Sp Lisbon,Casa Pia,2.0,0.0,H,1.0,0.0,H,1.0,2.0,0.0,0.0,24-25,1,11,21,8,7,2,23.0,-3.0,7,7,5.0,20.0,0.0,1.0,9,1.0,9.0,3.2,0.0,45.0,1.2,1.0,24.0,-10,-8.0,21.0,26.0,3.0,1.1428571428571428,1.8571428571428572,3.2857142857142856,-0.42857142857142855,3.714285714285714,3
2024-10-05,18:00,Arouca,AVS,1.0,1.0,D,1.0,0.0,H,3.0,2.0,0.0,0.0,24-25,14,11,6,8,2,2,-9.0,-4.0,7,7,24.0,21.0,2.0,1.0,23,7.0,19.0,0.4,1.6,15.0,0.6,1.0,17.0,3,-12.0,-2.0,-5.0,0.8571428571428571,1.1428571428571428,-0.2857142857142857,-1.2857142857142858,-0.5714285714285714,-0.7142857142857144,3
2024-10-05,15:30,Moreirense,Santa Clara,1.0,0.0,H,0.0,0.0,D,0.0,0.0,0.0,0.0,24-25,8,4,8,15,2,5,-2.0,3.0,7,7,20.0,19.0,2.0,1.0,12,6.0,19.0,0.8,1.8,6.0,1.4,1.0,36.0,4,-13.0,-30.0,-5.0,1.1428571428571428,2.142857142857143,-1.0,-0.2857142857142857,0.42857142857142855,-0.7142857142857142,3
2024-10-05,15:30,Gil Vicente,Estrela,3.0,0.0,H,2.0,0.0,H,2.0,1.0,0.0,0.0,24-25,12,15,7,5,1,1,-5.0,-5.0,7,7,13.0,21.0,1.0,0.0,20,12.0,14.0,0.6,1.4,10.0,0.8,1.2,18.0,-3,-2.0,-8.0,0.0,1.0,0.7142857142857143,0.2857142857142857,-0.7142857142857143,-0.7142857142857143,0.0,3
2024-10-04,20:15,Rio Ave,Famalicao,1.0,1.0,D,0.0,0.0,D,4.0,3.0,0.0,0.0,24-25,12,7,7,12,2,3,-7.0,5.0,7,7,11.0,13.0,1.0,0.0,4,11.0,8.0,0.6,1.8,10.0,0.6,0.6,15.0,5,3.0,-5.0,-12.0,1.0,1.7142857142857142,-0.7142857142857142,-1.0,0.7142857142857143,-1.7142857142857144,3
2024-09-30,20:15,AVS,Farense,0.0,0.0,D,0.0,0.0,D,4.0,3.0,0.0,0.0,24-25,10,18,7,0,2,0,-4.0,-11.0,6,6,17.0,12.0,1.0,0.0,27,19.0,10.0,1.0,1.8,18.0,0.2,2.2,0.0,-8,9.0,18.0,7.0,1.1666666666666667,0.0,1.1666666666666667,-0.6666666666666666,-1.8333333333333333,1.1666666666666665,3
2024-09-29,20:30,Sp Braga,Rio Ave,4.0,0.0,H,2.0,0.0,H,0.0,2.0,0.0,0.0,24-25,7,10,11,7,3,2,4.0,-3.0,6,6,11.0,9.0,1.0,1.0,14,4.0,11.0,1.4,0.6,27.0,0.8,1.0,17.0,-3,-7.0,10.0,7.0,1.8333333333333333,1.1666666666666667,0.6666666666666665,0.6666666666666666,-0.5,1.1666666666666665,3
2024-09-29,20:30,Santa Clara,Boavista,1.0,0.0,H,1.0,0.0,H,4.0,3.0,0.0,0.0,24-25,6,15,12,5,4,1,2.0,-4.0,6,6,15.0,15.0,1.0,0.0,19,19.0,15.0,1.2,1.4,30.0,0.4,1.4,7.0,-9,4.0,23.0,6.0,2.0,0.8333333333333334,1.1666666666666665,0.3333333333333333,-0.6666666666666666,1.0,3
2024-09-29,18:00,Porto,Arouca,4.0,0.0,H,0.0,0.0,D,2.0,3.0,0.0,1.0,24-25,3,13,15,6,5,2,9.0,-5.0,6,6,14.0,21.0,0.0,1.0,7,3.0,7.0,1.8,0.6,36.0,0.6,1.4,21.0,-10,-4.0,15.0,14.0,2.5,1.0,1.5,1.5,-0.8333333333333334,2.3333333333333335,3
2024-09-29,15:30,Famalicao,Nacional,0.0,0.0,D,0.0,0.0,D,1.0,4.0,0.0,0.0,24-25,6,17,11,4,3,1,5.0,-8.0,6,6,12.0,15.0,0.0,1.0,21,8.0,19.0,1.2,0.6,18.0,0.6,2.2,9.0,-11,-11.0,9.0,13.0,1.8333333333333333,0.6666666666666666,1.1666666666666665,0.8333333333333334,-1.3333333333333333,2.1666666666666665,3
2024-09-28,20:30,Benfica,Gil Vicente,5.0,1.0,H,2.0,1.0,H,1.0,2.0,0.0,0.0,24-25,3,10,13,7,4,1,8.0,-1.0,6,6,14.0,11.0,0.0,1.0,6,2.0,12.0,2.4,0.4,39.0,1.2,0.8,17.0,-7,-10.0,22.0,9.0,2.1666666666666665,1.1666666666666667,0.9999999999999998,1.3333333333333333,-0.16666666666666666,1.5,3
2024-09-28,18:00,Casa Pia,Guimaraes,1.0,1.0,D,1.0,0.0,H,2.0,0.0,0.0,0.0,24-25,10,5,7,12,2,4,-3.0,1.0,6,6,18.0,19.0,1.0,0.0,25,9.0,5.0,1.0,1.4,26.0,1.0,1.0,24.0,5,4.0,2.0,-4.0,1.1666666666666667,2.0,-0.8333333333333333,-0.5,0.16666666666666666,-0.6666666666666666,3
2024-09-28,15:30,Estrela,Moreirense,2.0,1.0,H,2.0,0.0,H,3.0,3.0,0.0,1.0,24-25,17,8,2,8,0,2,-6.0,-1.0,6,6,18.0,17.0,0.0,1.0,26,14.0,6.0,0.4,1.6,4.0,1.2,1.6,11.0,9,8.0,-7.0,-5.0,0.3333333333333333,1.3333333333333333,-1.0,-1.0,-0.16666666666666666,-0.8333333333333334,3
2024-09-27,20:15,Estoril,Sp Lisbon,0.0,3.0,A,0.0,2.0,A,2.0,0.0,0.0,0.0,24-25,13,1,6,18,1,6,-3.0,20.0,6,6,20.0,5.0,0.0,0.0,17,13.0,1.0,0.6,0.6,22.0,3.8,0.2,45.0,12,12.0,-23.0,-23.0,1.0,3.0,-2.0,-0.5,3.3333333333333335,-3.8333333333333335,3
2024-09-23,20:15,Boavista,Benfica,0.0,3.0,A,0.0,2.0,A,2.0,0.0,0.0,0.0,24-25,15,7,5,10,1,3,-1.0,5.0,5,5,13.0,14.0,0.0,0.0,11,15.0,2.0,0.6,0.8,12.0,1.8,0.8,34.0,8,13.0,-22.0,-6.0,1.0,2.0,-1.0,-0.2,1.0,-1.2,3
2024-09-22,20:30,Sp Lisbon,AVS,3.0,0.0,H,2.0,0.0,H,0.0,3.0,0.0,0.0,24-25,1,9,15,7,5,2,17.0,-1.0,5,5,5.0,14.0,0.0,1.0,9,1.0,19.0,3.8,0.4,45.0,1.2,1.4,25.0,-8,-18.0,20.0,18.0,3.0,1.4,1.6,3.4,-0.2,3.6,2
2024-09-22,18:00,Farense,Arouca,0.0,1.0,A,0.0,1.0,A,1.0,4.0,0.0,0.0,24-25,18,16,0,3,0,1,-10.0,-6.0,5,5,11.0,17.0,0.0,1.0,22,10.0,7.0,0.4,2.4,0.0,0.4,1.6,9.0,2,3.0,-9.0,-4.0,0.0,0.6,-0.6,-2.0,-1.2,-0.8,2
2024-09-22,15:30,Gil Vicente,Casa Pia,1.0,1.0,D,1.0,0.0,H,2.0,5.0,0.0,0.0,24-25,11,12,6,6,1,2,-1.0,-3.0,5,5,9.0,13.0,1.0,1.0,20,12.0,9.0,1.0,1.2,18.0,0.8,1.4,27.0,-1,3.0,-9.0,2.0,1.2,1.2,0.0,-0.2,-0.6,0.39999999999999997,2
2024-09-21,20:30,Moreirense,Famalicao,0.0,0.0,D,0.0,0.0,D,5.0,3.0,0.0,0.0,24-25,8,7,7,10,2,3,-1.0,5.0,5,5,12.0,9.0,1.0,0.0,12,6.0,8.0,1.6,1.8,13.0,1.6,0.6,23.0,1,-2.0,-10.0,-6.0,1.4,2.0,-0.6000000000000001,-0.2,1.0,-1.2,2
2024-09-21,18:00,Guimaraes,Porto,0.0,3.0,A,0.0,0.0,D,4.0,4.0,0.0,0.0,24-25,3,2,12,12,4,4,4.0,6.0,5,5,15.0,10.0,0.0,0.0,8,5.0,3.0,1.2,0.4,36.0,1.8,0.6,33.0,1,2.0,3.0,-2.0,2.4,2.4,0.0,0.8,1.2,-0.3999999999999999,2
2024-09-21,15:30,Santa Clara,Estrela,1.0,0.0,H,0.0,0.0,D,2.0,3.0,0.0,0.0,24-25,7,17,9,2,3,0,1.0,-5.0,5,5,13.0,15.0,1.0,0.0,19,19.0,14.0,1.8,1.6,24.0,0.6,1.6,6.0,-10,5.0,18.0,6.0,1.8,0.4,1.4,0.2,-1.0,1.2,2
2024-09-21,15:30,Rio Ave,Estoril,2.0,2.0,D,1.0,0.0,H,2.0,2.0,0.0,0.0,24-25,12,14,6,5,2,1,-3.0,-3.0,5,5,7.0,18.0,1.0,0.0,4,11.0,13.0,0.6,1.2,18.0,0.4,1.0,22.0,-2,-2.0,-4.0,0.0,1.2,1.0,0.19999999999999996,-0.6,-0.6,0.0,2
2024-09-20,20:15,Nacional,Sp Braga,0.0,3.0,A,0.0,0.0,D,3.0,3.0,0.0,0.0,24-25,15,7,4,8,1,2,-5.0,1.0,5,5,12.0,8.0,1.0,1.0,18,19.0,4.0,0.8,1.8,13.0,1.0,0.8,20.0,8,15.0,-7.0,-6.0,0.8,1.6,-0.8,-1.0,0.2,-1.2,2
2024-09-16,20:15,Estrela,Boavista,2.0,2.0,D,1.0,2.0,A,3.0,4.0,0.0,0.0,24-25,17,14,1,4,0,1,-5.0,-1.0,4,4,12.0,9.0,0.0,0.0,26,14.0,15.0,0.25,1.5,2.0,0.25,0.5,11.0,3,-1.0,-9.0,-4.0,0.25,1.0,-0.75,-1.25,-0.25,-1.0,2
2024-09-15,20:30,Sp Braga,Guimaraes,0.0,2.0,A,0.0,0.0,D,3.0,3.0,1.0,0.0,24-25,7,5,8,9,2,3,3.0,2.0,4,4,5.0,12.0,0.0,0.0,14,4.0,5.0,1.25,0.5,28.0,1.0,0.5,30.0,2,-1.0,-2.0,1.0,2.0,2.25,-0.25,0.75,0.5,0.25,2
2024-09-15,18:00,Estoril,Nacional,1.0,0.0,H,1.0,0.0,H,2.0,1.0,0.0,1.0,24-25,16,14,2,4,0,1,-4.0,-4.0,4,4,16.0,11.0,0.0,0.0,17,13.0,19.0,0.25,1.25,9.0,1.0,2.0,17.0,2,-6.0,-8.0,0.0,0.5,1.0,-0.5,-1.0,-1.0,0.0,2
2024-09-15,15:30,Porto,Farense,2.0,1.0,H,0.0,0.0,D,2.0,3.0,0.0,0.0,24-25,4,18,9,0,3,0,5.0,-9.0,4,4,8.0,8.0,0.0,0.0,7,3.0,10.0,1.75,0.5,27.0,0.25,2.5,0.0,-14,-7.0,27.0,14.0,2.25,0.0,2.25,1.25,-2.25,3.5,2
2024-09-14,20:30,Famalicao,Gil Vicente,1.0,1.0,D,1.0,0.0,H,1.0,0.0,0.0,0.0,24-25,4,12,9,5,3,1,5.0,-1.0,4,4,8.0,9.0,0.0,1.0,21,8.0,12.0,1.75,0.5,27.0,1.0,1.25,18.0,-8,-4.0,9.0,6.0,2.25,1.25,1.0,1.25,-0.25,1.5,2
2024-09-14,20:30,Benfica,Santa Clara,4.0,1.0,H,2.0,1.0,H,1.0,3.0,0.0,0.0,24-25,7,4,7,9,2,3,2.0,4.0,4,4,13.0,10.0,0.0,1.0,6,2.0,19.0,1.25,0.75,26.0,2.0,1.0,33.0,3,-17.0,-7.0,-2.0,1.75,2.25,-0.5,0.5,1.0,-0.5,2
2024-09-14,18:00,AVS,Rio Ave,1.0,0.0,H,0.0,0.0,D,4.0,2.0,0.0,0.0,24-25,13,9,4,6,1,2,-2.0,-2.0,4,4,10.0,5.0,1.0,1.0,27,19.0,11.0,1.25,1.75,14.0,0.75,1.25,24.0,4,8.0,-10.0,0.0,1.0,1.5,-0.5,-0.5,-0.5,0.0,2
2024-09-14,15:30,Casa Pia,Moreirense,3.0,1.0,H,0.0,1.0,A,5.0,2.0,0.0,0.0,24-25,14,8,3,7,1,2,-5.0,1.0,4,4,8.0,10.0,1.0,1.0,25,9.0,6.0,0.25,1.5,15.0,1.75,1.5,20.0,6,3.0,-5.0,-6.0,0.75,1.75,-1.0,-1.25,0.25,-1.5,2
2024-09-13,20:15,Arouca,Sp Lisbon,0.0,3.0,A,0.0,1.0,A,3.0,0.0,0.0,0.0,24-25,14,1,3,12,1,4,-3.0,14.0,4,4,14.0,5.0,1.0,0.0,23,7.0,1.0,0.5,1.25,12.0,4.0,0.5,42.0,13,6.0,-30.0,-17.0,0.75,3.0,-2.25,-0.75,3.5,-4.25,2
2024-09-01,20:30,Guimaraes,Famalicao,2.0,1.0,H,1.0,1.0,D,5.0,3.0,0.0,0.0,24-25,8,2,6,9,2,3,1.0,6.0,3,3,7.0,5.0,0.0,0.0,8,5.0,8.0,0.6666666666666666,0.3333333333333333,21.0,2.0,0.0,36.0,6,-3.0,-15.0,-5.0,2.0,3.0,-1.0,0.3333333333333333,2.0,-1.6666666666666667,2
2024-09-01,20:30,Gil Vicente,Sp Braga,0.0,0.0,D,0.0,0.0,D,4.0,1.0,0.0,0.0,24-25,10,5,4,7,1,2,-1.0,3.0,3,3,5.0,4.0,1.0,0.0,20,12.0,4.0,1.3333333333333333,1.6666666666666667,17.0,1.6666666666666667,0.6666666666666666,30.0,5,8.0,-13.0,-4.0,1.3333333333333333,2.3333333333333335,-1.0000000000000002,-0.3333333333333333,1.0,-1.3333333333333333,2
2024-09-01,18:00,Rio Ave,Arouca,1.0,0.0,H,1.0,0.0,H,1.0,3.0,0.0,0.0,24-25,14,13,3,3,1,1,-3.0,-2.0,3,3,4.0,11.0,1.0,1.0,4,11.0,7.0,0.6666666666666666,1.6666666666666667,12.0,0.6666666666666666,1.3333333333333333,15.0,1,4.0,-3.0,-1.0,1.0,1.0,0.0,-1.0,-0.6666666666666666,-0.33333333333333337,2
2024-09-01,15:30,Nacional,Farense,2.0,0.0,H,1.0,0.0,H,3.0,3.0,0.0,0.0,24-25,17,18,1,0,0,0,-6.0,-7.0,3,3,8.0,5.0,0.0,0.0,18,19.0,10.0,0.6666666666666666,2.6666666666666665,3.0,0.3333333333333333,2.6666666666666665,0.0,-1,9.0,3.0,1.0,0.3333333333333333,0.0,0.3333333333333333,-2.0,-2.3333333333333335,0.3333333333333335,2
2024-08-31,20:30,Sp Lisbon,Porto,2.0,0.0,H,0.0,0.0,D,1.0,5.0,0.0,0.0,24-25,1,2,9,9,3,3,12.0,7.0,3,3,4.0,3.0,0.0,0.0,9,1.0,3.0,4.666666666666667,0.6666666666666666,36.0,2.3333333333333335,0.0,36.0,-1,-2.0,0.0,5.0,3.0,3.0,0.0,4.0,2.3333333333333335,1.6666666666666665,2
2024-08-31,18:00,Estrela,Casa Pia,0.0,1.0,A,0.0,0.0,D,1.0,1.0,0.0,0.0,24-25,15,17,1,0,0,0,-4.0,-6.0,3,3,11.0,7.0,0.0,1.0,26,14.0,9.0,0.3333333333333333,1.6666666666666667,3.0,0.0,2.0,0.0,-2,5.0,3.0,2.0,0.3333333333333333,0.0,0.3333333333333333,-1.3333333333333333,-2.0,0.6666666666666667,2
2024-08-31,18:00,Boavista,Estoril,0.0,0.0,D,0.0,0.0,D,2.0,5.0,0.0,0.0,24-25,11,14,3,1,1,0,-1.0,-4.0,3,3,7.0,11.0,0.0,0.0,11,15.0,13.0,0.3333333333333333,0.6666666666666666,9.0,0.3333333333333333,1.6666666666666667,5.0,-3,2.0,4.0,3.0,1.0,0.3333333333333333,0.6666666666666667,-0.3333333333333333,-1.3333333333333333,1.0,2
2024-08-31,15:30,Santa Clara,AVS,2.0,1.0,H,1.0,1.0,D,1.0,2.0,0.0,0.0,24-25,7,9,6,4,2,1,3.0,-1.0,3,3,9.0,8.0,1.0,1.0,19,19.0,19.0,2.0,1.0,24.0,1.3333333333333333,1.6666666666666667,18.0,-2,0.0,6.0,4.0,2.0,1.3333333333333333,0.6666666666666667,1.0,-0.3333333333333333,1.3333333333333333,2
2024-08-30,20:15,Moreirense,Benfica,1.0,1.0,D,0.0,0.0,D,3.0,5.0,0.0,0.0,24-25,7,6,6,6,2,2,1.0,2.0,3,3,7.0,8.0,1.0,0.0,12,6.0,2.0,2.0,1.6666666666666667,21.0,1.3333333333333333,0.6666666666666666,27.0,1,4.0,-6.0,-1.0,2.0,2.0,0.0,0.3333333333333333,0.6666666666666666,-0.3333333333333333,2
2024-08-25,20:30,Sp Braga,Moreirense,3.0,1.0,H,1.0,0.0,H,0.0,2.0,0.0,0.0,24-25,8,5,4,6,1,2,1.0,3.0,2,2,4.0,5.0,0.0,1.0,14,4.0,6.0,1.0,0.5,19.0,2.5,1.0,27.0,3,-2.0,-8.0,-2.0,2.0,3.0,-1.0,0.5,1.5,-1.0,2
2024-08-25,20:30,AVS,Guimaraes,1.0,0.0,H,0.0,0.0,D,3.0,3.0,0.0,0.0,24-25,13,7,1,6,0,2,-2.0,2.0,2,2,5.0,4.0,1.0,0.0,27,19.0,5.0,1.5,2.5,4.0,1.0,0.0,27.0,6,14.0,-23.0,-4.0,0.5,3.0,-2.5,-1.0,1.0,-2.0,2
2024-08-25,18:00,Estoril,Gil Vicente,0.0,0.0,D,0.0,0.0,D,4.0,1.0,0.0,0.0,24-25,16,9,0,3,0,1,-4.0,-1.0,2,2,7.0,4.0,0.0,1.0,17,13.0,12.0,0.5,2.5,0.0,2.0,2.5,15.0,7,1.0,-15.0,-3.0,0.0,1.5,-1.5,-2.0,-0.5,-1.5,2
2024-08-25,15:30,Arouca,Nacional,1.0,0.0,H,1.0,0.0,H,2.0,6.0,0.0,0.0,24-25,15,14,0,1,0,0,-3.0,-5.0,2,2,9.0,2.0,1.0,0.0,23,7.0,19.0,0.5,2.0,0.0,1.0,3.5,4.0,1,-12.0,-4.0,2.0,0.0,0.5,-0.5,-1.5,-2.5,1.0,2
2024-08-24,20:30,Famalicao,Boavista,1.0,0.0,H,1.0,0.0,H,1.0,3.0,0.0,0.0,24-25,3,9,6,3,2,1,5.0,0.0,2,2,4.0,4.0,0.0,0.0,21,8.0,15.0,2.5,0.0,27.0,0.5,0.5,12.0,-6,-7.0,15.0,5.0,3.0,1.5,1.5,2.5,0.0,2.5,2
2024-08-24,20:30,Benfica,Estrela,1.0,0.0,H,1.0,0.0,H,4.0,3.0,0.0,0.0,24-25,8,13,3,1,1,0,1.0,-3.0,2,2,4.0,8.0,0.0,0.0,6,2.0,14.0,1.5,1.0,15.0,0.5,2.0,4.0,-5,-12.0,11.0,4.0,1.5,0.5,1.0,0.5,-1.5,2.0,2
2024-08-24,18:00,Porto,Rio Ave,2.0,0.0,H,2.0,0.0,H,0.0,2.0,0.0,1.0,24-25,2,11,6,3,2,1,5.0,-1.0,2,2,3.0,2.0,0.0,0.0,7,3.0,11.0,2.5,0.0,27.0,1.0,1.5,15.0,-9,-8.0,12.0,6.0,3.0,1.5,1.5,2.5,-0.5,3.0,2
2024-08-24,15:30,Casa Pia,Santa Clara,0.0,2.0,A,0.0,0.0,D,4.0,4.0,1.0,0.0,24-25,17,7,0,3,0,1,-4.0,1.0,2,2,3.0,5.0,0.0,1.0,25,9.0,19.0,0.0,2.0,0.0,2.0,1.5,12.0,10,-10.0,-12.0,-5.0,0.0,1.5,-1.5,-2.0,0.5,-2.5,2
2024-08-23,20:15,Farense,Sp Lisbon,0.0,5.0,A,0.0,2.0,A,4.0,1.0,0.0,0.0,24-25,15,1,0,6,0,2,-2.0,7.0,2,2,1.0,3.0,0.0,0.0,22,10.0,1.0,0.5,1.5,0.0,4.5,1.0,27.0,14,9.0,-27.0,-9.0,0.0,3.0,-3.0,-1.0,3.5,-4.5,2
2024-08-19,20:15,Estrela,Famalicao,0.0,3.0,A,0.0,1.0,A,3.0,1.0,0.0,0.0,24-25,12,6,1,3,0,1,0.0,2.0,1,1,5.0,3.0,0.0,0.0,26,14.0,8.0,1.0,1.0,5.0,2.0,0.0,15.0,6,6.0,-10.0,-2.0,1.0,3.0,-2.0,0.0,2.0,-2.0,2
2024-08-18,20:30,Boavista,Sp Braga,0.0,1.0,A,0.0,1.0,A,3.0,1.0,0.0,0.0,24-25,8,11,3,1,1,0,1.0,0.0,1,1,1.0,3.0,0.0,0.0,11,15.0,4.0,1.0,0.0,15.0,1.0,1.0,5.0,-3,11.0,10.0,1.0,3.0,1.0,2.0,1.0,0.0,1.0,2
2024-08-18,18:00,Guimaraes,Estoril,1.0,0.0,H,1.0,0.0,H,2.0,1.0,0.0,0.0,24-25,7,16,3,0,1,0,1.0,-3.0,1,1,2.0,6.0,0.0,0.0,8,5.0,13.0,1.0,0.0,15.0,1.0,4.0,0.0,-9,-8.0,15.0,4.0,3.0,0.0,3.0,1.0,-3.0,4.0,2
2024-08-18,15:30,Moreirense,Arouca,3.0,1.0,H,2.0,1.0,H,1.0,2.0,0.0,0.0,24-25,6,15,3,0,1,0,1.0,-1.0,1,1,4.0,7.0,1.0,1.0,12,6.0,7.0,2.0,1.0,15.0,0.0,1.0,0.0,-9,-1.0,15.0,2.0,3.0,0.0,3.0,1.0,-1.0,2.0,2
2024-08-17,20:30,Benfica,Casa Pia,3.0,0.0,H,0.0,0.0,D,0.0,1.0,0.0,0.0,24-25,17,14,0,0,0,0,-2.0,-1.0,1,1,4.0,2.0,0.0,0.0,6,2.0,9.0,0.0,2.0,0.0,0.0,1.0,0.0,3,-7.0,0.0,-1.0,0.0,0.0,0.0,-2.0,-1.0,-1.0,2
2024-08-17,18:00,Nacional,Sp Lisbon,1.0,6.0,A,1.0,2.0,A,1.0,1.0,0.0,0.0,24-25,11,2,1,3,0,1,0.0,2.0,1,1,1.0,2.0,0.0,0.0,18,19.0,1.0,1.0,1.0,5.0,3.0,1.0,15.0,9,18.0,-10.0,-2.0,1.0,3.0,-2.0,0.0,2.0,-2.0,2
2024-08-17,15:30,Rio Ave,Farense,1.0,0.0,H,1.0,0.0,H,0.0,1.0,0.0,0.0,24-25,16,13,0,0,0,0,-2.0,-1.0,1,1,2.0,0.0,0.0,0.0,4,11.0,10.0,1.0,3.0,0.0,1.0,2.0,0.0,3,1.0,0.0,-1.0,0.0,0.0,0.0,-2.0,-1.0,-1.0,2
2024-08-16,20:15,Gil Vicente,AVS,4.0,2.0,H,2.0,2.0,D,1.0,4.0,0.0,1.0,24-25,18,8,0,1,0,0,-3.0,0.0,1,1,3.0,1.0,1.0,0.0,20,12.0,19.0,0.0,3.0,0.0,1.0,1.0,5.0,10,-7.0,-5.0,-3.0,0.0,1.0,-1.0,-3.0,0.0,-3.0,2
2024-08-16,17:00,Santa Clara,Porto,0.0,2.0,A,0.0,2.0,A,2.0,3.0,1.0,0.0,24-25,1,2,3,3,1,1,3.0,3.0,1,1,3.0,0.0,0.0,0.0,19,19.0,3.0,4.0,1.0,15.0,3.0,0.0,15.0,-1,16.0,0.0,0.0,3.0,3.0,0.0,3.0,3.0,0.0,2
2024-08-12,20:15,Arouca,Guimaraes,0.0,1.0,A,0.0,1.0,A,7.0,2.0,1.0,0.0,24-25,11,12,0,0,0,0,0.0,0.0,0,0,0.0,0.0,0.0,0.0,23,7.0,5.0,0.0,0.0,0.0,0.0,0.0,0.0,-1,2.0,0.0,0.0,0.0,0.0,0.0,0.0,0.0,0.0,2
2024-08-11,20:30,Sp Braga,Estrela,1.0,1.0,D,0.0,0.0,D,3.0,5.0,0.0,0.0,24-25,9,12,0,0,0,0,0.0,0.0,0,0,0.0,0.0,0.0,0.0,14,4.0,14.0,0.0,0.0,0.0,0.0,0.0,0.0,-3,-10.0,0.0,0.0,0.0,0.0,0.0,0.0,0.0,0.0,2
2024-08-11,18:00,Farense,Moreirense,1.0,2.0,A,0.0,1.0,A,0.0,4.0,0.0,1.0,24-25,8,11,0,0,0,0,0.0,0.0,0,0,0.0,0.0,0.0,0.0,22,10.0,6.0,0.0,0.0,0.0,0.0,0.0,0.0,-3,4.0,0.0,0.0,0.0,0.0,0.0,0.0,0.0,0.0,2
2024-08-11,18:00,Famalicao,Benfica,2.0,0.0,H,1.0,0.0,H,3.0,4.0,0.0,0.0,24-25,7,11,0,0,0,0,0.0,0.0,0,0,0.0,0.0,0.0,0.0,21,8.0,2.0,0.0,0.0,0.0,0.0,0.0,0.0,-4,6.0,0.0,0.0,0.0,0.0,0.0,0.0,0.0,0.0,2
2024-08-11,15:30,Estoril,Santa Clara,1.0,4.0,A,1.0,1.0,D,6.0,3.0,0.0,0.0,24-25,6,11,0,0,0,0,0.0,0.0,0,0,0.0,0.0,0.0,0.0,17,13.0,19.0,0.0,0.0,0.0,0.0,0.0,0.0,-5,-6.0,0.0,0.0,0.0,0.0,0.0,0.0,0.0,0.0,2
2024-08-10,20:30,Porto,Gil Vicente,3.0,0.0,H,1.0,0.0,H,0.0,3.0,0.0,1.0,24-25,5,12,0,0,0,0,0.0,0.0,0,0,0.0,0.0,0.0,0.0,7,3.0,12.0,0.0,0.0,0.0,0.0,0.0,0.0,-7,-9.0,0.0,0.0,0.0,0.0,0.0,0.0,0.0,0.0,2
2024-08-10,18:00,Casa Pia,Boavista,0.0,1.0,A,0.0,0.0,D,2.0,1.0,0.0,0.0,24-25,4,16,0,0,0,0,0.0,0.0,0,0,0.0,0.0,0.0,0.0,25,9.0,15.0,0.0,0.0,0.0,0.0,0.0,0.0,-12,-6.0,0.0,0.0,0.0,0.0,0.0,0.0,0.0,0.0,2
2024-08-10,15:30,AVS,Nacional,1.0,1.0,D,0.0,1.0,A,1.0,1.0,0.0,0.0,24-25,2,12,0,0,0,0,0.0,0.0,0,0,0.0,0.0,0.0,0.0,27,19.0,19.0,0.0,0.0,0.0,0.0,0.0,0.0,-10,0.0,0.0,0.0,0.0,0.0,0.0,0.0,0.0,0.0,2
2024-08-09,20:15,Sp Lisbon,Rio Ave,3.0,1.0,H,2.0,0.0,H,2.0,2.0,0.0,0.0,24-25,1,12,0,0,0,0,0.0,0.0,0,0,0.0,0.0,0.0,0.0,9,1.0,11.0,0.0,0.0,0.0,0.0,0.0,0.0,-11,-10.0,0.0,0.0,0.0,0.0,0.0,0.0,0.0,0.0,2
2024-05-18,20:30,Sp Braga,Porto,0.0,1.0,A,0.0,0.0,D,4.0,1.0,1.0,0.0,23-24,4,3,68,69,21,21,22.0,35.0,33,33,75.0,94.0,3.0,10.0,14,3.0,2.0,2.2,1.8,36.0,2.2,1.2,37.0,1,1.0,-1.0,-13.0,2.0606060606060606,2.090909090909091,-0.030303030303030276,0.6666666666666666,1.0606060606060606,-0.3939393939393939,1
2024-05-18,18:00,Sp Lisbon,Chaves,3.0,0.0,H,2.0,0.0,H,2.0,1.0,0.0,1.0,23-24,1,18,87,23,28,5,64.0,-38.0,33,33,74.0,102.0,3.0,8.0,9,4.0,7.0,2.0,0.4,39.0,0.8,1.8,5.0,-17,-3.0,34.0,102.0,2.6363636363636362,0.696969696969697,1.9393939393939392,1.9393939393939394,-1.1515151515151516,3.090909090909091,1
2024-05-18,18:00,Moreirense,Estoril,2.0,1.0,H,1.0,0.0,H,0.0,0.0,0.0,0.0,23-24,6,13,52,33,15,9,0.0,-8.0,33,33,75.0,76.0,3.0,5.0,12,19.0,14.0,0.8,0.8,36.0,1.0,1.4,11.0,-7,5.0,25.0,8.0,1.5757575757575757,1.0,0.5757575757575757,0.0,-0.24242424242424243,0.24242424242424243,1
2024-05-18,15:30,Farense,Portimonense,1.0,3.0,A,0.0,2.0,A,3.0,1.0,1.0,1.0,23-24,10,16,37,29,10,7,-3.0,-35.0,33,33,76.0,92.0,5.0,3.0,22,19.0,15.0,1.6,1.6,22.0,1.2,2.2,8.0,-6,4.0,14.0,32.0,1.121212121212121,0.8787878787878788,0.24242424242424232,-0.09090909090909091,-1.0606060606060606,0.9696969696969696,1
2024-05-18,15:30,Estrela,Gil Vicente,1.0,0.0,H,1.0,0.0,H,3.0,0.0,0.0,0.0,23-24,15,12,30,36,6,9,-21.0,-9.0,33,33,73.0,75.0,6.0,2.0,26,19.0,13.0,0.6,2.0,7.0,1.2,1.4,28.0,3,6.0,-21.0,-12.0,0.9090909090909091,1.0909090909090908,-0.18181818181818177,-0.6363636363636364,-0.2727272727272727,-0.36363636363636365,1
2024-05-18,15:30,Boavista,Vizela,2.0,2.0,D,0.0,1.0,A,4.0,1.0,0.0,0.0,23-24,14,17,31,25,7,5,-23.0,-30.0,33,33,100.0,80.0,8.0,4.0,11,9.0,11.0,0.8,1.4,6.0,1.2,1.0,18.0,-3,-2.0,-12.0,7.0,0.9393939393939394,0.7575757575757576,0.18181818181818188,-0.696969696969697,-0.9090909090909091,0.21212121212121204,1
2024-05-18,15:30,Arouca,Guimaraes,1.0,3.0,A,1.0,0.0,H,3.0,5.0,0.0,0.0,23-24,7,5,46,60,13,18,6.0,12.0,33,33,79.0,91.0,6.0,4.0,23,5.0,6.0,1.0,1.8,12.0,1.0,1.8,10.0,2,-1.0,2.0,-6.0,1.393939393939394,1.8181818181818181,-0.4242424242424241,0.18181818181818182,0.36363636363636365,-0.18181818181818182,1
2024-05-17,20:45,Rio Ave,Benfica,1.0,1.0,D,0.0,1.0,A,4.0,2.0,0.0,0.0,23-24,11,2,36,79,6,25,-5.0,49.0,33,33,94.0,63.0,4.0,3.0,4,12.0,1.0,1.6,1.4,23.0,2.8,0.8,33.0,9,11.0,-10.0,-54.0,1.0909090909090908,2.393939393939394,-1.3030303030303032,-0.15151515151515152,1.4848484848484849,-1.6363636363636365,1
2024-05-17,18:45,Famalicao,Casa Pia,1.0,2.0,A,1.0,1.0,D,4.0,5.0,0.0,0.0,23-24,8,12,42,35,10,9,-3.0,-13.0,33,33,99.0,71.0,9.0,4.0,21,8.0,10.0,1.0,0.8,29.0,1.8,2.0,10.0,-4,-2.0,19.0,10.0,1.2727272727272727,1.0606060606060606,0.21212121212121215,-0.09090909090909091,-0.3939393939393939,0.303030303030303,1
2024-05-12,20:30,Porto,Boavista,2.0,1.0,H,0.0,0.0,D,2.0,9.0,0.0,1.0,23-24,4,14,66,31,20,7,34.0,-22.0,32,32,92.0,91.0,10.0,7.0,7,2.0,9.0,2.0,1.4,30.0,0.6,1.4,8.0,-10,-7.0,22.0,56.0,2.0625,0.96875,1.09375,1.0625,-0.6875,1.75,1
2024-05-12,18:00,Casa Pia,Moreirense,0.0,1.0,A,0.0,1.0,A,2.0,2.0,0.0,0.0,23-24,12,6,35,49,9,14,-12.0,-1.0,32,32,69.0,73.0,4.0,3.0,25,10.0,19.0,1.8,1.8,15.0,1.0,1.2,28.0,6,-9.0,-13.0,-11.0,1.09375,1.53125,-0.4375,-0.375,-0.03125,-0.34375,1
2024-05-12,18:00,Benfica,Arouca,5.0,0.0,H,3.0,0.0,H,2.0,2.0,0.0,0.0,23-24,2,7,76,46,24,13,44.0,11.0,32,32,61.0,77.0,3.0,6.0,6,1.0,5.0,2.0,1.2,27.0,1.6,0.8,21.0,-5,-4.0,6.0,33.0,2.375,1.4375,0.9375,1.375,0.34375,1.03125,1
2024-05-12,15:30,Gil Vicente,Farense,2.0,0.0,H,2.0,0.0,H,4.0,0.0,0.0,0.0,23-24,13,9,33,37,8,10,-11.0,-1.0,32,32,71.0,76.0,2.0,5.0,20,13.0,19.0,0.8,2.0,18.0,2.0,1.2,32.0,4,-6.0,-14.0,-10.0,1.03125,1.15625,-0.125,-0.34375,-0.03125,-0.3125,1
2024-05-11,20:30,Guimaraes,Sp Braga,2.0,3.0,A,1.0,1.0,D,4.0,3.0,0.0,0.0,23-24,5,4,60,65,18,20,13.0,21.0,32,32,87.0,72.0,4.0,3.0,8,6.0,3.0,1.0,1.4,17.0,1.6,2.0,30.0,1,3.0,-13.0,-8.0,1.875,2.03125,-0.15625,0.40625,0.65625,-0.25,1
2024-05-11,18:00,Estoril,Sp Lisbon,0.0,1.0,A,0.0,0.0,D,2.0,1.0,0.0,0.0,23-24,12,1,33,84,9,27,-7.0,63.0,32,32,74.0,73.0,5.0,3.0,17,14.0,4.0,1.0,1.2,16.0,2.6,0.4,37.0,11,10.0,-21.0,-70.0,1.03125,2.625,-1.59375,-0.21875,1.96875,-2.1875,1
2024-05-11,15:30,Vizela,Estrela,4.0,0.0,H,1.0,0.0,H,3.0,2.0,0.0,0.0,23-24,18,15,22,30,4,6,-34.0,-17.0,32,32,77.0,71.0,4.0,6.0,24,11.0,19.0,0.8,1.6,4.0,1.0,1.6,11.0,3,-8.0,-7.0,-17.0,0.6875,0.9375,-0.25,-1.0625,-0.53125,-0.53125,1
2024-05-11,15:30,Portimonense,Rio Ave,2.0,2.0,D,0.0,1.0,A,3.0,2.0,0.0,0.0,23-24,16,10,28,35,7,6,-35.0,-5.0,32,32,89.0,92.0,3.0,4.0,3,15.0,12.0,1.4,2.2,8.0,1.8,1.0,27.0,6,3.0,-19.0,-30.0,0.875,1.09375,-0.21875,-1.09375,-0.15625,-0.9375,1
2024-05-10,20:15,Chaves,Famalicao,0.0,1.0,A,0.0,1.0,A,3.0,1.0,0.0,0.0,23-24,17,8,23,39,5,9,-37.0,-4.0,32,32,99.0,98.0,8.0,9.0,16,7.0,8.0,1.2,2.2,9.0,1.2,1.2,19.0,9,-1.0,-10.0,-33.0,0.71875,1.21875,-0.5,-1.15625,-0.125,-1.03125,1
2024-05-05,20:30,Famalicao,Benfica,2.0,0.0,H,0.0,0.0,D,2.0,1.0,0.0,0.0,23-24,9,2,36,76,8,24,-6.0,46.0,31,31,96.0,60.0,9.0,3.0,21,8.0,1.0,1.4,1.6,9.0,2.2,0.8,39.0,7,7.0,-30.0,-52.0,1.1612903225806452,2.4516129032258065,-1.2903225806451613,-0.1935483870967742,1.4838709677419355,-1.6774193548387097,1
2024-05-05,18:00,Sp Braga,Casa Pia,4.0,3.0,H,1.0,1.0,D,4.0,3.0,1.0,0.0,23-24,4,11,62,35,19,9,20.0,-11.0,31,31,68.0,66.0,2.0,4.0,14,3.0,10.0,1.8,2.0,24.0,2.0,1.0,23.0,-7,-7.0,1.0,31.0,2.0,1.1290322580645162,0.8709677419354838,0.6451612903225806,-0.3548387096774194,1.0,1
2024-05-05,18:00,Arouca,Estrela,0.0,0.0,D,0.0,0.0,D,1.0,4.0,0.0,0.0,23-24,7,15,45,29,13,6,11.0,-17.0,31,31,76.0,67.0,6.0,6.0,23,5.0,19.0,2.0,1.0,27.0,1.2,2.0,9.0,-8,-14.0,18.0,28.0,1.4516129032258065,0.9354838709677419,0.5161290322580646,0.3548387096774194,-0.5483870967741935,0.9032258064516129,1
2024-05-05,15:30,Farense,Estoril,3.0,2.0,H,2.0,1.0,H,3.0,0.0,0.0,0.0,23-24,11,12,34,33,9,9,-2.0,-6.0,31,31,73.0,74.0,5.0,5.0,22,19.0,14.0,1.6,1.2,24.0,0.8,0.6,24.0,-1,5.0,0.0,4.0,1.096774193548387,1.064516129032258,0.032258064516129004,-0.06451612903225806,-0.1935483870967742,0.12903225806451613,1
2024-05-04,20:30,Chaves,Porto,0.0,3.0,A,0.0,2.0,A,4.0,2.0,1.0,0.0,23-24,17,3,23,63,5,19,-34.0,31.0,31,31,95.0,90.0,7.0,10.0,16,7.0,2.0,1.2,1.8,13.0,1.4,1.6,20.0,14,5.0,-7.0,-65.0,0.7419354838709677,2.032258064516129,-1.2903225806451613,-1.096774193548387,1.0,-2.096774193548387,1
2024-05-04,18:00,Sp Lisbon,Portimonense,3.0,0.0,H,1.0,0.0,H,3.0,3.0,0.0,0.0,23-24,1,16,81,28,26,7,60.0,-32.0,31,31,70.0,86.0,3.0,3.0,9,4.0,15.0,2.4,0.6,35.0,2.0,2.6,13.0,-15,-11.0,22.0,92.0,2.6129032258064515,0.9032258064516129,1.7096774193548385,1.935483870967742,-1.032258064516129,2.967741935483871,1
2024-05-04,15:30,Rio Ave,Guimaraes,2.0,1.0,H,1.0,0.0,H,4.0,6.0,0.0,0.0,23-24,13,5,32,60,5,18,-6.0,14.0,31,31,88.0,81.0,4.0,4.0,4,12.0,6.0,1.4,0.8,19.0,1.0,1.0,27.0,8,6.0,-8.0,-20.0,1.032258064516129,1.935483870967742,-0.903225806451613,-0.1935483870967742,0.45161290322580644,-0.6451612903225806,1
2024-05-04,15:30,Boavista,Gil Vicente,1.0,1.0,D,1.0,1.0,D,1.0,1.0,0.0,0.0,23-24,14,13,30,32,7,8,-22.0,-11.0,31,31,90.0,70.0,7.0,2.0,11,9.0,13.0,0.4,1.2,5.0,0.8,2.2,17.0,1,-4.0,-12.0,-11.0,0.967741935483871,1.032258064516129,-0.06451612903225801,-0.7096774193548387,-0.3548387096774194,-0.3548387096774194,1
2024-05-03,20:15,Moreirense,Vizela,1.0,0.0,H,1.0,0.0,H,3.0,2.0,0.0,0.0,23-24,6,18,46,22,13,4,-2.0,-33.0,31,31,70.0,75.0,3.0,4.0,12,19.0,11.0,0.8,1.4,17.0,0.8,2.2,5.0,-12,8.0,12.0,31.0,1.4838709677419355,0.7096774193548387,0.7741935483870968,-0.06451612903225806,-1.064516129032258,1.0,1
2024-04-29,20:15,Estrela,Farense,0.0,3.0,A,0.0,1.0,A,2.0,2.0,0.0,0.0,23-24,15,13,29,31,6,8,-14.0,-5.0,30,30,65.0,71.0,6.0,5.0,26,19.0,19.0,1.2,1.4,13.0,1.2,1.4,14.0,2,0.0,-1.0,-9.0,0.9666666666666667,1.0333333333333334,-0.06666666666666676,-0.4666666666666667,-0.16666666666666666,-0.30000000000000004,1
2024-04-28,20:30,Porto,Sp Lisbon,2.0,2.0,D,2.0,0.0,H,2.0,2.0,0.0,1.0,23-24,3,1,62,80,19,26,31.0,60.0,30,30,88.0,68.0,10.0,2.0,7,2.0,4.0,1.8,1.4,22.0,2.4,0.4,45.0,2,-2.0,-23.0,-29.0,2.066666666666667,2.6666666666666665,-0.5999999999999996,1.0333333333333334,2.0,-0.9666666666666666,1
2024-04-28,18:00,Estoril,Famalicao,1.0,0.0,H,1.0,0.0,H,0.0,2.0,0.0,0.0,23-24,13,8,30,36,8,8,-7.0,-5.0,30,30,74.0,94.0,5.0,9.0,17,14.0,8.0,0.8,0.6,17.0,1.8,1.6,17.0,5,6.0,0.0,-2.0,1.0,1.2,-0.19999999999999996,-0.23333333333333334,-0.16666666666666666,-0.06666666666666668,1
2024-04-28,15:30,Portimonense,Moreirense,0.0,2.0,A,0.0,0.0,D,3.0,3.0,0.0,0.0,23-24,16,7,28,43,7,12,-30.0,-4.0,30,30,83.0,67.0,3.0,3.0,3,15.0,19.0,2.0,2.4,18.0,0.6,1.4,6.0,9,-4.0,12.0,-26.0,0.9333333333333333,1.4333333333333333,-0.5,-1.0,-0.13333333333333333,-0.8666666666666667,1
2024-04-27,20:30,Guimaraes,Boavista,1.0,0.0,H,1.0,0.0,H,3.0,5.0,0.0,1.0,23-24,5,14,57,30,17,7,13.0,-21.0,30,30,78.0,85.0,4.0,6.0,8,6.0,9.0,1.2,1.2,22.0,0.6,2.2,7.0,-9,-3.0,15.0,34.0,1.9,1.0,0.8999999999999999,0.43333333333333335,-0.7,1.1333333333333333,1
2024-04-27,18:00,Benfica,Sp Braga,3.0,1.0,H,0.0,1.0,A,2.0,3.0,0.0,1.0,23-24,2,4,73,62,23,19,44.0,22.0,30,30,58.0,65.0,3.0,1.0,6,1.0,3.0,1.8,0.6,36.0,2.0,1.6,36.0,-2,-2.0,0.0,22.0,2.433333333333333,2.066666666666667,0.36666666666666625,1.4666666666666666,0.7333333333333333,0.7333333333333333,1
2024-04-27,15:30,Vizela,Rio Ave,1.0,1.0,D,1.0,1.0,D,2.0,2.0,0.0,0.0,23-24,18,12,21,31,4,5,-33.0,-6.0,30,30,73.0,86.0,4.0,4.0,24,11.0,12.0,0.8,2.8,0.0,1.4,0.8,21.0,6,-1.0,-21.0,-27.0,0.7,1.0333333333333334,-0.3333333333333335,-1.1,-0.2,-0.9000000000000001,1
2024-04-27,15:30,Casa Pia,Chaves,3.0,1.0,H,1.0,0.0,H,3.0,4.0,0.0,0.0,23-24,10,17,32,23,8,5,-13.0,-32.0,30,30,63.0,91.0,4.0,7.0,25,10.0,7.0,1.4,1.0,13.0,1.2,1.6,17.0,-7,3.0,-4.0,19.0,1.0666666666666667,0.7666666666666667,0.29999999999999993,-0.43333333333333335,-1.0666666666666667,0.6333333333333333,1
2024-04-26,20:15,Gil Vicente,Arouca,2.0,2.0,D,0.0,0.0,D,3.0,1.0,0.0,0.0,23-24,12,6,31,44,8,13,-11.0,11.0,30,30,67.0,75.0,2.0,6.0,20,13.0,5.0,0.6,2.2,15.0,1.6,0.8,32.0,6,8.0,-17.0,-22.0,1.0333333333333334,1.4666666666666666,-0.4333333333333331,-0.36666666666666664,0.36666666666666664,-0.7333333333333333,1
2024-04-22,20:15,Farense,Benfica,1.0,3.0,A,1.0,2.0,A,1.0,2.0,0.0,0.0,23-24,10,2,31,70,8,22,-3.0,42.0,29,29,70.0,56.0,5.0,3.0,22,19.0,1.0,1.2,1.2,19.0,1.8,0.6,33.0,8,18.0,-14.0,-45.0,1.0689655172413792,2.413793103448276,-1.3448275862068966,-0.10344827586206896,1.4482758620689655,-1.5517241379310345,1
2024-04-21,20:30,Sp Lisbon,Guimaraes,3.0,0.0,H,2.0,0.0,H,1.0,1.0,0.0,0.0,23-24,1,5,77,57,25,17,57.0,16.0,29,29,67.0,77.0,2.0,4.0,9,4.0,6.0,3.0,0.6,45.0,1.4,0.6,35.0,-4,-2.0,10.0,41.0,2.6551724137931036,1.9655172413793103,0.6896551724137934,1.9655172413793103,0.5517241379310345,1.4137931034482758,1
2024-04-21,18:00,Casa Pia,Porto,1.0,2.0,A,1.0,1.0,D,3.0,1.0,0.0,0.0,23-24,9,4,32,59,8,18,-12.0,30.0,29,29,60.0,87.0,4.0,10.0,25,10.0,2.0,1.4,1.2,18.0,2.0,1.2,14.0,5,8.0,4.0,-42.0,1.103448275862069,2.0344827586206895,-0.9310344827586206,-0.41379310344827586,1.0344827586206897,-1.4482758620689655,1
2024-04-21,15:30,Famalicao,Portimonense,2.0,2.0,D,0.0,1.0,A,2.0,4.0,1.0,0.0,23-24,8,16,35,27,8,7,-5.0,-30.0,29,29,92.0,79.0,8.0,3.0,21,8.0,15.0,1.4,1.2,20.0,1.6,2.6,17.0,-8,-7.0,3.0,25.0,1.206896551724138,0.9310344827586207,0.27586206896551724,-0.1724137931034483,-1.0344827586206897,0.8620689655172414,1
2024-04-21,15:30,Chaves,Estoril,2.0,2.0,D,1.0,0.0,H,1.0,1.0,0.0,2.0,23-24,17,14,22,29,5,8,-32.0,-7.0,29,29,90.0,73.0,7.0,3.0,16,7.0,14.0,0.8,1.2,16.0,0.6,0.8,19.0,3,-7.0,-3.0,-25.0,0.7586206896551724,1.0,-0.24137931034482762,-1.103448275862069,-0.2413793103448276,-0.8620689655172413,1
2024-04-20,20:30,Sp Braga,Vizela,2.0,1.0,H,0.0,0.0,D,1.0,3.0,0.0,0.0,23-24,4,18,59,21,18,4,21.0,-32.0,29,29,64.0,70.0,1.0,4.0,14,3.0,11.0,1.6,1.4,31.0,1.0,2.6,3.0,-14,-8.0,28.0,53.0,2.0344827586206895,0.7241379310344828,1.3103448275862069,0.7241379310344828,-1.103448275862069,1.8275862068965516,1
2024-04-20,18:00,Boavista,Estrela,1.0,1.0,D,0.0,0.0,D,2.0,0.0,0.0,0.0,23-24,14,15,29,28,7,6,-21.0,-14.0,29,29,83.0,65.0,6.0,6.0,11,9.0,19.0,0.6,2.0,6.0,1.6,1.4,14.0,-1,-10.0,-8.0,-7.0,1.0,0.9655172413793104,0.03448275862068961,-0.7241379310344828,-0.4827586206896552,-0.24137931034482757,1
2024-04-20,15:30,Moreirense,Gil Vicente,0.0,1.0,A,0.0,1.0,A,0.0,0.0,0.0,0.0,23-24,7,14,43,28,12,7,-3.0,-12.0,29,29,67.0,67.0,3.0,2.0,12,19.0,13.0,0.6,1.4,10.0,0.4,2.2,1.0,-7,6.0,9.0,9.0,1.4827586206896552,0.9655172413793104,0.5172413793103449,-0.10344827586206896,-0.41379310344827586,0.3103448275862069,1
2024-04-19,20:15,Rio Ave,Arouca,1.0,1.0,D,1.0,0.0,H,3.0,3.0,0.0,0.0,23-24,11,6,30,43,5,13,-6.0,11.0,29,29,83.0,72.0,4.0,6.0,4,12.0,5.0,1.2,0.6,23.0,1.4,1.2,36.0,5,7.0,-13.0,-17.0,1.0344827586206897,1.4827586206896552,-0.4482758620689655,-0.20689655172413793,0.3793103448275862,-0.5862068965517241,1
2024-04-16,20:15,Famalicao,Sp Lisbon,0.0,1.0,A,0.0,1.0,A,2.0,4.0,0.0,0.0,23-24,8,1,35,74,8,24,-4.0,56.0,28,28,90.0,63.0,8.0,2.0,21,8.0,4.0,1.4,1.2,28.0,3.4,0.6,45.0,7,4.0,-17.0,-60.0,1.25,2.642857142857143,-1.3928571428571428,-0.14285714285714285,2.0,-2.142857142857143,1
2024-04-15,20:15,Vizela,Chaves,0.0,1.0,A,0.0,1.0,A,3.0,2.0,0.0,0.0,23-24,17,18,21,19,4,4,-31.0,-33.0,28,28,67.0,88.0,4.0,7.0,24,11.0,7.0,1.0,2.4,7.0,0.8,2.2,2.0,-1,4.0,5.0,2.0,0.75,0.6785714285714286,0.0714285714285714,-1.1071428571428572,-1.1785714285714286,0.0714285714285714,1
2024-04-14,20:30,Benfica,Moreirense,3.0,0.0,H,2.0,0.0,H,2.0,1.0,0.0,0.0,23-24,2,7,67,43,21,12,39.0,0.0,28,28,54.0,66.0,3.0,3.0,6,1.0,19.0,1.2,1.6,27.0,0.6,0.8,15.0,-5,-18.0,12.0,39.0,2.392857142857143,1.5357142857142858,0.857142857142857,1.3928571428571428,0.0,1.3928571428571428,1
2024-04-14,18:00,Portimonense,Casa Pia,2.0,2.0,D,2.0,1.0,H,2.0,4.0,0.0,1.0,23-24,16,10,26,31,7,8,-30.0,-12.0,28,28,77.0,56.0,3.0,3.0,3,15.0,10.0,1.2,2.2,16.0,1.0,0.8,18.0,6,5.0,-2.0,-18.0,0.9285714285714286,1.1071428571428572,-0.1785714285714286,-1.0714285714285714,-0.42857142857142855,-0.6428571428571428,1
2024-04-14,18:00,Arouca,Boavista,2.0,1.0,H,2.0,0.0,H,3.0,4.0,0.0,1.0,23-24,7,13,40,29,12,7,10.0,-20.0,28,28,69.0,79.0,6.0,5.0,23,5.0,9.0,2.0,1.2,30.0,0.6,1.8,11.0,-6,-4.0,19.0,30.0,1.4285714285714286,1.0357142857142858,0.3928571428571428,0.35714285714285715,-0.7142857142857143,1.0714285714285714,1
2024-04-14,15:30,Estrela,Rio Ave,2.0,2.0,D,1.0,1.0,D,2.0,1.0,0.0,0.0,23-24,15,11,27,29,6,5,-14.0,-6.0,28,28,63.0,82.0,6.0,4.0,26,19.0,12.0,1.2,1.6,14.0,0.8,0.2,25.0,4,7.0,-11.0,-8.0,0.9642857142857143,1.0357142857142858,-0.07142857142857151,-0.5,-0.21428571428571427,-0.2857142857142857,1
2024-04-13,20:30,Estoril,Sp Braga,0.0,1.0,A,0.0,0.0,D,0.0,1.0,0.0,0.0,23-24,11,5,29,56,8,17,-6.0,20.0,28,28,73.0,63.0,3.0,1.0,17,14.0,3.0,0.8,1.2,26.0,2.0,1.4,26.0,6,11.0,0.0,-26.0,1.0357142857142858,2.0,-0.9642857142857142,-0.21428571428571427,0.7142857142857143,-0.9285714285714286,1
2024-04-13,18:00,Porto,Famalicao,2.0,2.0,D,1.0,2.0,A,4.0,3.0,1.0,0.0,23-24,3,8,58,34,18,8,30.0,-4.0,28,27,83.0,87.0,9.0,8.0,7,2.0,8.0,2.6,0.8,18.0,1.2,1.0,31.0,-5,-6.0,-13.0,34.0,2.0714285714285716,1.2592592592592593,0.8121693121693123,1.0714285714285714,-0.14814814814814814,1.2195767195767195,1
2024-04-13,15:30,Guimaraes,Farense,1.0,1.0,D,0.0,1.0,A,2.0,4.0,0.0,0.0,23-24,5,10,56,30,17,8,16.0,-3.0,28,28,75.0,66.0,4.0,5.0,8,6.0,19.0,1.8,0.6,45.0,1.4,1.6,18.0,-5,-13.0,27.0,19.0,2.0,1.0714285714285714,0.9285714285714286,0.5714285714285714,-0.10714285714285714,0.6785714285714285,1
2024-04-12,20:15,Gil Vicente,Sp Lisbon,0.0,4.0,A,0.0,4.0,A,2.0,0.0,0.0,0.0,23-24,14,1,28,71,7,23,-8.0,52.0,28,27,65.0,63.0,2.0,2.0,20,13.0,4.0,0.4,1.4,3.0,3.2,1.0,45.0,13,9.0,-42.0,-60.0,1.0,2.6296296296296298,-1.6296296296296298,-0.2857142857142857,1.9259259259259258,-2.2116402116402116,1
2024-04-08,20:15,Casa Pia,Estoril,0.0,0.0,D,0.0,0.0,D,0.0,2.0,0.0,0.0,23-24,10,13,30,28,8,8,-12.0,-6.0,27,27,56.0,71.0,3.0,3.0,25,10.0,14.0,1.4,0.8,20.0,1.4,1.8,28.0,-3,-4.0,-8.0,-6.0,1.1111111111111112,1.037037037037037,0.07407407407407418,-0.4444444444444444,-0.2222222222222222,-0.2222222222222222,1
2024-04-07,20:30,Porto,Guimaraes,1.0,2.0,A,1.0,2.0,A,2.0,6.0,1.0,0.0,23-24,3,5,58,53,18,16,31.0,15.0,27,27,81.0,69.0,8.0,4.0,7,2.0,6.0,2.6,0.6,28.0,1.4,0.8,42.0,-2,-4.0,-14.0,16.0,2.1481481481481484,1.962962962962963,0.18518518518518534,1.1481481481481481,0.5555555555555556,0.5925925925925926,1
2024-04-07,18:00,Moreirense,Estrela,2.0,2.0,D,2.0,0.0,H,3.0,3.0,0.0,1.0,23-24,6,15,42,26,12,6,0.0,-14.0,27,27,63.0,60.0,3.0,5.0,12,19.0,19.0,0.4,0.4,17.0,1.0,1.4,14.0,-9,0.0,3.0,14.0,1.5555555555555556,0.9629629629629629,0.5925925925925927,0.0,-0.5185185185185185,0.5185185185185185,1
2024-04-07,15:30,Chaves,Portimonense,2.0,3.0,A,1.0,0.0,H,3.0,2.0,0.0,0.0,23-24,18,16,19,23,4,6,-32.0,-31.0,27,27,85.0,75.0,7.0,3.0,16,7.0,15.0,0.6,1.8,4.0,0.6,2.6,2.0,2,-8.0,2.0,-1.0,0.7037037037037037,0.8518518518518519,-0.14814814814814814,-1.1851851851851851,-1.1481481481481481,-0.03703703703703698,1
2024-04-06,20:30,Sp Lisbon,Benfica,2.0,1.0,H,1.0,1.0,D,3.0,6.0,0.0,1.0,23-24,1,2,68,67,22,21,51.0,40.0,26,27,60.0,48.0,2.0,2.0,9,4.0,1.0,3.4,1.4,43.0,1.8,1.2,39.0,-1,3.0,4.0,11.0,2.6153846153846154,2.4814814814814814,0.13390313390313402,1.9615384615384615,1.4814814814814814,0.48005698005698005,1
2024-04-06,18:00,Sp Braga,Arouca,0.0,3.0,A,0.0,2.0,A,1.0,3.0,0.0,0.0,23-24,4,7,56,37,17,11,23.0,7.0,27,27,62.0,66.0,1.0,6.0,14,3.0,5.0,2.8,0.8,39.0,2.0,1.6,24.0,-3,-2.0,15.0,16.0,2.074074074074074,1.3703703703703705,0.7037037037037035,0.8518518518518519,0.25925925925925924,0.5925925925925926,1
2024-04-06,15:30,Rio Ave,Gil Vicente,3.0,0.0,H,2.0,0.0,H,2.0,4.0,0.0,1.0,23-24,14,12,26,28,4,7,-9.0,-5.0,27,27,80.0,61.0,4.0,1.0,4,12.0,13.0,0.8,0.8,15.0,0.6,1.0,6.0,2,-1.0,9.0,-4.0,0.9629629629629629,1.037037037037037,-0.07407407407407407,-0.3333333333333333,-0.18518518518518517,-0.14814814814814814,1
2024-04-06,15:30,Famalicao,Vizela,3.0,2.0,H,2.0,0.0,H,6.0,1.0,0.0,0.0,23-24,8,17,31,21,7,4,-5.0,-30.0,26,27,81.0,66.0,8.0,4.0,21,8.0,11.0,1.0,1.2,21.0,1.2,2.4,12.0,-9,-3.0,9.0,25.0,1.1923076923076923,0.7777777777777778,0.4145299145299145,-0.19230769230769232,-1.1111111111111112,0.9188034188034189,1
2024-04-05,20:15,Farense,Boavista,2.0,0.0,H,2.0,0.0,H,3.0,3.0,0.0,0.0,23-24,13,10,27,29,7,7,-5.0,-18.0,27,27,63.0,76.0,5.0,5.0,22,19.0,9.0,1.0,1.8,4.0,0.6,2.2,16.0,3,10.0,-12.0,13.0,1.0,1.0740740740740742,-0.07407407407407418,-0.18518518518518517,-0.6666666666666666,0.48148148148148145,1
2024-04-01,20:15,Portimonense,Sp Braga,3.0,5.0,A,1.0,2.0,A,0.0,1.0,0.0,0.0,23-24,16,4,23,53,6,16,-29.0,21.0,26,26,75.0,61.0,3.0,1.0,3,15.0,3.0,0.2,1.8,4.0,2.2,0.4,37.0,12,12.0,-33.0,-50.0,0.8846153846153846,2.0384615384615383,-1.1538461538461537,-1.1153846153846154,0.8076923076923077,-1.9230769230769231,1
2024-03-31,18:00,Vizela,Casa Pia,0.0,4.0,A,0.0,1.0,A,2.0,6.0,0.0,1.0,23-24,17,13,21,27,4,7,-26.0,-16.0,26,26,64.0,50.0,4.0,2.0,24,11.0,10.0,1.4,2.8,17.0,0.8,0.8,12.0,4,1.0,5.0,-10.0,0.8076923076923077,1.0384615384615385,-0.23076923076923084,-1.0,-0.6153846153846154,-0.3846153846153846,1
2024-03-30,20:30,Estoril,Porto,1.0,0.0,H,0.0,0.0,D,5.0,8.0,1.0,3.0,23-24,15,3,25,58,7,18,-7.0,32.0,26,26,66.0,73.0,2.0,5.0,17,14.0,2.0,1.4,2.4,17.0,3.0,0.4,41.0,12,12.0,-24.0,-39.0,0.9615384615384616,2.230769230769231,-1.2692307692307692,-0.2692307692307692,1.2307692307692308,-1.5,1
2024-03-30,18:00,Boavista,Rio Ave,0.0,0.0,D,0.0,0.0,D,3.0,4.0,0.0,1.0,23-24,10,15,28,25,7,4,-18.0,-9.0,26,26,73.0,76.0,5.0,3.0,11,9.0,12.0,0.8,2.6,15.0,1.0,1.2,14.0,-5,-3.0,1.0,-9.0,1.0769230769230769,0.9615384615384616,0.11538461538461531,-0.6923076923076923,-0.34615384615384615,-0.34615384615384615,1
2024-03-30,15:30,Guimaraes,Moreirense,1.0,0.0,H,0.0,0.0,D,5.0,2.0,1.0,0.0,23-24,5,6,50,42,15,12,14.0,1.0,26,26,64.0,61.0,3.0,3.0,8,6.0,19.0,1.4,1.0,37.0,0.4,0.6,24.0,-1,-13.0,13.0,13.0,1.9230769230769231,1.6153846153846154,0.3076923076923077,0.5384615384615384,0.038461538461538464,0.5,1
2024-03-30,15:30,Arouca,Farense,2.0,1.0,H,1.0,0.0,H,4.0,3.0,0.0,1.0,23-24,7,11,34,27,10,7,6.0,-4.0,26,26,62.0,60.0,6.0,4.0,23,5.0,19.0,1.6,1.6,15.0,1.0,1.8,5.0,-4,-14.0,10.0,10.0,1.3076923076923077,1.0384615384615385,0.26923076923076916,0.23076923076923078,-0.15384615384615385,0.38461538461538464,1
2024-03-29,20:30,Estrela,Sp Lisbon,1.0,2.0,A,1.0,2.0,A,3.0,1.0,0.0,0.0,23-24,13,2,26,65,6,21,-13.0,50.0,26,25,57.0,59.0,5.0,2.0,26,19.0,4.0,0.8,1.4,19.0,3.4,1.2,41.0,11,15.0,-22.0,-63.0,1.0,2.6,-1.6,-0.5,2.0,-2.5,1
2024-03-29,18:00,Benfica,Chaves,1.0,0.0,H,0.0,0.0,D,1.0,8.0,0.0,0.0,23-24,2,18,64,19,20,4,39.0,-31.0,26,26,47.0,77.0,2.0,7.0,6,1.0,7.0,2.8,1.4,36.0,1.0,1.8,9.0,-16,-6.0,27.0,70.0,2.4615384615384617,0.7307692307692307,1.7307692307692308,1.5,-1.1923076923076923,2.6923076923076925,1
2024-03-29,15:30,Gil Vicente,Famalicao,1.0,2.0,A,0.0,1.0,A,1.0,3.0,0.0,0.0,23-24,8,9,28,28,7,6,-4.0,-6.0,26,25,60.0,78.0,1.0,8.0,20,13.0,8.0,1.0,0.8,12.0,1.0,1.2,11.0,-1,5.0,1.0,2.0,1.0769230769230769,1.12,-0.043076923076923235,-0.15384615384615385,-0.24,0.08615384615384614,1
2024-03-17,20:30,Sp Lisbon,Boavista,6.0,1.0,H,1.0,1.0,D,2.0,3.0,0.0,0.0,23-24,2,10,62,28,20,7,45.0,-13.0,24,25,57.0,70.0,2.0,5.0,9,4.0,9.0,3.2,1.0,39.0,1.0,1.6,22.0,-8,-5.0,17.0,58.0,2.5833333333333335,1.12,1.4633333333333334,1.875,-0.52,2.395,0
2024-03-17,18:00,Casa Pia,Benfica,0.0,1.0,A,0.0,0.0,D,0.0,2.0,0.0,0.0,23-24,12,2,27,61,7,19,-15.0,38.0,25,25,50.0,45.0,2.0,2.0,25,10.0,1.0,0.8,0.8,19.0,3.0,1.8,31.0,10,9.0,-12.0,-53.0,1.08,2.44,-1.3599999999999999,-0.6,1.52,-2.12,0
2024-03-17,15:30,Moreirense,Arouca,1.0,0.0,H,1.0,0.0,H,1.0,1.0,0.0,0.0,23-24,6,7,39,34,11,10,0.0,7.0,25,25,60.0,61.0,3.0,6.0,12,19.0,5.0,0.4,0.6,16.0,2.2,1.8,24.0,-1,14.0,-8.0,-7.0,1.56,1.36,0.19999999999999996,0.0,0.28,-0.28,0
2024-03-17,15:30,Chaves,Guimaraes,1.0,2.0,A,1.0,1.0,D,3.0,3.0,0.0,0.0,23-24,18,5,19,47,4,14,-30.0,13.0,25,25,74.0,61.0,7.0,3.0,16,7.0,6.0,0.8,1.6,14.0,1.4,1.2,30.0,13,1.0,-16.0,-43.0,0.76,1.88,-1.1199999999999999,-1.2,0.52,-1.72,0
2024-03-16,20:30,Porto,Vizela,4.0,1.0,H,0.0,1.0,A,0.0,3.0,0.0,1.0,23-24,3,17,55,21,17,4,29.0,-23.0,25,25,73.0,61.0,5.0,3.0,7,2.0,11.0,2.6,0.8,36.0,1.4,2.0,25.0,-14,-9.0,11.0,52.0,2.2,0.84,1.3600000000000003,1.16,-0.92,2.08,0
2024-03-16,18:00,Sp Braga,Gil Vicente,2.0,1.0,H,1.0,0.0,H,0.0,3.0,0.0,0.0,23-24,4,8,50,28,15,7,20.0,-3.0,25,25,61.0,57.0,1.0,1.0,14,3.0,13.0,1.8,1.2,32.0,0.8,0.6,18.0,-4,-10.0,14.0,23.0,2.0,1.12,0.8799999999999999,0.8,-0.12,0.92,0
2024-03-16,18:00,Farense,Rio Ave,1.0,1.0,D,1.0,0.0,H,2.0,1.0,0.0,0.0,23-24,12,15,26,24,7,4,-4.0,-9.0,25,25,58.0,75.0,4.0,3.0,22,19.0,12.0,1.0,1.8,1.0,1.0,1.0,15.0,-3,7.0,-14.0,5.0,1.04,0.96,0.08000000000000007,-0.16,-0.36,0.19999999999999998,0
2024-03-16,15:30,Famalicao,Estrela,0.0,0.0,D,0.0,0.0,D,1.0,4.0,0.0,0.0,23-24,10,14,27,25,6,6,-6.0,-13.0,24,25,77.0,53.0,8.0,5.0,21,8.0,19.0,1.2,1.4,11.0,1.4,1.4,21.0,-4,-11.0,-10.0,7.0,1.125,1.0,0.125,-0.25,-0.52,0.27,0
2024-03-15,20:15,Estoril,Portimonense,1.0,0.0,H,0.0,0.0,D,1.0,2.0,0.0,0.0,23-24,16,15,22,23,6,6,-8.0,-28.0,25,25,65.0,73.0,2.0,3.0,17,14.0,15.0,1.4,2.8,3.0,0.2,2.2,6.0,1,-1.0,-3.0,20.0,0.88,0.92,-0.040000000000000036,-0.32,-1.12,0.8,0
2024-03-11,20:15,Gil Vicente,Chaves,0.0,0.0,D,0.0,0.0,D,4.0,2.0,1.0,0.0,23-24,9,18,27,18,7,4,-3.0,-30.0,24,24,53.0,72.0,0.0,7.0,20,13.0,7.0,0.8,1.2,18.0,1.0,1.8,14.0,-9,6.0,4.0,27.0,1.125,0.75,0.375,-0.125,-1.25,1.125,0
2024-03-10,20:30,Benfica,Estoril,3.0,1.0,H,2.0,1.0,H,0.0,0.0,0.0,0.0,23-24,2,16,58,22,18,6,36.0,-6.0,24,24,45.0,65.0,2.0,2.0,6,1.0,14.0,3.0,1.6,26.0,1.4,2.2,7.0,-14,-13.0,19.0,42.0,2.4166666666666665,0.9166666666666666,1.5,1.5,-0.25,1.75,0
2024-03-10,18:00,Arouca,Sp Lisbon,0.0,3.0,A,0.0,1.0,A,2.0,0.0,0.0,0.0,23-24,7,1,34,59,10,19,10.0,42.0,24,23,59.0,57.0,6.0,2.0,23,5.0,4.0,2.6,1.4,36.0,4.2,1.0,37.0,6,1.0,-1.0,-32.0,1.4166666666666667,2.5652173913043477,-1.148550724637681,0.4166666666666667,1.826086956521739,-1.4094202898550723,0
2024-03-09,20:30,Guimaraes,Famalicao,1.0,0.0,H,1.0,0.0,H,1.0,3.0,0.0,0.0,23-24,5,10,44,27,13,6,12.0,-5.0,24,23,60.0,74.0,3.0,8.0,8,6.0,8.0,1.4,1.2,23.0,1.2,1.4,16.0,-5,-2.0,7.0,17.0,1.8333333333333333,1.173913043478261,0.6594202898550723,0.5,-0.21739130434782608,0.717391304347826,0
2024-03-09,18:00,Rio Ave,Sp Braga,0.0,0.0,D,0.0,0.0,D,1.0,4.0,0.0,0.0,23-24,14,4,23,49,4,15,-9.0,20.0,24,24,74.0,57.0,3.0,1.0,4,12.0,3.0,1.0,1.0,16.0,2.0,1.2,39.0,10,9.0,-23.0,-29.0,0.9583333333333334,2.0416666666666665,-1.083333333333333,-0.375,0.8333333333333334,-1.2083333333333335,0
2024-03-09,18:00,Boavista,Moreirense,1.0,0.0,H,0.0,0.0,D,4.0,2.0,0.0,0.0,23-24,13,6,25,39,6,11,-14.0,1.0,24,24,66.0,58.0,5.0,3.0,11,9.0,19.0,0.8,1.6,12.0,0.4,0.6,23.0,7,-10.0,-11.0,-15.0,1.0416666666666667,1.625,-0.5833333333333333,-0.5833333333333334,0.041666666666666664,-0.625,0
2024-03-09,15:30,Vizela,Farense,2.0,1.0,H,0.0,1.0,A,1.0,3.0,0.0,0.0,23-24,17,11,18,26,3,7,-24.0,-3.0,24,24,60.0,55.0,3.0,4.0,24,11.0,19.0,1.0,2.0,15.0,1.0,1.6,3.0,6,-8.0,12.0,-21.0,0.75,1.0833333333333333,-0.33333333333333326,-1.0,-0.125,-0.875,0
2024-03-08,20:45,Estrela,Casa Pia,3.0,1.0,H,0.0,0.0,D,0.0,2.0,0.0,0.0,23-24,16,10,22,27,5,7,-15.0,-13.0,24,24,53.0,48.0,5.0,2.0,26,19.0,10.0,0.8,1.4,10.0,0.6,0.2,27.0,6,9.0,-17.0,-2.0,0.9166666666666666,1.125,-0.20833333333333337,-0.625,-0.5416666666666666,-0.08333333333333337,0
2024-03-08,18:45,Portimonense,Porto,0.0,3.0,A,0.0,1.0,A,2.0,0.0,0.0,0.0,23-24,14,3,23,52,6,16,-25.0,26.0,24,24,71.0,73.0,3.0,5.0,3,15.0,2.0,0.4,2.0,8.0,2.0,0.8,29.0,11,13.0,-21.0,-51.0,0.9583333333333334,2.1666666666666665,-1.208333333333333,-1.0416666666666667,1.0833333333333333,-2.125,0
2024-03-04,20:15,Famalicao,Boavista,1.0,1.0,D,1.0,0.0,H,2.0,2.0,0.0,0.0,23-24,11,12,26,24,6,6,-5.0,-14.0,22,23,72.0,64.0,8.0,5.0,21,8.0,9.0,1.2,1.6,15.0,0.8,2.2,11.0,-1,-1.0,4.0,9.0,1.1818181818181819,1.0434782608695652,0.1383399209486167,-0.22727272727272727,-0.6086956521739131,0.3814229249011858,0
2024-03-03,20:30,Porto,Benfica,5.0,0.0,H,2.0,0.0,H,1.0,3.0,0.0,1.0,23-24,3,2,49,58,15,18,21.0,41.0,23,23,72.0,42.0,5.0,1.0,7,2.0,1.0,1.6,1.0,22.0,3.8,0.8,39.0,1,1.0,-17.0,-20.0,2.130434782608696,2.5217391304347827,-0.3913043478260869,0.9130434782608695,1.7826086956521738,-0.8695652173913043,0
2024-03-03,18:00,Sp Lisbon,Farense,3.0,2.0,H,2.0,1.0,H,1.0,3.0,0.0,0.0,23-24,2,10,56,26,18,7,41.0,-2.0,22,23,56.0,52.0,2.0,4.0,9,4.0,19.0,4.6,1.0,35.0,0.8,1.6,5.0,-8,-15.0,30.0,43.0,2.5454545454545454,1.1304347826086956,1.4150197628458498,1.8636363636363635,-0.08695652173913043,1.950592885375494,0
2024-03-03,15:30,Portimonense,Vizela,0.0,0.0,D,0.0,0.0,D,3.0,1.0,1.0,0.0,23-24,16,18,22,17,6,3,-25.0,-24.0,23,23,68.0,59.0,2.0,3.0,3,15.0,11.0,1.2,2.2,7.0,1.0,3.0,14.0,-2,4.0,-7.0,-1.0,0.9565217391304348,0.7391304347826086,0.21739130434782616,-1.0869565217391304,-1.0434782608695652,-0.04347826086956519,0
2024-03-03,15:30,Casa Pia,Gil Vicente,0.0,0.0,D,0.0,0.0,D,1.0,2.0,0.0,0.0,23-24,11,9,26,26,7,7,-13.0,-3.0,23,23,47.0,51.0,2.0,0.0,25,10.0,13.0,0.6,1.8,29.0,1.0,1.2,20.0,2,-3.0,9.0,-10.0,1.1304347826086956,1.1304347826086956,0.0,-0.5652173913043478,-0.13043478260869565,-0.4347826086956521,0
2024-03-02,20:30,Sp Braga,Estrela,3.0,0.0,H,0.0,0.0,D,2.0,1.0,0.0,0.0,23-24,4,15,46,22,14,5,17.0,-12.0,23,23,55.0,52.0,1.0,5.0,14,3.0,19.0,1.6,1.4,34.0,1.0,1.6,14.0,-11,-16.0,20.0,29.0,2.0,0.9565217391304348,1.0434782608695652,0.7391304347826086,-0.5217391304347826,1.2608695652173911,0
2024-03-02,18:00,Estoril,Guimaraes,1.0,3.0,A,0.0,3.0,A,1.0,5.0,0.0,0.0,23-24,14,5,22,41,6,12,-4.0,10.0,23,23,64.0,55.0,2.0,3.0,17,14.0,6.0,1.4,1.8,12.0,0.8,1.2,13.0,9,8.0,-1.0,-14.0,0.9565217391304348,1.7826086956521738,-0.826086956521739,-0.17391304347826086,0.43478260869565216,-0.6086956521739131,0
2024-03-02,15:30,Moreirense,Rio Ave,0.0,0.0,D,0.0,0.0,D,1.0,1.0,0.0,0.0,23-24,6,14,38,22,11,4,1.0,-9.0,23,23,57.0,73.0,3.0,3.0,12,19.0,12.0,0.6,0.6,27.0,1.2,1.2,17.0,-8,7.0,10.0,10.0,1.6521739130434783,0.9565217391304348,0.6956521739130435,0.043478260869565216,-0.391304347826087,0.4347826086956522,0
2024-03-01,20:15,Chaves,Arouca,1.0,5.0,A,1.0,2.0,A,1.0,2.0,0.0,0.0,23-24,17,7,18,31,4,9,-26.0,6.0,23,23,71.0,57.0,7.0,6.0,16,7.0,5.0,1.0,1.0,20.0,2.6,1.2,33.0,10,2.0,-13.0,-32.0,0.782608695652174,1.3478260869565217,-0.5652173913043478,-1.1304347826086956,0.2608695652173913,-1.391304347826087,0
2024-02-26,20:15,Boavista,Sp Braga,0.0,4.0,A,0.0,2.0,A,1.0,3.0,0.0,0.0,23-24,12,4,24,43,6,13,-10.0,13.0,22,22,63.0,52.0,5.0,1.0,11,9.0,3.0,0.8,1.8,15.0,1.2,1.6,29.0,8,6.0,-14.0,-23.0,1.0909090909090908,1.9545454545454546,-0.8636363636363638,-0.45454545454545453,0.5909090909090909,-1.0454545454545454,0
2024-02-25,20:30,Rio Ave,Sp Lisbon,3.0,3.0,D,2.0,2.0,D,6.0,3.0,1.0,0.0,23-24,16,2,21,55,4,18,-9.0,41.0,22,21,67.0,53.0,2.0,2.0,4,12.0,4.0,0.6,0.6,18.0,4.6,0.4,45.0,14,8.0,-27.0,-50.0,0.9545454545454546,2.619047619047619,-1.6645021645021645,-0.4090909090909091,1.9523809523809523,-2.3614718614718613,0
2024-02-25,18:00,Gil Vicente,Porto,1.0,1.0,D,0.0,0.0,D,3.0,3.0,0.0,0.0,23-24,11,3,25,48,7,15,-3.0,21.0,22,22,48.0,69.0,0.0,5.0,20,13.0,2.0,1.2,1.0,24.0,2.4,0.8,27.0,8,11.0,-3.0,-24.0,1.1363636363636365,2.1818181818181817,-1.0454545454545452,-0.13636363636363635,0.9545454545454546,-1.0909090909090908,0
2024-02-25,18:00,Benfica,Portimonense,4.0,0.0,H,0.0,0.0,D,0.0,1.0,0.0,0.0,23-24,2,15,55,22,17,6,37.0,-21.0,22,22,42.0,67.0,1.0,2.0,6,1.0,15.0,3.4,0.8,37.0,1.2,1.8,11.0,-13,-14.0,26.0,58.0,2.5,1.0,1.5,1.6818181818181819,-0.9545454545454546,2.6363636363636367,0
2024-02-25,15:30,Vizela,Estoril,3.0,3.0,D,2.0,0.0,H,2.0,3.0,0.0,0.0,23-24,18,15,16,21,3,6,-24.0,-4.0,22,22,57.0,61.0,3.0,2.0,24,11.0,14.0,0.8,3.4,12.0,1.0,1.6,11.0,3,-3.0,1.0,-20.0,0.7272727272727273,0.9545454545454546,-0.2272727272727273,-1.0909090909090908,-0.18181818181818182,-0.909090909090909,0
2024-02-24,20:30,Guimaraes,Casa Pia,0.0,2.0,A,0.0,2.0,A,1.0,3.0,0.0,0.0,23-24,5,12,41,23,12,6,12.0,-15.0,22,22,54.0,44.0,3.0,2.0,8,6.0,10.0,1.4,0.8,21.0,0.4,2.4,18.0,-7,-4.0,3.0,27.0,1.8636363636363635,1.0454545454545454,0.8181818181818181,0.5454545454545454,-0.6818181818181818,1.227272727272727,0
2024-02-24,18:00,Estrela,Chaves,1.0,1.0,D,1.0,1.0,D,2.0,2.0,0.0,0.0,23-24,16,17,21,17,5,4,-12.0,-26.0,22,22,50.0,69.0,5.0,7.0,26,19.0,7.0,0.8,2.0,12.0,0.8,0.8,21.0,-1,12.0,-9.0,14.0,0.9545454545454546,0.7727272727272727,0.18181818181818188,-0.5454545454545454,-1.1818181818181819,0.6363636363636365,0
2024-02-24,15:30,Farense,Moreirense,0.0,1.0,A,0.0,1.0,A,1.0,0.0,1.0,0.0,23-24,8,6,26,35,7,10,-1.0,0.0,22,22,51.0,57.0,3.0,3.0,22,19.0,19.0,1.4,1.6,10.0,0.4,1.6,18.0,2,0.0,-8.0,-1.0,1.1818181818181819,1.5909090909090908,-0.40909090909090895,-0.045454545454545456,0.0,-0.045454545454545456,0
2024-02-23,20:15,Arouca,Famalicao,3.0,2.0,H,2.0,1.0,H,2.0,5.0,0.0,1.0,23-24,7,9,28,26,8,6,5.0,-4.0,22,21,55.0,67.0,6.0,7.0,23,5.0,8.0,2.4,1.0,30.0,1.2,1.0,22.0,-2,-3.0,8.0,9.0,1.2727272727272727,1.2380952380952381,0.03463203463203457,0.22727272727272727,-0.19047619047619047,0.41774891774891776,0
2024-02-19,20:15,Moreirense,Sp Lisbon,0.0,2.0,A,0.0,2.0,A,0.0,1.0,0.0,0.0,23-24,6,2,35,52,10,17,2.0,39.0,21,20,57.0,52.0,3.0,2.0,12,19.0,4.0,1.0,1.4,27.0,5.2,0.6,45.0,4,15.0,-18.0,-37.0,1.6666666666666667,2.6,-0.9333333333333333,0.09523809523809523,1.95,-1.8547619047619048,0
2024-02-18,20:30,Sp Braga,Farense,2.0,1.0,H,0.0,0.0,D,5.0,3.0,0.0,0.0,23-24,5,8,40,26,12,7,12.0,0.0,21,21,47.0,48.0,1.0,3.0,14,3.0,19.0,0.8,1.8,21.0,1.2,1.4,15.0,-3,-16.0,6.0,12.0,1.9047619047619047,1.2380952380952381,0.6666666666666665,0.5714285714285714,0.0,0.5714285714285714,0
2024-02-18,18:00,Estoril,Gil Vicente,1.0,3.0,A,0.0,0.0,D,2.0,3.0,1.0,0.0,23-24,14,12,21,22,6,6,-2.0,-5.0,21,21,59.0,45.0,1.0,0.0,17,14.0,13.0,1.0,1.6,15.0,0.8,1.0,16.0,2,1.0,-1.0,3.0,1.0,1.0476190476190477,-0.04761904761904767,-0.09523809523809523,-0.23809523809523808,0.14285714285714285,0
2024-02-18,18:00,Benfica,Vizela,6.0,1.0,H,5.0,0.0,H,0.0,4.0,0.0,0.0,23-24,2,18,52,16,16,3,32.0,-19.0,21,21,42.0,53.0,1.0,3.0,6,1.0,11.0,3.0,0.8,35.0,0.8,3.0,15.0,-16,-10.0,20.0,51.0,2.4761904761904763,0.7619047619047619,1.7142857142857144,1.5238095238095237,-0.9047619047619048,2.4285714285714284,0
2024-02-18,15:30,Casa Pia,Arouca,1.0,0.0,H,0.0,0.0,D,0.0,2.0,0.0,0.0,23-24,16,7,20,28,5,8,-16.0,6.0,21,21,44.0,53.0,2.0,6.0,25,10.0,5.0,0.2,2.8,4.0,2.6,1.2,42.0,9,5.0,-38.0,-22.0,0.9523809523809523,1.3333333333333333,-0.38095238095238093,-0.7619047619047619,0.2857142857142857,-1.0476190476190474,0
2024-02-17,20:30,Porto,Estrela,2.0,0.0,H,1.0,0.0,H,0.0,2.0,0.0,0.0,23-24,3,15,45,21,14,5,19.0,-10.0,21,21,69.0,48.0,5.0,5.0,7,2.0,19.0,2.4,0.8,22.0,1.0,1.8,16.0,-12,-17.0,6.0,29.0,2.142857142857143,1.0,1.1428571428571428,0.9047619047619048,-0.47619047619047616,1.380952380952381,0
2024-02-17,18:00,Portimonense,Guimaraes,1.0,1.0,D,0.0,1.0,A,3.0,5.0,0.0,0.0,23-24,15,5,21,40,6,12,-21.0,12.0,21,21,64.0,49.0,2.0,3.0,3,15.0,6.0,1.2,1.6,12.0,1.6,0.8,26.0,10,9.0,-14.0,-33.0,1.0,1.9047619047619047,-0.9047619047619047,-1.0,0.5714285714285714,-1.5714285714285714,0
2024-02-17,15:30,Chaves,Boavista,2.0,1.0,H,1.0,1.0,D,6.0,1.0,1.0,0.0,23-24,18,10,14,24,3,6,-27.0,-9.0,21,21,63.0,62.0,6.0,5.0,16,7.0,9.0,0.4,1.2,9.0,1.4,1.6,22.0,8,-2.0,-13.0,-18.0,0.6666666666666666,1.1428571428571428,-0.47619047619047616,-1.2857142857142858,-0.42857142857142855,-0.8571428571428572,0
2024-02-16,20:15,Famalicao,Rio Ave,2.0,1.0,H,1.0,1.0,D,4.0,6.0,0.0,0.0,23-24,10,13,23,21,5,4,-5.0,-8.0,20,21,63.0,61.0,7.0,2.0,21,8.0,12.0,1.2,1.2,12.0,0.6,1.0,24.0,-3,-4.0,-12.0,3.0,1.15,1.0,0.1499999999999999,-0.25,-0.38095238095238093,0.13095238095238093,0
2024-02-13,15:30,Gil Vicente,Vizela,0.0,1.0,A,0.0,1.0,A,3.0,5.0,0.0,1.0,23-24,11,18,22,13,6,2,-4.0,-20.0,20,20,42.0,48.0,0.0,2.0,20,13.0,11.0,0.8,1.0,23.0,0.8,3.2,1.0,-7,2.0,22.0,16.0,1.1,0.65,0.45000000000000007,-0.2,-1.0,0.8,0
2024-02-12,20:15,Arouca,Porto,3.0,2.0,H,2.0,1.0,H,3.0,4.0,0.0,1.0,23-24,8,3,25,45,7,14,5.0,20.0,20,20,50.0,65.0,6.0,4.0,23,5.0,2.0,2.0,1.4,36.0,2.2,0.4,33.0,5,3.0,3.0,-15.0,1.25,2.25,-1.0,0.25,1.0,-0.75,0
2024-02-11,20:30,Guimaraes,Benfica,2.0,2.0,D,1.0,1.0,D,4.0,3.0,1.0,0.0,23-24,5,2,39,51,12,16,12.0,32.0,20,20,45.0,39.0,2.0,1.0,8,6.0,1.0,1.4,0.6,31.0,3.2,0.4,45.0,3,5.0,-14.0,-20.0,1.95,2.55,-0.5999999999999999,0.6,1.6,-1.0,0
2024-02-11,18:00,Sp Lisbon,Sp Braga,5.0,0.0,H,2.0,0.0,H,0.0,0.0,0.0,0.0,23-24,2,4,49,40,16,12,34.0,17.0,19,20,52.0,47.0,2.0,1.0,9,4.0,3.0,4.6,0.8,45.0,1.0,1.0,29.0,-2,1.0,16.0,17.0,2.5789473684210527,2.0,0.5789473684210527,1.7894736842105263,0.85,0.9394736842105263,0
2024-02-11,15:30,Rio Ave,Casa Pia,1.0,0.0,H,0.0,0.0,D,1.0,3.0,0.0,0.0,23-24,16,15,18,20,3,5,-9.0,-15.0,20,20,60.0,41.0,2.0,2.0,4,12.0,10.0,0.8,1.0,15.0,1.0,2.8,8.0,1,2.0,7.0,6.0,0.9,1.0,-0.09999999999999998,-0.45,-0.75,0.3,0
2024-02-10,20:30,Boavista,Estoril,2.0,1.0,H,2.0,0.0,H,5.0,5.0,0.0,0.0,23-24,12,11,21,21,5,6,-10.0,-1.0,20,20,57.0,54.0,5.0,1.0,11,9.0,14.0,1.2,1.6,12.0,1.0,2.2,19.0,1,-5.0,-7.0,-9.0,1.05,1.05,0.0,-0.5,-0.05,-0.45,0
2024-02-10,18:00,Moreirense,Chaves,1.0,0.0,H,0.0,0.0,D,3.0,2.0,0.0,0.0,23-24,6,17,32,14,9,3,1.0,-26.0,20,20,54.0,61.0,3.0,6.0,12,19.0,7.0,1.0,2.2,18.0,0.8,1.4,13.0,-11,12.0,5.0,27.0,1.6,0.7,0.9000000000000001,0.05,-1.3,1.35,0
2024-02-10,15:30,Farense,Famalicao,1.0,1.0,D,0.0,1.0,A,0.0,6.0,0.0,0.0,23-24,8,10,25,22,7,5,0.0,-5.0,20,19,48.0,57.0,3.0,7.0,22,19.0,8.0,1.2,1.2,17.0,1.0,1.6,11.0,-2,11.0,6.0,5.0,1.25,1.1578947368421053,0.09210526315789469,0.0,-0.2631578947368421,0.2631578947368421,0
2024-02-09,20:15,Estrela,Portimonense,3.0,0.0,H,3.0,0.0,H,4.0,3.0,0.0,0.0,23-24,16,13,18,21,4,6,-13.0,-18.0,20,20,44.0,61.0,5.0,2.0,26,19.0,15.0,0.6,2.0,3.0,1.2,1.4,18.0,3,4.0,-15.0,5.0,0.9,1.05,-0.15000000000000002,-0.65,-0.9,0.25,0
2024-02-05,20:15,Casa Pia,Boavista,0.0,0.0,D,0.0,0.0,D,3.0,1.0,0.0,0.0,23-24,14,13,19,20,5,5,-15.0,-10.0,19,19,38.0,56.0,2.0,5.0,25,10.0,9.0,1.2,3.4,6.0,1.2,1.8,11.0,1,1.0,-5.0,-5.0,1.0,1.0526315789473684,-0.05263157894736836,-0.7894736842105263,-0.5263157894736842,-0.26315789473684215,0
2024-02-04,20:30,Sp Braga,Moreirense,1.0,0.0,H,1.0,0.0,H,1.0,2.0,0.0,0.0,23-24,5,6,37,32,11,9,16.0,2.0,19,19,46.0,52.0,1.0,3.0,14,3.0,19.0,1.4,1.2,22.0,1.0,2.0,25.0,-1,-16.0,-3.0,14.0,1.9473684210526316,1.6842105263157894,0.26315789473684226,0.8421052631578947,0.10526315789473684,0.7368421052631579,0
2024-02-04,18:00,Estoril,Estrela,1.0,0.0,H,0.0,0.0,D,3.0,2.0,0.0,0.0,23-24,14,16,18,18,5,4,-2.0,-12.0,19,19,51.0,42.0,1.0,5.0,17,14.0,19.0,1.6,2.2,8.0,0.8,2.6,5.0,-2,-5.0,3.0,10.0,0.9473684210526315,0.9473684210526315,0.0,-0.10526315789473684,-0.631578947368421,0.5263157894736842,0
2024-02-04,18:00,Benfica,Gil Vicente,3.0,0.0,H,2.0,0.0,H,0.0,1.0,0.0,0.0,23-24,2,9,48,22,15,6,29.0,-1.0,19,19,39.0,41.0,1.0,0.0,6,1.0,13.0,3.2,0.4,45.0,1.0,0.4,33.0,-7,-12.0,12.0,30.0,2.526315789473684,1.1578947368421053,1.3684210526315788,1.5263157894736843,-0.05263157894736842,1.5789473684210527,0
2024-02-04,15:30,Vizela,Guimaraes,0.0,1.0,A,0.0,0.0,D,4.0,2.0,0.0,0.0,23-24,18,5,13,36,2,11,-19.0,11.0,19,19,44.0,43.0,2.0,2.0,24,11.0,6.0,0.8,3.0,3.0,1.4,0.6,26.0,13,5.0,-23.0,-30.0,0.6842105263157895,1.894736842105263,-1.2105263157894735,-1.0,0.5789473684210527,-1.5789473684210527,0
2024-02-04,15:30,Chaves,Farense,1.0,1.0,D,0.0,1.0,A,2.0,4.0,1.0,0.0,23-24,18,8,13,24,3,7,-26.0,0.0,19,19,59.0,44.0,5.0,3.0,16,7.0,19.0,0.6,1.4,11.0,1.0,1.8,18.0,10,-12.0,-7.0,-26.0,0.6842105263157895,1.263157894736842,-0.5789473684210525,-1.368421052631579,0.0,-1.368421052631579,0
2024-02-03,20:30,Porto,Rio Ave,0.0,0.0,D,0.0,0.0,D,4.0,5.0,0.0,1.0,23-24,3,16,44,17,14,3,20.0,-9.0,19,19,61.0,55.0,4.0,1.0,7,2.0,12.0,2.4,0.4,41.0,0.8,1.2,15.0,-13,-10.0,26.0,29.0,2.3157894736842106,0.8947368421052632,1.4210526315789473,1.0526315789473684,-0.47368421052631576,1.526315789473684,0
2024-02-03,15:30,Portimonense,Arouca,1.0,2.0,A,0.0,0.0,D,4.0,1.0,0.0,0.0,23-24,11,8,21,22,6,6,-17.0,4.0,19,19,57.0,49.0,2.0,6.0,3,15.0,5.0,1.2,1.4,24.0,2.4,1.4,30.0,3,10.0,-6.0,-21.0,1.105263157894737,1.1578947368421053,-0.05263157894736836,-0.8947368421052632,0.21052631578947367,-1.1052631578947367,0
2024-01-31,20:45,Sp Braga,Chaves,1.0,1.0,D,0.0,0.0,D,1.0,5.0,0.0,1.0,23-24,4,18,36,12,11,3,16.0,-26.0,18,18,45.0,54.0,1.0,4.0,14,3.0,7.0,1.2,1.2,24.0,0.6,1.8,8.0,-14,-4.0,16.0,42.0,2.0,0.6666666666666666,1.3333333333333335,0.8888888888888888,-1.4444444444444444,2.333333333333333,0
2024-01-31,18:45,Rio Ave,Estoril,1.0,1.0,D,0.0,0.0,D,4.0,3.0,0.0,0.0,23-24,16,15,16,17,3,5,-9.0,-2.0,18,18,51.0,48.0,1.0,1.0,4,12.0,14.0,0.8,1.2,15.0,1.6,2.2,7.0,1,-2.0,8.0,-7.0,0.8888888888888888,0.9444444444444444,-0.05555555555555558,-0.5,-0.1111111111111111,-0.3888888888888889,0
2024-01-29,20:45,Sp Lisbon,Casa Pia,8.0,0.0,H,5.0,0.0,H,1.0,1.0,0.0,0.0,23-24,2,13,46,19,15,5,26.0,-7.0,18,18,51.0,37.0,2.0,2.0,9,4.0,10.0,3.4,0.8,45.0,1.8,2.0,12.0,-11,-6.0,33.0,33.0,2.5555555555555554,1.0555555555555556,1.4999999999999998,1.4444444444444444,-0.3888888888888889,1.8333333333333333,0
2024-01-29,18:45,Estrela,Benfica,1.0,4.0,A,1.0,2.0,A,2.0,1.0,1.0,0.0,23-24,14,2,18,45,4,14,-9.0,26.0,18,18,40.0,38.0,4.0,1.0,26,19.0,1.0,0.6,1.8,8.0,2.6,0.2,45.0,12,18.0,-37.0,-35.0,1.0,2.5,-1.5,-0.5,1.4444444444444444,-1.9444444444444444,0
2024-01-28,20:30,Gil Vicente,Guimaraes,1.0,0.0,H,0.0,0.0,D,1.0,2.0,0.0,0.0,23-24,12,5,19,36,5,11,-2.0,12.0,18,18,40.0,41.0,0.0,2.0,20,13.0,6.0,0.8,1.0,25.0,1.6,0.6,37.0,7,7.0,-12.0,-14.0,1.0555555555555556,2.0,-0.9444444444444444,-0.1111111111111111,0.6666666666666666,-0.7777777777777777,0
2024-01-28,20:30,Arouca,Vizela,5.0,0.0,H,2.0,0.0,H,1.0,2.0,0.0,0.0,23-24,11,17,19,13,5,2,-1.0,-14.0,18,18,48.0,42.0,6.0,2.0,23,5.0,11.0,2.0,1.4,24.0,1.0,2.2,6.0,-6,-6.0,18.0,13.0,1.0555555555555556,0.7222222222222222,0.33333333333333337,-0.05555555555555555,-0.7777777777777778,0.7222222222222222,0
2024-01-28,18:00,Farense,Porto,1.0,3.0,A,0.0,2.0,A,1.0,0.0,0.0,0.0,23-24,7,3,24,41,7,13,2.0,18.0,18,18,43.0,61.0,3.0,4.0,22,19.0,2.0,0.8,1.2,25.0,1.8,0.6,36.0,4,17.0,-11.0,-16.0,1.3333333333333333,2.2777777777777777,-0.9444444444444444,0.1111111111111111,1.0,-0.8888888888888888,0
2024-01-28,15:30,Moreirense,Famalicao,1.0,0.0,H,0.0,0.0,D,3.0,2.0,0.0,0.0,23-24,6,8,29,22,8,5,1.0,-4.0,18,18,49.0,55.0,3.0,7.0,12,19.0,8.0,1.8,2.4,17.0,1.2,1.6,16.0,-2,11.0,1.0,5.0,1.6111111111111112,1.2222222222222223,0.38888888888888884,0.05555555555555555,-0.2222222222222222,0.2777777777777778,0
2024-01-28,15:30,Boavista,Portimonense,1.0,4.0,A,0.0,3.0,A,2.0,2.0,0.0,0.0,23-24,9,14,20,18,5,5,-7.0,-20.0,18,18,54.0,55.0,5.0,2.0,11,9.0,15.0,1.2,1.2,16.0,0.8,2.2,12.0,-5,-6.0,4.0,13.0,1.1111111111111112,1.0,0.11111111111111116,-0.3888888888888889,-1.1111111111111112,0.7222222222222223,0
2024-01-21,20:30,Guimaraes,Estrela,3.0,0.0,H,1.0,0.0,H,1.0,1.0,0.0,1.0,23-24,5,13,33,18,10,4,9.0,-6.0,17,17,40.0,39.0,2.0,3.0,8,6.0,19.0,1.6,1.0,33.0,1.2,1.4,14.0,-8,-13.0,19.0,15.0,1.9411764705882353,1.0588235294117647,0.8823529411764706,0.5294117647058824,-0.35294117647058826,0.8823529411764706,0
2024-01-21,18:00,Chaves,Rio Ave,0.0,0.0,D,0.0,0.0,D,2.0,3.0,0.0,0.0,23-24,18,16,11,15,3,3,-26.0,-9.0,17,17,52.0,48.0,4.0,1.0,16,7.0,12.0,0.6,2.6,4.0,1.2,1.6,15.0,2,-5.0,-11.0,-17.0,0.6470588235294118,0.8823529411764706,-0.23529411764705876,-1.5294117647058822,-0.5294117647058824,-0.9999999999999999,0
2024-01-21,15:30,Portimonense,Gil Vicente,0.0,2.0,A,0.0,1.0,A,3.0,1.0,0.0,0.0,23-24,13,15,18,16,5,4,-18.0,-4.0,17,17,52.0,39.0,2.0,0.0,3,15.0,13.0,1.0,2.0,16.0,0.6,1.2,15.0,-2,2.0,1.0,-14.0,1.0588235294117647,0.9411764705882353,0.11764705882352944,-1.0588235294117647,-0.23529411764705882,-0.8235294117647058,0
2024-01-20,20:30,Porto,Moreirense,5.0,0.0,H,1.0,0.0,H,0.0,3.0,0.0,0.0,23-24,3,6,38,29,12,8,13.0,6.0,17,17,61.0,46.0,4.0,3.0,7,2.0,19.0,1.4,0.8,31.0,2.0,1.6,25.0,-3,-17.0,6.0,7.0,2.235294117647059,1.7058823529411764,0.5294117647058825,0.7647058823529411,0.35294117647058826,0.41176470588235287,0
2024-01-20,18:00,Casa Pia,Farense,1.0,3.0,A,0.0,2.0,A,0.0,1.0,0.0,0.0,23-24,11,8,19,21,5,6,-5.0,0.0,17,17,37.0,42.0,2.0,3.0,25,10.0,19.0,1.8,2.0,18.0,0.4,1.2,15.0,3,-9.0,3.0,-5.0,1.1176470588235294,1.2352941176470589,-0.11764705882352944,-0.29411764705882354,0.0,-0.29411764705882354,0
2024-01-20,15:30,Estoril,Arouca,1.0,2.0,A,1.0,2.0,A,3.0,2.0,0.0,0.0,23-24,13,14,17,16,5,4,-1.0,-2.0,17,17,45.0,46.0,1.0,6.0,17,14.0,5.0,2.2,1.8,14.0,2.0,1.6,16.0,-1,9.0,-2.0,1.0,1.0,0.9411764705882353,0.05882352941176472,-0.058823529411764705,-0.11764705882352941,0.058823529411764705,0
2024-01-19,20:15,Benfica,Boavista,2.0,0.0,H,0.0,0.0,D,3.0,3.0,0.0,0.0,23-24,2,9,42,20,13,5,24.0,-5.0,17,17,35.0,51.0,1.0,5.0,6,1.0,9.0,2.4,0.4,43.0,1.4,1.4,21.0,-7,-8.0,22.0,29.0,2.4705882352941178,1.1764705882352942,1.2941176470588236,1.411764705882353,-0.29411764705882354,1.7058823529411766,0
2024-01-18,20:45,Vizela,Sp Lisbon,2.0,5.0,A,1.0,1.0,D,3.0,1.0,0.0,0.0,23-24,17,1,13,43,2,14,-11.0,23.0,17,17,39.0,50.0,2.0,2.0,24,11.0,4.0,0.8,1.8,9.0,2.8,1.0,42.0,16,7.0,-33.0,-34.0,0.7647058823529411,2.5294117647058822,-1.7647058823529411,-0.6470588235294118,1.3529411764705883,-2.0,0
2024-01-18,18:45,Famalicao,Sp Braga,1.0,2.0,A,0.0,0.0,D,4.0,4.0,1.0,0.0,23-24,7,4,22,33,5,10,-3.0,15.0,17,17,51.0,41.0,6.0,1.0,21,8.0,3.0,1.2,1.4,22.0,1.4,1.2,16.0,3,5.0,6.0,-18.0,1.2941176470588236,1.9411764705882353,-0.6470588235294117,-0.17647058823529413,0.8823529411764706,-1.0588235294117647,0
2024-01-15,20:15,Guimaraes,Arouca,2.0,1.0,H,1.0,1.0,D,0.0,3.0,0.0,0.0,23-24,5,14,30,16,9,4,8.0,-1.0,16,16,40.0,43.0,2.0,6.0,8,6.0,5.0,1.6,1.0,29.0,2.6,1.2,26.0,-9,1.0,3.0,9.0,1.875,1.0,0.875,0.5,-0.0625,0.5625,0
2024-01-14,20:30,Porto,Sp Braga,2.0,0.0,H,1.0,0.0,H,3.0,5.0,0.0,0.0,23-24,3,4,35,33,11,10,11.0,17.0,16,16,58.0,36.0,4.0,1.0,7,2.0,3.0,1.6,0.8,26.0,2.0,1.0,26.0,-1,-1.0,0.0,-6.0,2.1875,2.0625,0.125,0.6875,1.0625,-0.375,0
2024-01-14,18:00,Vizela,Boavista,1.0,4.0,A,0.0,2.0,A,2.0,2.0,0.0,0.0,23-24,17,13,13,17,2,4,-8.0,-8.0,16,16,37.0,49.0,2.0,5.0,24,11.0,9.0,0.8,1.4,12.0,0.6,2.0,8.0,4,2.0,4.0,0.0,0.8125,1.0625,-0.25,-0.5,-0.5,0.0,0
2024-01-14,18:00,Benfica,Rio Ave,4.0,1.0,H,1.0,1.0,D,1.0,3.0,0.0,1.0,23-24,2,16,39,15,12,3,21.0,-6.0,16,16,34.0,45.0,1.0,0.0,6,1.0,12.0,1.6,0.2,39.0,1.2,1.0,21.0,-14,-11.0,18.0,27.0,2.4375,0.9375,1.5,1.3125,-0.375,1.6875,0
2024-01-14,15:30,Gil Vicente,Estrela,1.0,1.0,D,1.0,0.0,H,2.0,4.0,0.0,0.0,23-24,15,12,15,17,4,4,-4.0,-6.0,16,16,37.0,35.0,0.0,3.0,20,13.0,19.0,0.6,1.6,14.0,1.2,1.4,15.0,3,-6.0,-1.0,2.0,0.9375,1.0625,-0.125,-0.25,-0.375,0.125,0
2024-01-13,20:30,Estoril,Moreirense,1.0,3.0,A,0.0,2.0,A,2.0,3.0,0.0,0.0,23-24,11,6,17,26,5,7,1.0,4.0,16,16,43.0,43.0,1.0,3.0,17,14.0,19.0,2.2,1.8,21.0,1.4,1.4,16.0,5,-5.0,5.0,-3.0,1.0625,1.625,-0.5625,0.0625,0.25,-0.1875,0
2024-01-13,18:00,Chaves,Sp Lisbon,0.0,3.0,A,0.0,1.0,A,1.0,2.0,0.0,0.0,23-24,18,1,11,40,3,13,-23.0,20.0,16,16,51.0,48.0,4.0,2.0,16,7.0,4.0,1.0,2.2,8.0,2.8,1.2,39.0,17,3.0,-31.0,-43.0,0.6875,2.5,-1.8125,-1.4375,1.25,-2.6875,0
2024-01-13,15:30,Casa Pia,Famalicao,0.0,2.0,A,0.0,1.0,A,1.0,1.0,1.0,0.0,23-24,8,9,19,19,5,4,-3.0,-5.0,16,16,36.0,50.0,1.0,6.0,25,10.0,8.0,2.0,1.6,27.0,0.8,2.0,10.0,-1,2.0,17.0,2.0,1.1875,1.1875,0.0,-0.1875,-0.3125,0.125,0
2024-01-12,20:15,Portimonense,Farense,1.0,0.0,H,0.0,0.0,D,2.0,3.0,0.0,0.0,23-24,16,7,15,21,4,6,-19.0,1.0,16,16,50.0,39.0,2.0,3.0,3,15.0,19.0,0.8,2.2,2.0,0.6,1.4,20.0,9,-4.0,-18.0,-20.0,0.9375,1.3125,-0.375,-1.1875,0.0625,-1.25,0
2024-01-08,20:15,Moreirense,Casa Pia,1.0,4.0,A,1.0,3.0,A,2.0,2.0,0.0,0.0,23-24,6,13,26,16,7,4,7.0,-6.0,15,15,41.0,34.0,3.0,1.0,12,19.0,10.0,1.4,0.6,25.0,1.2,2.2,18.0,-7,9.0,7.0,13.0,1.7333333333333334,1.0666666666666667,0.6666666666666667,0.4666666666666667,-0.4,0.8666666666666667,0
2024-01-07,20:30,Famalicao,Chaves,2.0,2.0,D,2.0,1.0,H,3.0,2.0,0.0,0.0,23-24,8,18,18,10,4,3,-5.0,-23.0,15,15,47.0,49.0,6.0,4.0,21,8.0,7.0,0.4,1.6,8.0,0.8,2.2,6.0,-10,1.0,2.0,18.0,1.2,0.6666666666666666,0.5333333333333333,-0.3333333333333333,-1.5333333333333334,1.2000000000000002,0
2024-01-07,18:00,Rio Ave,Portimonense,2.0,0.0,H,0.0,0.0,D,1.0,3.0,0.0,0.0,23-24,17,15,12,15,2,4,-8.0,-17.0,15,15,44.0,47.0,0.0,2.0,4,12.0,15.0,1.0,1.2,10.0,1.2,2.0,6.0,2,-3.0,4.0,9.0,0.8,1.0,-0.19999999999999996,-0.5333333333333333,-1.1333333333333333,0.6,0
2024-01-06,20:30,Sp Braga,Guimaraes,1.0,1.0,D,0.0,0.0,D,2.0,0.0,0.0,0.0,23-24,4,5,32,29,10,9,17.0,8.0,15,15,34.0,40.0,1.0,2.0,14,3.0,6.0,2.0,0.8,33.0,1.6,1.2,34.0,-1,-3.0,-1.0,9.0,2.1333333333333333,1.9333333333333333,0.19999999999999996,1.1333333333333333,0.5333333333333333,0.6,0
2024-01-06,18:00,Arouca,Benfica,0.0,3.0,A,0.0,1.0,A,2.0,2.0,0.0,0.0,23-24,12,2,16,36,4,11,2.0,18.0,15,15,41.0,32.0,6.0,1.0,23,5.0,1.0,2.6,0.8,36.0,1.4,0.4,35.0,10,4.0,1.0,-16.0,1.0666666666666667,2.4,-1.3333333333333333,0.13333333333333333,1.2,-1.0666666666666667,0
2024-01-06,15:30,Farense,Gil Vicente,1.0,0.0,H,0.0,0.0,D,2.0,2.0,0.0,0.0,23-24,7,14,18,15,5,4,0.0,-3.0,15,15,37.0,35.0,3.0,0.0,22,19.0,13.0,1.0,1.6,10.0,0.8,1.6,19.0,-7,6.0,-9.0,3.0,1.2,1.0,0.19999999999999996,0.0,-0.2,0.2,0
2024-01-06,15:30,Estrela,Vizela,1.0,1.0,D,1.0,0.0,H,0.0,1.0,0.0,0.0,23-24,12,17,16,12,4,2,-6.0,-8.0,15,15,35.0,36.0,3.0,2.0,26,19.0,11.0,1.0,1.4,15.0,0.6,1.2,10.0,-5,8.0,5.0,2.0,1.0666666666666667,0.8,0.2666666666666666,-0.4,-0.5333333333333333,0.1333333333333333,0
2024-01-05,20:45,Boavista,Porto,1.0,1.0,D,1.0,1.0,D,5.0,1.0,1.0,0.0,23-24,13,3,16,34,4,11,-8.0,11.0,15,15,44.0,57.0,4.0,4.0,11,9.0,2.0,0.6,2.4,4.0,1.8,0.8,33.0,10,7.0,-29.0,-19.0,1.0666666666666667,2.2666666666666666,-1.2,-0.5333333333333333,0.7333333333333333,-1.2666666666666666,0
2024-01-05,18:45,Sp Lisbon,Estoril,5.0,1.0,H,2.0,0.0,H,1.0,3.0,0.0,0.0,23-24,1,9,37,17,12,5,16.0,5.0,15,15,47.0,40.0,2.0,1.0,9,4.0,14.0,2.0,1.4,33.0,2.8,0.8,31.0,-8,-10.0,2.0,11.0,2.466666666666667,1.1333333333333333,1.3333333333333335,1.0666666666666667,0.3333333333333333,0.7333333333333334,0
2023-12-30,20:30,Portimonense,Sp Lisbon,1.0,2.0,A,0.0,0.0,D,4.0,3.0,0.0,0.0,23-24,15,2,15,34,4,11,-16.0,15.0,14,14,43.0,44.0,2.0,2.0,3,15.0,4.0,1.2,2.8,10.0,2.2,1.6,27.0,13,11.0,-17.0,-31.0,1.0714285714285714,2.4285714285714284,-1.357142857142857,-1.1428571428571428,1.0714285714285714,-2.2142857142857144,0
2023-12-30,18:00,Casa Pia,Sp Braga,1.0,3.0,A,0.0,0.0,D,1.0,0.0,0.0,0.0,23-24,11,4,16,29,4,9,-4.0,15.0,14,14,33.0,34.0,1.0,1.0,25,10.0,3.0,1.0,1.8,24.0,2.6,0.8,30.0,7,7.0,-6.0,-19.0,1.1428571428571428,2.0714285714285716,-0.9285714285714288,-0.2857142857142857,1.0714285714285714,-1.3571428571428572,0
2023-12-30,15:30,Gil Vicente,Boavista,1.0,0.0,H,0.0,0.0,D,0.0,1.0,0.0,0.0,23-24,15,12,12,16,3,4,-4.0,-7.0,14,14,35.0,43.0,0.0,4.0,20,13.0,9.0,0.8,2.2,6.0,0.6,2.6,5.0,3,4.0,1.0,3.0,0.8571428571428571,1.1428571428571428,-0.2857142857142857,-0.2857142857142857,-0.5,0.2142857142857143,0
2023-12-30,15:30,Estoril,Farense,4.0,0.0,H,2.0,0.0,H,2.0,2.0,0.0,0.0,23-24,15,7,14,18,4,5,1.0,4.0,14,14,38.0,35.0,1.0,3.0,17,14.0,19.0,2.2,0.8,26.0,1.4,0.8,18.0,8,-5.0,8.0,-3.0,1.0,1.2857142857142858,-0.2857142857142858,0.07142857142857142,0.2857142857142857,-0.21428571428571427,0
2023-12-29,20:45,Porto,Chaves,1.0,0.0,H,0.0,0.0,D,3.0,5.0,0.0,0.0,23-24,3,18,31,10,10,3,10.0,-22.0,14,14,54.0,44.0,4.0,4.0,7,2.0,7.0,1.6,1.0,27.0,0.8,2.4,9.0,-15,-5.0,18.0,32.0,2.2142857142857144,0.7142857142857143,1.5,0.7142857142857143,-1.5714285714285714,2.2857142857142856,0
2023-12-29,18:45,Benfica,Famalicao,3.0,0.0,H,1.0,0.0,H,2.0,3.0,0.0,0.0,23-24,2,8,33,18,10,4,15.0,-2.0,14,14,30.0,44.0,1.0,6.0,6,1.0,8.0,1.2,0.4,31.0,1.0,1.2,14.0,-6,-7.0,17.0,17.0,2.357142857142857,1.2857142857142858,1.0714285714285714,1.0714285714285714,-0.14285714285714285,1.2142857142857142,0
2023-12-28,20:15,Estrela,Arouca,1.0,4.0,A,1.0,0.0,H,0.0,2.0,1.0,0.0,23-24,9,14,16,13,4,3,-3.0,-1.0,14,14,35.0,39.0,2.0,6.0,26,19.0,5.0,1.2,1.2,20.0,1.8,1.0,28.0,-5,14.0,-8.0,-2.0,1.1428571428571428,0.9285714285714286,0.2142857142857142,-0.21428571428571427,-0.07142857142857142,-0.14285714285714285,0
2023-12-23,15:30,Vizela,Moreirense,0.0,0.0,D,0.0,0.0,D,3.0,1.0,0.0,0.0,23-24,17,6,11,25,2,7,-8.0,7.0,14,14,33.0,40.0,2.0,3.0,24,11.0,19.0,0.8,1.2,10.0,1.6,0.6,31.0,11,-8.0,-21.0,-15.0,0.7857142857142857,1.7857142857142858,-1.0,-0.5714285714285714,0.5,-1.0714285714285714,0
2023-12-23,15:30,Guimaraes,Rio Ave,1.0,0.0,H,0.0,0.0,D,4.0,3.0,0.0,0.0,23-24,5,16,26,12,8,2,7.0,-7.0,14,14,36.0,41.0,2.0,0.0,8,6.0,12.0,1.4,1.4,26.0,1.4,1.0,17.0,-11,-6.0,9.0,14.0,1.8571428571428572,0.8571428571428571,1.0,0.5,-0.5,1.0,0
2023-12-18,20:15,Sp Lisbon,Porto,2.0,0.0,H,1.0,0.0,H,4.0,4.0,0.0,1.0,23-24,2,3,31,31,10,10,13.0,12.0,13,13,40.0,50.0,2.0,3.0,9,4.0,2.0,2.2,1.6,21.0,2.0,0.6,39.0,-1,2.0,-18.0,1.0,2.3846153846153846,2.3846153846153846,0.0,1.0,0.9230769230769231,0.07692307692307687,3
2023-12-17,20:30,Sp Braga,Benfica,0.0,1.0,A,0.0,1.0,A,3.0,3.0,0.0,0.0,23-24,4,3,29,30,9,9,16.0,14.0,13,13,31.0,27.0,1.0,1.0,14,3.0,1.0,3.2,1.2,43.0,1.2,0.6,25.0,1,2.0,18.0,2.0,2.230769230769231,2.3076923076923075,-0.07692307692307665,1.2307692307692308,1.0769230769230769,0.15384615384615397,3
2023-12-17,18:00,Famalicao,Estoril,1.0,1.0,D,1.0,1.0,D,3.0,1.0,0.0,0.0,23-24,8,13,17,13,4,4,-2.0,1.0,13,13,41.0,37.0,6.0,1.0,21,8.0,14.0,0.8,1.2,14.0,2.0,0.8,30.0,-5,-6.0,-16.0,-3.0,1.3076923076923077,1.0,0.3076923076923077,-0.15384615384615385,0.07692307692307693,-0.23076923076923078,3
2023-12-17,15:30,Moreirense,Portimonense,5.0,2.0,H,2.0,1.0,H,2.0,2.0,0.0,0.0,23-24,6,11,22,15,6,4,4.0,-13.0,13,13,38.0,41.0,3.0,2.0,12,19.0,15.0,0.8,0.2,27.0,1.0,1.8,17.0,-5,4.0,10.0,17.0,1.6923076923076923,1.1538461538461537,0.5384615384615385,0.3076923076923077,-1.0,1.3076923076923077,3
2023-12-17,15:30,Chaves,Casa Pia,1.0,3.0,A,1.0,2.0,A,1.0,1.0,0.0,0.0,23-24,18,14,10,13,3,3,-20.0,-6.0,13,13,43.0,32.0,4.0,1.0,16,7.0,10.0,0.6,2.8,12.0,0.6,1.8,13.0,4,-3.0,-1.0,-14.0,0.7692307692307693,1.0,-0.23076923076923073,-1.5384615384615385,-0.46153846153846156,-1.076923076923077,3
2023-12-16,20:30,Boavista,Guimaraes,1.0,1.0,D,0.0,1.0,A,6.0,2.0,0.0,0.0,23-24,10,5,15,25,4,8,-7.0,7.0,13,13,37.0,34.0,4.0,2.0,11,9.0,6.0,0.4,2.8,0.0,2.2,1.2,30.0,5,3.0,-30.0,-14.0,1.1538461538461537,1.9230769230769231,-0.7692307692307694,-0.5384615384615384,0.5384615384615384,-1.0769230769230769,3
2023-12-16,18:00,Arouca,Gil Vicente,3.0,0.0,H,1.0,0.0,H,2.0,0.0,0.0,0.0,23-24,17,14,10,12,2,3,-4.0,-1.0,13,13,37.0,35.0,6.0,0.0,23,5.0,13.0,1.2,1.2,17.0,1.4,2.2,9.0,3,-8.0,8.0,-3.0,0.7692307692307693,0.9230769230769231,-0.15384615384615385,-0.3076923076923077,-0.07692307692307693,-0.23076923076923078,3
2023-12-16,15:30,Rio Ave,Vizela,1.0,1.0,D,0.0,0.0,D,3.0,3.0,0.0,1.0,23-24,15,17,11,10,2,2,-7.0,-8.0,13,13,38.0,30.0,0.0,1.0,4,12.0,11.0,1.8,1.6,18.0,0.6,1.4,9.0,-2,1.0,9.0,1.0,0.8461538461538461,0.7692307692307693,0.07692307692307687,-0.5384615384615384,-0.6153846153846154,0.07692307692307698,3
2023-12-15,20:15,Farense,Estrela,0.0,0.0,D,0.0,0.0,D,2.0,1.0,0.0,0.0,23-24,7,9,17,15,5,4,4.0,-3.0,13,13,33.0,34.0,3.0,2.0,22,19.0,19.0,2.2,1.4,23.0,1.4,1.2,22.0,-2,0.0,1.0,7.0,1.3076923076923077,1.1538461538461537,0.15384615384615397,0.3076923076923077,-0.23076923076923078,0.5384615384615385,3
2023-12-11,20:15,Gil Vicente,Moreirense,1.0,1.0,D,1.0,0.0,H,5.0,3.0,0.0,0.0,23-24,14,6,11,21,3,6,-1.0,4.0,12,12,30.0,35.0,0.0,3.0,20,13.0,19.0,1.6,2.8,6.0,0.8,0.2,33.0,8,-6.0,-27.0,-5.0,0.9166666666666666,1.75,-0.8333333333333334,-0.08333333333333333,0.3333333333333333,-0.41666666666666663,3
2023-12-10,20:30,Estoril,Chaves,4.0,0.0,H,1.0,0.0,H,4.0,3.0,0.0,0.0,23-24,15,18,10,10,3,3,-3.0,-16.0,12,12,33.0,40.0,1.0,4.0,17,14.0,7.0,1.2,1.0,21.0,1.4,2.4,18.0,-3,7.0,3.0,13.0,0.8333333333333334,0.8333333333333334,0.0,-0.25,-1.3333333333333333,1.0833333333333333,3
2023-12-10,18:00,Arouca,Rio Ave,2.0,2.0,D,0.0,2.0,A,1.0,5.0,0.0,0.0,23-24,18,15,9,10,2,2,-4.0,-7.0,12,12,36.0,33.0,6.0,0.0,23,5.0,12.0,1.0,1.2,15.0,1.6,1.6,18.0,3,-7.0,-3.0,3.0,0.75,0.8333333333333334,-0.08333333333333337,-0.3333333333333333,-0.5833333333333334,0.25000000000000006,3
2023-12-10,15:30,Estrela,Boavista,3.0,1.0,H,0.0,0.0,D,4.0,2.0,0.0,0.0,23-24,12,9,12,15,3,4,-5.0,-5.0,12,12,30.0,35.0,2.0,4.0,26,19.0,9.0,1.0,1.0,14.0,0.4,2.4,1.0,3,10.0,13.0,0.0,1.0,1.25,-0.25,-0.4166666666666667,-0.4166666666666667,0.0,3
2023-12-09,20:30,Porto,Casa Pia,3.0,1.0,H,1.0,0.0,H,3.0,1.0,0.0,0.0,23-24,4,11,28,13,9,3,10.0,-4.0,12,12,47.0,31.0,3.0,1.0,7,2.0,10.0,1.6,0.4,36.0,0.4,1.4,17.0,-7,-8.0,19.0,14.0,2.3333333333333335,1.0833333333333333,1.2500000000000002,0.8333333333333334,-0.3333333333333333,1.1666666666666667,3
2023-12-09,18:00,Guimaraes,Sp Lisbon,3.0,2.0,H,1.0,1.0,D,4.0,1.0,0.0,0.0,23-24,5,1,22,31,7,10,6.0,14.0,12,12,30.0,39.0,2.0,2.0,8,6.0,4.0,2.2,1.0,24.0,2.2,1.2,33.0,4,2.0,-9.0,-8.0,1.8333333333333333,2.5833333333333335,-0.7500000000000002,0.5,1.1666666666666667,-0.6666666666666667,3
2023-12-09,15:30,Portimonense,Famalicao,1.0,1.0,D,0.0,1.0,A,4.0,1.0,1.0,0.0,23-24,10,8,14,16,4,4,-13.0,-2.0,12,12,37.0,40.0,1.0,6.0,3,15.0,8.0,0.8,1.8,18.0,0.8,1.6,13.0,2,7.0,5.0,-11.0,1.1666666666666667,1.3333333333333333,-0.16666666666666652,-1.0833333333333333,-0.16666666666666666,-0.9166666666666666,3
2023-12-08,18:00,Benfica,Farense,1.0,1.0,D,0.0,0.0,D,2.0,3.0,0.0,0.0,23-24,3,7,29,16,9,5,14.0,4.0,12,12,25.0,30.0,1.0,3.0,6,1.0,19.0,1.2,0.4,31.0,2.0,1.2,28.0,-4,-18.0,3.0,10.0,2.4166666666666665,1.3333333333333333,1.0833333333333333,1.1666666666666667,0.3333333333333333,0.8333333333333335,3
2023-12-08,15:30,Vizela,Sp Braga,1.0,3.0,A,0.0,1.0,A,3.0,1.0,0.0,0.0,23-24,15,4,10,26,2,8,-6.0,14.0,12,12,27.0,30.0,1.0,1.0,24,11.0,3.0,0.4,0.8,14.0,3.0,1.2,41.0,11,8.0,-27.0,-20.0,0.8333333333333334,2.1666666666666665,-1.333333333333333,-0.5,1.1666666666666667,-1.6666666666666667,3
2023-12-04,20:15,Sp Lisbon,Gil Vicente,3.0,1.0,H,1.0,1.0,D,4.0,1.0,0.0,0.0,23-24,2,13,28,11,9,3,12.0,1.0,11,11,35.0,29.0,2.0,0.0,9,4.0,13.0,2.2,1.4,30.0,1.8,2.2,11.0,-11,-9.0,19.0,11.0,2.5454545454545454,1.0,1.5454545454545454,1.0909090909090908,0.09090909090909091,0.9999999999999999,3
2023-12-03,20:30,Boavista,Arouca,0.0,4.0,A,0.0,3.0,A,5.0,4.0,1.0,1.0,23-24,9,18,15,6,4,1,-1.0,-8.0,11,11,30.0,32.0,3.0,5.0,11,9.0,5.0,0.8,2.0,3.0,0.2,1.6,0.0,-9,4.0,3.0,7.0,1.3636363636363635,0.5454545454545454,0.8181818181818181,-0.09090909090909091,-0.7272727272727273,0.6363636363636364,3
2023-12-03,18:00,Moreirense,Benfica,0.0,0.0,D,0.0,0.0,D,4.0,1.0,0.0,0.0,23-24,6,1,20,28,6,9,4.0,14.0,11,11,31.0,24.0,3.0,1.0,12,19.0,1.0,1.6,0.2,41.0,1.4,0.4,39.0,5,18.0,2.0,-10.0,1.8181818181818181,2.5454545454545454,-0.7272727272727273,0.36363636363636365,1.2727272727272727,-0.9090909090909091,3
2023-12-03,15:30,Sp Braga,Estoril,3.0,1.0,H,1.0,1.0,D,2.0,2.0,0.0,0.0,23-24,4,14,23,10,7,3,12.0,-1.0,11,11,28.0,31.0,1.0,1.0,14,3.0,14.0,3.2,1.4,39.0,1.4,1.0,27.0,-10,-11.0,12.0,13.0,2.090909090909091,0.9090909090909091,1.1818181818181817,1.0909090909090908,-0.09090909090909091,1.1818181818181817,3
2023-12-02,20:30,Casa Pia,Portimonense,1.0,0.0,H,0.0,0.0,D,3.0,3.0,0.0,1.0,23-24,14,10,10,14,2,4,-5.0,-12.0,11,11,28.0,34.0,1.0,0.0,25,10.0,15.0,0.2,1.8,3.0,1.4,2.0,27.0,4,-5.0,-24.0,7.0,0.9090909090909091,1.2727272727272727,-0.36363636363636365,-0.45454545454545453,-1.0909090909090908,0.6363636363636362,3
2023-12-02,18:00,Famalicao,Porto,0.0,3.0,A,0.0,2.0,A,4.0,5.0,1.0,0.0,23-24,8,3,16,25,4,8,1.0,7.0,11,11,36.0,42.0,5.0,3.0,21,8.0,2.0,1.2,1.4,18.0,1.0,0.6,30.0,5,6.0,-12.0,-6.0,1.4545454545454546,2.272727272727273,-0.8181818181818183,0.09090909090909091,0.6363636363636364,-0.5454545454545454,3
2023-12-02,15:30,Rio Ave,Estrela,1.0,1.0,D,0.0,0.0,D,4.0,1.0,0.0,0.0,23-24,17,12,9,11,2,3,-7.0,-5.0,11,11,29.0,29.0,0.0,2.0,4,12.0,19.0,1.4,2.2,17.0,1.2,1.6,15.0,5,-7.0,2.0,-2.0,0.8181818181818182,1.0,-0.18181818181818177,-0.6363636363636364,-0.45454545454545453,-0.18181818181818182,3
2023-12-02,15:30,Farense,Guimaraes,1.0,2.0,A,0.0,1.0,A,3.0,3.0,1.0,0.0,23-24,7,6,16,19,5,6,5.0,5.0,11,11,27.0,27.0,2.0,2.0,22,19.0,6.0,2.2,1.4,38.0,2.4,1.2,18.0,1,13.0,20.0,0.0,1.4545454545454546,1.7272727272727273,-0.2727272727272727,0.45454545454545453,0.45454545454545453,0.0,3
2023-12-01,20:30,Chaves,Vizela,2.0,1.0,H,1.0,1.0,D,5.0,3.0,0.0,0.0,23-24,17,14,7,10,2,2,-17.0,-5.0,11,11,35.0,24.0,4.0,1.0,16,7.0,11.0,1.4,2.2,9.0,0.6,1.0,19.0,3,-4.0,-10.0,-12.0,0.6363636363636364,0.9090909090909091,-0.2727272727272727,-1.5454545454545454,-0.45454545454545453,-1.0909090909090908,3
2023-11-12,20:30,Benfica,Sp Lisbon,2.0,1.0,H,0.0,1.0,A,2.0,5.0,0.0,1.0,23-24,2,1,25,28,8,9,13.0,13.0,10,10,22.0,30.0,1.0,1.0,6,1.0,4.0,1.6,0.4,37.0,2.4,1.0,45.0,1,-3.0,-8.0,0.0,2.5,2.8,-0.2999999999999998,1.3,1.3,0.0,3
2023-11-12,18:00,Arouca,Sp Braga,0.0,1.0,A,0.0,1.0,A,2.0,4.0,0.0,0.0,23-24,18,4,6,20,1,6,-7.0,11.0,10,10,30.0,24.0,5.0,1.0,23,5.0,3.0,0.2,1.6,0.0,3.8,1.6,37.0,14,2.0,-37.0,-18.0,0.6,2.0,-1.4,-0.7,1.1,-1.8,3
2023-11-12,15:30,Gil Vicente,Rio Ave,1.0,1.0,D,0.0,0.0,D,1.0,1.0,0.0,0.0,23-24,12,16,10,8,3,2,1.0,-7.0,10,10,28.0,28.0,0.0,0.0,20,13.0,12.0,1.8,2.4,10.0,1.2,2.4,15.0,-4,1.0,-5.0,8.0,1.0,0.8,0.19999999999999996,0.1,-0.7,0.7999999999999999,3
2023-11-12,15:30,Boavista,Farense,1.0,3.0,A,0.0,1.0,A,3.0,1.0,0.0,0.0,23-24,8,10,15,13,4,4,1.0,3.0,10,10,27.0,26.0,3.0,2.0,11,9.0,19.0,0.8,2.2,5.0,1.6,1.4,30.0,-2,-10.0,-25.0,-2.0,1.5,1.3,0.19999999999999996,0.1,0.3,-0.19999999999999998,3
2023-11-11,20:30,Guimaraes,Porto,1.0,2.0,A,1.0,1.0,D,3.0,3.0,0.0,0.0,23-24,6,3,19,22,6,7,6.0,6.0,10,10,24.0,39.0,2.0,3.0,8,6.0,2.0,2.2,0.8,28.0,1.0,0.6,24.0,3,4.0,4.0,0.0,1.9,2.2,-0.30000000000000027,0.6,0.6,0.0,3
2023-11-11,18:00,Vizela,Famalicao,0.0,0.0,D,0.0,0.0,D,1.0,3.0,0.0,0.0,23-24,15,8,9,15,2,4,-5.0,1.0,10,10,23.0,33.0,1.0,5.0,24,11.0,8.0,1.0,1.4,19.0,1.4,1.4,20.0,7,3.0,-1.0,-6.0,0.9,1.5,-0.6,-0.5,0.1,-0.6,3
2023-11-11,18:00,Estrela,Moreirense,0.0,1.0,A,0.0,0.0,D,3.0,6.0,0.0,1.0,23-24,11,6,11,17,3,5,-4.0,3.0,10,10,26.0,25.0,2.0,2.0,26,19.0,19.0,1.6,1.8,22.0,1.6,0.2,39.0,5,0.0,-17.0,-7.0,1.1,1.7,-0.5999999999999999,-0.4,0.3,-0.7,3
2023-11-11,15:30,Portimonense,Chaves,2.0,1.0,H,2.0,0.0,H,4.0,2.0,0.0,0.0,23-24,11,17,11,7,3,2,-13.0,-16.0,10,10,30.0,33.0,0.0,4.0,3,15.0,7.0,1.2,2.4,18.0,1.6,2.2,16.0,-6,8.0,2.0,3.0,1.1,0.7,0.40000000000000013,-1.3,-1.6,0.30000000000000004,3
2023-11-10,20:15,Estoril,Casa Pia,4.0,0.0,H,2.0,0.0,H,3.0,4.0,0.0,0.0,23-24,16,13,7,10,2,2,-5.0,-1.0,10,10,28.0,24.0,1.0,1.0,17,14.0,10.0,1.0,1.4,16.0,0.2,1.0,5.0,3,4.0,11.0,-4.0,0.7,1.0,-0.30000000000000004,-0.5,-0.1,-0.4,3
2023-11-06,20:15,Farense,Arouca,2.0,0.0,H,2.0,0.0,H,1.0,1.0,0.0,0.0,23-24,12,18,10,6,3,1,1.0,-5.0,9,9,25.0,29.0,2.0,5.0,22,19.0,5.0,1.8,1.6,22.0,0.2,1.4,0.0,-6,14.0,22.0,6.0,1.1111111111111112,0.6666666666666666,0.44444444444444453,0.1111111111111111,-0.5555555555555556,0.6666666666666667,3
2023-11-05,20:30,Sp Lisbon,Estrela,3.0,2.0,H,1.0,0.0,H,1.0,1.0,0.0,0.0,23-24,2,9,25,11,8,3,12.0,-3.0,9,9,29.0,25.0,1.0,2.0,9,4.0,19.0,2.4,0.6,45.0,1.2,1.4,29.0,-7,-15.0,16.0,15.0,2.7777777777777777,1.2222222222222223,1.5555555555555554,1.3333333333333333,-0.3333333333333333,1.6666666666666665,3
2023-11-05,18:00,Rio Ave,Boavista,2.0,0.0,H,1.0,0.0,H,3.0,2.0,0.0,0.0,23-24,18,7,5,15,1,4,-9.0,3.0,9,9,25.0,25.0,0.0,3.0,4,12.0,9.0,1.0,2.6,1.0,1.6,2.0,10.0,11,3.0,-9.0,-12.0,0.5555555555555556,1.6666666666666667,-1.1111111111111112,-1.0,0.3333333333333333,-1.3333333333333333,3
2023-11-05,15:30,Moreirense,Guimaraes,1.0,0.0,H,0.0,0.0,D,1.0,2.0,0.0,0.0,23-24,8,5,14,19,4,6,2.0,7.0,9,9,24.0,22.0,2.0,2.0,12,19.0,6.0,1.4,0.8,34.0,2.4,1.0,38.0,3,13.0,-4.0,-5.0,1.5555555555555556,2.111111111111111,-0.5555555555555556,0.2222222222222222,0.7777777777777778,-0.5555555555555556,3
2023-11-05,15:30,Casa Pia,Vizela,0.0,1.0,A,0.0,0.0,D,3.0,3.0,0.0,0.0,23-24,13,17,10,6,2,1,0.0,-6.0,9,9,21.0,20.0,1.0,1.0,25,10.0,11.0,0.4,0.8,10.0,1.0,1.8,6.0,-4,-1.0,4.0,6.0,1.1111111111111112,0.6666666666666666,0.44444444444444453,0.0,-0.6666666666666666,0.6666666666666666,3
2023-11-04,20:30,Sp Braga,Portimonense,6.0,1.0,H,0.0,1.0,A,1.0,2.0,0.0,0.0,23-24,5,10,17,11,5,3,6.0,-8.0,9,9,23.0,28.0,1.0,0.0,14,3.0,15.0,2.8,2.0,32.0,1.4,1.4,27.0,-5,-12.0,5.0,14.0,1.8888888888888888,1.2222222222222223,0.6666666666666665,0.6666666666666666,-0.8888888888888888,1.5555555555555554,3
2023-11-04,18:00,Famalicao,Gil Vicente,3.0,1.0,H,2.0,0.0,H,3.0,3.0,0.0,0.0,23-24,8,11,12,10,3,3,-1.0,3.0,9,9,30.0,25.0,5.0,0.0,21,8.0,13.0,1.0,1.4,10.0,2.6,2.4,17.0,-3,-5.0,-7.0,-4.0,1.3333333333333333,1.1111111111111112,0.2222222222222221,-0.1111111111111111,0.3333333333333333,-0.4444444444444444,3
2023-11-04,15:30,Chaves,Benfica,0.0,2.0,A,0.0,0.0,D,5.0,2.0,0.0,0.0,23-24,15,2,7,22,2,7,-14.0,11.0,9,9,28.0,20.0,4.0,1.0,16,7.0,1.0,1.8,2.6,23.0,1.6,0.6,35.0,13,6.0,-12.0,-25.0,0.7777777777777778,2.4444444444444446,-1.666666666666667,-1.5555555555555556,1.2222222222222223,-2.7777777777777777,3
2023-11-03,20:15,Porto,Estoril,0.0,1.0,A,0.0,0.0,D,5.0,7.0,0.0,0.0,23-24,3,18,22,4,7,1,7.0,-6.0,9,9,34.0,21.0,3.0,1.0,7,2.0,14.0,1.2,0.4,36.0,1.4,2.4,2.0,-15,-12.0,34.0,13.0,2.4444444444444446,0.4444444444444444,2.0,0.7777777777777778,-0.6666666666666666,1.4444444444444444,3
2023-10-30,20:15,Boavista,Sp Lisbon,0.0,2.0,A,0.0,1.0,A,3.0,2.0,0.0,0.0,23-24,6,2,15,22,4,7,5.0,10.0,8,8,22.0,27.0,3.0,1.0,11,9.0,4.0,2.0,1.8,18.0,2.2,0.8,43.0,4,5.0,-25.0,-5.0,1.875,2.75,-0.875,0.625,1.25,-0.625,3
2023-10-29,20:30,Vizela,Porto,0.0,2.0,A,0.0,2.0,A,3.0,4.0,0.0,0.0,23-24,15,4,6,19,1,6,-4.0,5.0,8,8,17.0,30.0,1.0,3.0,24,11.0,2.0,1.2,1.4,11.0,1.0,0.6,31.0,11,9.0,-20.0,-9.0,0.75,2.375,-1.625,-0.5,0.625,-1.125,3
2023-10-29,18:00,Estrela,Famalicao,1.0,0.0,H,0.0,0.0,D,3.0,3.0,0.0,1.0,23-24,13,8,8,12,2,3,-4.0,0.0,8,8,22.0,27.0,2.0,4.0,26,19.0,8.0,1.2,1.6,19.0,1.2,1.2,18.0,5,11.0,1.0,-4.0,1.0,1.5,-0.5,-0.5,0.0,-0.5,3
2023-10-29,15:30,Rio Ave,Farense,3.0,4.0,A,2.0,2.0,D,3.0,3.0,0.0,0.0,23-24,17,13,5,7,1,2,-8.0,0.0,8,8,22.0,22.0,0.0,2.0,4,12.0,19.0,0.6,2.0,3.0,1.0,1.2,11.0,4,-7.0,-8.0,-8.0,0.625,0.875,-0.25,-1.0,0.0,-1.0,3
2023-10-28,20:30,Gil Vicente,Sp Braga,3.0,3.0,D,1.0,0.0,H,4.0,2.0,0.0,1.0,23-24,11,5,9,16,3,5,3.0,6.0,8,8,21.0,21.0,0.0,0.0,20,13.0,3.0,2.0,2.0,18.0,2.8,1.8,39.0,6,10.0,-21.0,-3.0,1.125,2.0,-0.875,0.375,0.75,-0.375,3
2023-10-28,18:00,Guimaraes,Chaves,5.0,0.0,H,3.0,0.0,H,0.0,3.0,0.0,1.0,23-24,5,14,16,7,5,2,2.0,-9.0,8,8,22.0,25.0,2.0,3.0,8,6.0,7.0,1.4,1.8,30.0,2.0,2.0,30.0,-9,-1.0,0.0,11.0,2.0,0.875,1.125,0.25,-1.125,1.375,3
2023-10-28,18:00,Benfica,Casa Pia,1.0,1.0,D,1.0,0.0,H,1.0,2.0,0.0,0.0,23-24,2,11,21,9,7,2,11.0,0.0,8,8,19.0,19.0,1.0,1.0,6,1.0,10.0,2.2,0.4,45.0,0.4,0.8,10.0,-9,-9.0,35.0,11.0,2.625,1.125,1.5,1.375,0.0,1.375,3
2023-10-28,15:30,Portimonense,Estoril,1.0,0.0,H,1.0,0.0,H,6.0,1.0,0.0,0.0,23-24,12,18,8,4,2,1,-9.0,-5.0,8,8,22.0,20.0,0.0,1.0,3,15.0,14.0,1.4,1.6,19.0,1.6,2.6,3.0,-6,1.0,16.0,-4.0,1.0,0.5,0.5,-1.125,-0.625,-0.5,3
2023-10-27,20:15,Arouca,Moreirense,0.0,1.0,A,0.0,1.0,A,2.0,2.0,0.0,1.0,23-24,16,8,6,11,1,3,-4.0,1.0,8,8,27.0,22.0,5.0,1.0,23,5.0,19.0,0.4,1.4,1.0,1.6,1.4,26.0,8,-14.0,-25.0,-5.0,0.75,1.375,-0.625,-0.5,0.125,-0.625,3
2023-10-08,20:30,Sp Lisbon,Arouca,2.0,1.0,H,1.0,0.0,H,4.0,7.0,1.0,1.0,23-24,2,15,19,6,6,1,9.0,-3.0,7,7,23.0,20.0,0.0,4.0,9,4.0,5.0,2.0,0.6,41.0,0.4,1.2,3.0,-13,-1.0,38.0,12.0,2.7142857142857144,0.8571428571428571,1.8571428571428572,1.2857142857142858,-0.42857142857142855,1.7142857142857144,3
2023-10-08,18:00,Porto,Portimonense,1.0,0.0,H,1.0,0.0,H,4.0,6.0,1.0,0.0,23-24,4,12,16,8,5,2,4.0,-8.0,7,7,26.0,16.0,2.0,0.0,7,2.0,15.0,1.2,0.8,26.0,1.6,1.6,27.0,-8,-13.0,-1.0,12.0,2.2857142857142856,1.1428571428571428,1.1428571428571428,0.5714285714285714,-1.1428571428571428,1.7142857142857142,3
2023-10-08,15:30,Famalicao,Guimaraes,1.0,3.0,A,0.0,2.0,A,4.0,3.0,0.0,0.0,23-24,7,6,12,13,3,4,2.0,0.0,7,7,23.0,19.0,4.0,2.0,21,8.0,6.0,1.0,0.8,26.0,1.2,1.6,22.0,1,2.0,4.0,2.0,1.7142857142857142,1.8571428571428572,-0.14285714285714302,0.2857142857142857,0.0,0.2857142857142857,3
2023-10-08,15:30,Casa Pia,Estrela,0.0,1.0,A,0.0,0.0,D,1.0,1.0,0.0,0.0,23-24,10,16,9,5,2,1,1.0,-5.0,7,7,18.0,21.0,1.0,2.0,25,10.0,19.0,0.6,0.8,16.0,1.4,1.8,9.0,-6,-9.0,7.0,6.0,1.2857142857142858,0.7142857142857143,0.5714285714285715,0.14285714285714285,-0.7142857142857143,0.8571428571428572,3
2023-10-07,20:30,Estoril,Benfica,0.0,1.0,A,0.0,0.0,D,3.0,2.0,0.0,0.0,23-24,18,2,4,18,1,6,-4.0,10.0,7,7,17.0,17.0,1.0,1.0,17,14.0,1.0,1.8,2.8,4.0,2.6,0.8,45.0,16,13.0,-41.0,-14.0,0.5714285714285714,2.5714285714285716,-2.0,-0.5714285714285714,1.4285714285714286,-2.0,3
2023-10-07,18:00,Sp Braga,Rio Ave,2.0,1.0,H,0.0,1.0,A,1.0,2.0,0.0,0.0,23-24,5,17,13,5,4,1,5.0,-7.0,7,7,20.0,20.0,0.0,0.0,14,3.0,12.0,2.6,1.8,34.0,0.6,2.0,5.0,-12,-9.0,29.0,12.0,1.8571428571428572,0.7142857142857143,1.1428571428571428,0.7142857142857143,-1.0,1.7142857142857144,3
2023-10-07,15:30,Farense,Vizela,0.0,0.0,D,0.0,0.0,D,1.0,1.0,0.0,0.0,23-24,12,14,6,5,2,1,0.0,-4.0,7,7,21.0,16.0,2.0,1.0,22,19.0,11.0,2.0,1.2,12.0,1.2,1.8,10.0,-2,8.0,2.0,4.0,0.8571428571428571,0.7142857142857143,0.1428571428571428,0.0,-0.5714285714285714,0.5714285714285714,3
2023-10-07,15:30,Chaves,Gil Vicente,4.0,2.0,H,1.0,2.0,A,3.0,3.0,1.0,0.0,23-24,18,9,4,9,1,3,-11.0,5.0,7,7,22.0,18.0,2.0,0.0,16,7.0,13.0,1.2,2.6,19.0,2.0,1.8,24.0,9,-6.0,-5.0,-16.0,0.5714285714285714,1.2857142857142858,-0.7142857142857144,-1.5714285714285714,0.7142857142857143,-2.2857142857142856,3
2023-10-06,20:15,Moreirense,Boavista,1.0,1.0,D,1.0,1.0,D,0.0,3.0,0.0,0.0,23-24,8,4,10,14,3,4,1.0,5.0,7,7,22.0,19.0,1.0,3.0,12,19.0,9.0,1.8,1.4,30.0,2.0,1.8,21.0,4,10.0,9.0,-4.0,1.4285714285714286,2.0,-0.5714285714285714,0.14285714285714285,0.7142857142857143,-0.5714285714285714,3
2023-10-02,20:15,Gil Vicente,Casa Pia,2.0,0.0,H,0.0,0.0,D,3.0,3.0,0.0,1.0,23-24,11,9,6,9,2,2,3.0,3.0,6,6,15.0,15.0,0.0,0.0,20,13.0,10.0,1.8,2.2,12.0,0.8,0.8,22.0,2,3.0,-10.0,0.0,1.0,1.5,-0.5,0.5,0.5,0.0,3
2023-10-01,20:30,Rio Ave,Moreirense,0.0,4.0,A,0.0,2.0,A,3.0,5.0,0.0,0.0,23-24,14,10,5,7,1,2,-3.0,-3.0,6,6,17.0,17.0,0.0,1.0,4,12.0,19.0,0.6,1.6,7.0,1.0,1.4,22.0,4,-7.0,-15.0,0.0,0.8333333333333334,1.1666666666666667,-0.33333333333333337,-0.5,-0.5,0.0,3
2023-10-01,18:00,Guimaraes,Estoril,3.0,2.0,H,0.0,2.0,A,4.0,4.0,0.0,1.0,23-24,7,17,10,4,3,1,-1.0,-3.0,6,6,15.0,13.0,2.0,0.0,8,6.0,14.0,1.0,1.4,14.0,1.8,2.2,8.0,-10,-8.0,6.0,2.0,1.6666666666666667,0.6666666666666666,1.0,-0.16666666666666666,-0.5,0.33333333333333337,3
2023-10-01,15:30,Arouca,Chaves,0.0,2.0,A,0.0,0.0,D,3.0,5.0,1.0,0.0,23-24,13,18,6,1,1,0,-1.0,-13.0,6,6,17.0,17.0,3.0,2.0,23,5.0,7.0,0.8,1.2,6.0,1.2,3.4,5.0,-5,-2.0,1.0,12.0,1.0,0.16666666666666666,0.8333333333333334,-0.16666666666666666,-2.1666666666666665,1.9999999999999998,3
2023-09-30,20:30,Farense,Sp Lisbon,2.0,3.0,A,1.0,2.0,A,5.0,6.0,1.0,0.0,23-24,12,2,6,16,2,5,1.0,8.0,6,6,16.0,17.0,1.0,0.0,22,19.0,4.0,1.8,1.0,18.0,1.8,0.4,39.0,10,15.0,-21.0,-7.0,1.0,2.6666666666666665,-1.6666666666666665,0.16666666666666666,1.3333333333333333,-1.1666666666666665,3
2023-09-30,18:00,Boavista,Famalicao,2.0,2.0,D,1.0,1.0,D,5.0,4.0,1.0,2.0,23-24,5,6,13,11,4,3,5.0,2.0,6,6,14.0,19.0,2.0,2.0,11,9.0,8.0,2.4,1.6,26.0,0.6,0.4,29.0,-1,1.0,-3.0,3.0,2.1666666666666665,1.8333333333333333,0.33333333333333326,0.8333333333333334,0.3333333333333333,0.5,3
2023-09-30,15:30,Vizela,Portimonense,2.0,3.0,A,0.0,2.0,A,3.0,3.0,0.0,0.0,23-24,13,16,5,5,1,1,-3.0,-9.0,6,6,13.0,13.0,1.0,0.0,24,11.0,15.0,1.2,1.6,15.0,1.2,2.0,17.0,-3,-4.0,-2.0,6.0,0.8333333333333334,0.8333333333333334,0.0,-0.5,-1.5,1.0,3
2023-09-29,20:15,Benfica,Porto,1.0,0.0,H,0.0,0.0,D,4.0,5.0,0.0,1.0,23-24,3,2,15,16,5,5,9.0,5.0,6,6,13.0,21.0,1.0,1.0,6,1.0,2.0,2.8,0.8,45.0,1.6,0.8,39.0,1,-1.0,6.0,4.0,2.5,2.6666666666666665,-0.16666666666666652,1.5,0.8333333333333334,0.6666666666666666,3
2023-09-28,20:15,Estrela,Sp Braga,2.0,4.0,A,0.0,1.0,A,1.0,3.0,0.0,0.0,23-24,15,6,5,10,1,3,-3.0,3.0,6,6,20.0,17.0,2.0,0.0,26,19.0,3.0,1.0,1.4,14.0,2.6,1.8,29.0,9,16.0,-15.0,-6.0,0.8333333333333334,1.6666666666666667,-0.8333333333333334,-0.5,0.5,-1.0,3
2023-09-25,20:15,Sp Lisbon,Rio Ave,2.0,0.0,H,2.0,0.0,H,1.0,5.0,0.0,0.0,23-24,3,13,13,5,4,1,6.0,-1.0,5,5,16.0,12.0,0.0,0.0,9,4.0,12.0,2.0,0.8,37.0,1.0,1.2,12.0,-10,-8.0,25.0,7.0,2.6,1.0,1.6,1.2,-0.2,1.4,3
2023-09-24,20:30,Sp Braga,Boavista,4.0,1.0,H,2.0,1.0,H,2.0,3.0,0.0,1.0,23-24,8,3,7,13,2,4,0.0,8.0,5,5,15.0,11.0,0.0,1.0,14,3.0,9.0,2.0,2.0,21.0,2.8,1.2,39.0,5,-6.0,-18.0,-8.0,1.4,2.6,-1.2000000000000002,0.0,1.6,-1.6,3
2023-09-24,18:00,Portimonense,Benfica,1.0,3.0,A,0.0,2.0,A,1.0,0.0,0.0,0.0,23-24,16,4,5,12,1,4,-7.0,7.0,5,5,12.0,13.0,0.0,1.0,3,15.0,1.0,1.0,2.4,22.0,2.6,1.2,42.0,12,14.0,-20.0,-14.0,1.0,2.4,-1.4,-1.4,1.4,-2.8,3
2023-09-24,15:30,Chaves,Estrela,2.0,2.0,D,0.0,1.0,A,4.0,4.0,0.0,1.0,23-24,18,17,0,4,0,1,-13.0,-3.0,5,5,13.0,16.0,2.0,1.0,16,7.0,19.0,0.8,3.4,0.0,0.6,1.2,13.0,1,-12.0,-13.0,-10.0,0.0,0.8,-0.8,-2.6,-0.6,-2.0,3
2023-09-23,20:30,Porto,Gil Vicente,2.0,1.0,H,1.0,1.0,D,1.0,3.0,0.0,0.0,23-24,3,10,13,6,4,2,4.0,4.0,5,5,20.0,12.0,1.0,0.0,7,2.0,13.0,1.6,0.8,37.0,2.6,1.8,18.0,-7,-11.0,19.0,0.0,2.6,1.2,1.4000000000000001,0.8,0.8,0.0,3
2023-09-23,18:00,Casa Pia,Guimaraes,0.0,0.0,D,0.0,0.0,D,3.0,2.0,0.0,0.0,23-24,7,6,8,9,2,3,3.0,-1.0,5,5,12.0,13.0,0.0,2.0,25,10.0,6.0,1.4,0.8,25.0,1.2,1.4,18.0,1,4.0,7.0,4.0,1.6,1.8,-0.19999999999999996,0.6,-0.2,0.8,3
2023-09-23,15:30,Moreirense,Farense,1.0,0.0,H,1.0,0.0,H,1.0,2.0,0.0,0.0,23-24,17,10,4,6,1,2,-4.0,2.0,5,5,16.0,14.0,1.0,1.0,12,19.0,19.0,1.0,1.8,11.0,1.8,1.4,24.0,7,0.0,-13.0,-6.0,0.8,1.2,-0.3999999999999999,-0.8,0.4,-1.2000000000000002,3
2023-09-23,15:30,Estoril,Vizela,2.0,2.0,D,0.0,0.0,D,1.0,2.0,0.0,0.0,23-24,17,14,3,4,1,1,-3.0,-3.0,5,5,12.0,11.0,0.0,1.0,17,14.0,11.0,2.0,2.6,6.0,1.2,1.8,14.0,3,3.0,-8.0,0.0,0.6,0.8,-0.20000000000000007,-0.6,-0.6,0.0,3
2023-09-22,20:15,Famalicao,Arouca,1.0,0.0,H,1.0,0.0,H,5.0,2.0,1.0,1.0,23-24,7,11,8,6,2,1,1.0,0.0,5,5,14.0,15.0,1.0,2.0,21,8.0,5.0,0.8,0.6,22.0,1.6,1.6,12.0,-4,3.0,10.0,1.0,1.6,1.2,0.40000000000000013,0.2,0.0,0.2,2
2023-09-18,20:15,Boavista,Chaves,4.0,1.0,H,4.0,0.0,H,1.0,3.0,0.0,0.0,23-24,4,18,10,0,3,0,5.0,-10.0,4,4,10.0,10.0,1.0,2.0,11,9.0,7.0,2.5,1.25,34.0,0.75,3.25,0.0,-14,2.0,34.0,15.0,2.5,0.0,2.5,1.25,-2.5,3.75,2
2023-09-17,20:30,Sp Lisbon,Moreirense,3.0,0.0,H,0.0,0.0,D,3.0,3.0,0.0,1.0,23-24,4,14,10,4,3,1,3.0,-1.0,4,4,13.0,13.0,0.0,0.0,9,4.0,19.0,1.75,1.0,32.0,1.25,1.5,15.0,-10,-15.0,17.0,4.0,2.5,1.0,1.5,0.75,-0.25,1.0,2
2023-09-17,18:00,Guimaraes,Portimonense,1.0,2.0,A,1.0,0.0,H,2.0,4.0,0.0,0.0,23-24,5,17,9,2,3,0,0.0,-8.0,4,4,11.0,8.0,2.0,0.0,8,6.0,15.0,1.25,1.25,27.0,0.75,2.75,9.0,-12,-9.0,18.0,8.0,2.25,0.5,1.75,0.0,-2.0,2.0,2
2023-09-17,15:30,Gil Vicente,Estoril,5.0,3.0,H,3.0,0.0,H,3.0,2.0,0.0,0.0,23-24,15,16,3,3,1,1,2.0,-1.0,4,4,9.0,10.0,0.0,0.0,20,13.0,14.0,2.0,1.5,6.0,1.75,2.0,9.0,-1,-1.0,-3.0,3.0,0.75,0.75,0.0,0.5,-0.25,0.75,2
2023-09-17,15:30,Arouca,Casa Pia,0.0,1.0,A,0.0,0.0,D,2.0,3.0,0.0,0.0,23-24,9,10,6,5,1,1,1.0,2.0,4,4,13.0,9.0,2.0,0.0,23,5.0,10.0,2.0,1.75,18.0,1.5,1.0,15.0,-1,-5.0,3.0,-1.0,1.5,1.25,0.25,0.25,0.5,-0.25,2
2023-09-16,20:30,Vizela,Benfica,1.0,2.0,A,0.0,2.0,A,2.0,1.0,0.0,0.0,23-24,13,4,4,9,1,3,-2.0,6.0,4,4,9.0,12.0,1.0,1.0,24,11.0,1.0,1.25,1.75,18.0,2.75,1.25,36.0,9,10.0,-18.0,-8.0,1.0,2.25,-1.25,-0.5,1.5,-2.0,2
2023-09-16,18:00,Farense,Sp Braga,3.0,1.0,H,2.0,0.0,H,4.0,5.0,0.0,0.0,23-24,15,7,3,7,1,2,0.0,2.0,4,4,10.0,10.0,1.0,0.0,22,19.0,3.0,1.5,1.5,12.0,2.25,1.75,28.0,8,16.0,-16.0,-2.0,0.75,1.75,-1.0,0.0,0.5,-0.5,2
2023-09-16,15:30,Rio Ave,Famalicao,1.0,1.0,D,0.0,1.0,A,1.0,3.0,0.0,0.0,23-24,11,7,4,7,1,2,-1.0,1.0,4,4,11.0,11.0,0.0,1.0,4,12.0,8.0,1.0,1.25,11.0,0.75,0.5,24.0,4,4.0,-13.0,-2.0,1.0,1.75,-0.75,-0.25,0.25,-0.5,2
2023-09-15,19:15,Estrela,Porto,0.0,1.0,A,0.0,1.0,A,3.0,5.0,0.0,0.0,23-24,13,3,4,10,1,3,-2.0,3.0,4,4,13.0,15.0,1.0,1.0,26,19.0,2.0,0.75,1.25,17.0,1.75,1.0,32.0,10,17.0,-15.0,-5.0,1.0,2.5,-1.5,-0.5,0.75,-1.25,2
2023-09-09,18:00,Moreirense,Sp Braga,2.0,3.0,A,2.0,1.0,H,2.0,2.0,0.0,0.0,23-24,10,9,4,4,1,1,0.0,1.0,3,3,11.0,8.0,0.0,0.0,12,19.0,3.0,1.0,1.0,19.0,2.0,1.6666666666666667,17.0,1,16.0,2.0,-1.0,1.3333333333333333,1.3333333333333333,0.0,0.0,0.3333333333333333,-0.3333333333333333,2
2023-09-03,20:30,Sp Braga,Sp Lisbon,1.0,1.0,D,0.0,1.0,A,2.0,5.0,0.0,0.0,23-24,14,4,3,9,1,3,1.0,3.0,2,3,6.0,8.0,0.0,0.0,14,3.0,4.0,2.5,2.0,15.0,2.0,1.0,36.0,10,-1.0,-21.0,-2.0,1.5,3.0,-1.5,0.5,1.0,-0.5,2
2023-09-03,18:00,Porto,Arouca,1.0,1.0,D,0.0,0.0,D,3.0,2.0,0.0,0.0,23-24,4,8,9,5,3,1,3.0,1.0,3,3,12.0,11.0,1.0,2.0,7,2.0,5.0,2.0,1.0,36.0,2.3333333333333335,2.0,18.0,-4,-3.0,18.0,2.0,3.0,1.6666666666666667,1.3333333333333333,1.0,0.3333333333333333,0.6666666666666667,2
2023-09-03,15:30,Estoril,Boavista,1.0,2.0,A,1.0,2.0,A,3.0,1.0,0.0,0.0,23-24,16,5,3,7,1,2,0.0,4.0,3,3,7.0,9.0,0.0,1.0,17,14.0,9.0,2.0,2.0,12.0,2.6666666666666665,1.3333333333333333,26.0,11,5.0,-14.0,-4.0,1.0,2.3333333333333335,-1.3333333333333335,0.0,1.3333333333333333,-1.3333333333333333,2
2023-09-03,15:30,Chaves,Moreirense,1.0,2.0,A,0.0,1.0,A,3.0,4.0,0.0,0.0,23-24,18,17,0,1,0,0,-9.0,-1.0,3,2,7.0,7.0,2.0,0.0,16,7.0,19.0,0.6666666666666666,3.6666666666666665,0.0,0.5,1.0,5.0,1,-12.0,-5.0,-8.0,0.0,0.5,-0.5,-3.0,-0.5,-2.5,2
2023-09-02,20:30,Benfica,Guimaraes,4.0,0.0,H,3.0,0.0,H,2.0,4.0,0.0,1.0,23-24,6,1,6,9,2,3,2.0,4.0,3,3,10.0,7.0,1.0,1.0,6,1.0,6.0,2.3333333333333335,1.6666666666666667,27.0,1.6666666666666667,0.3333333333333333,36.0,5,-5.0,-9.0,-2.0,2.0,3.0,-1.0,0.6666666666666666,1.3333333333333333,-0.6666666666666666,2
2023-09-02,18:00,Portimonense,Estrela,1.0,1.0,D,1.0,1.0,D,3.0,6.0,0.0,0.0,23-24,17,15,1,3,0,1,-8.0,-2.0,3,3,5.0,7.0,0.0,1.0,3,15.0,19.0,0.6666666666666666,3.3333333333333335,5.0,0.6666666666666666,1.3333333333333333,15.0,2,-4.0,-10.0,-6.0,0.3333333333333333,1.0,-0.6666666666666667,-2.6666666666666665,-0.6666666666666666,-2.0,2
2023-09-02,18:00,Famalicao,Farense,1.0,0.0,H,0.0,0.0,D,1.0,3.0,0.0,1.0,23-24,8,12,4,3,1,1,0.0,1.0,3,3,10.0,7.0,1.0,0.0,21,8.0,19.0,0.6666666666666666,0.6666666666666666,13.0,2.0,1.6666666666666667,15.0,-4,-11.0,-2.0,-1.0,1.3333333333333333,1.0,0.33333333333333326,0.0,0.3333333333333333,-0.3333333333333333,2
2023-09-02,15:30,Casa Pia,Rio Ave,1.0,1.0,D,1.0,0.0,H,1.0,2.0,0.0,0.0,23-24,7,14,4,3,1,1,2.0,-1.0,3,3,8.0,9.0,0.0,0.0,25,10.0,12.0,1.6666666666666667,1.0,14.0,1.0,1.3333333333333333,9.0,-7,-2.0,5.0,3.0,1.3333333333333333,1.0,0.33333333333333326,0.6666666666666666,-0.3333333333333333,1.0,2
2023-09-01,20:15,Vizela,Gil Vicente,1.0,0.0,H,0.0,0.0,D,0.0,3.0,0.0,0.0,23-24,16,9,1,3,0,1,-3.0,3.0,3,3,9.0,6.0,1.0,0.0,24,11.0,13.0,1.3333333333333333,2.3333333333333335,4.0,2.6666666666666665,1.6666666666666667,9.0,7,-2.0,-5.0,-6.0,0.3333333333333333,1.0,-0.6666666666666667,-1.0,1.0,-2.0,2
2023-08-28,20:15,Rio Ave,Porto,1.0,2.0,A,0.0,0.0,D,4.0,3.0,0.0,0.0,23-24,13,5,3,6,1,2,0.0,2.0,2,2,5.0,9.0,0.0,1.0,4,12.0,2.0,1.0,1.0,12.0,2.0,1.0,27.0,8,10.0,-15.0,-2.0,1.5,3.0,-1.5,0.0,1.0,-1.0,2
2023-08-27,20:30,Sp Lisbon,Famalicao,1.0,0.0,H,0.0,0.0,D,3.0,2.0,0.0,0.0,23-24,4,8,6,4,2,1,2.0,1.0,2,2,5.0,8.0,0.0,1.0,9,4.0,8.0,2.5,1.5,27.0,1.0,0.5,17.0,-4,-4.0,10.0,1.0,3.0,2.0,1.0,1.0,0.5,0.5,2
2023-08-27,18:00,Guimaraes,Vizela,2.0,0.0,H,0.0,0.0,D,1.0,3.0,1.0,0.0,23-24,5,15,6,1,2,0,2.0,-1.0,2,2,6.0,6.0,0.0,1.0,8,6.0,11.0,1.5,0.5,27.0,2.0,2.5,5.0,-10,-5.0,22.0,3.0,3.0,0.5,2.5,1.0,-0.5,1.5,2
2023-08-27,15:30,Boavista,Casa Pia,1.0,1.0,D,0.0,1.0,A,1.0,0.0,0.0,0.0,23-24,1,9,6,3,2,1,4.0,2.0,2,2,8.0,8.0,1.0,0.0,11,9.0,10.0,3.5,1.5,27.0,2.0,1.0,12.0,-8,-1.0,15.0,2.0,3.0,1.5,1.5,2.0,1.0,1.0,2
2023-08-26,20:30,Gil Vicente,Benfica,2.0,3.0,A,0.0,1.0,A,3.0,3.0,0.0,0.0,23-24,7,11,3,3,1,1,4.0,1.0,2,2,3.0,7.0,0.0,1.0,20,13.0,1.0,3.0,1.0,12.0,2.0,1.5,15.0,-4,12.0,-3.0,3.0,1.5,1.5,0.0,2.0,0.5,1.5,2
2023-08-26,18:00,Farense,Chaves,5.0,0.0,H,4.0,0.0,H,2.0,1.0,0.0,0.0,23-24,18,17,0,0,0,0,-4.0,-4.0,2,2,5.0,6.0,0.0,2.0,22,19.0,7.0,0.5,2.5,0.0,1.0,3.0,0.0,1,12.0,0.0,0.0,0.0,0.0,0.0,-2.0,-2.0,0.0,2
2023-08-26,15:30,Arouca,Portimonense,1.0,1.0,D,0.0,1.0,A,1.0,2.0,0.0,0.0,23-24,5,18,4,0,1,0,1.0,-8.0,2,2,10.0,3.0,2.0,0.0,23,5.0,15.0,3.0,2.5,17.0,0.5,4.5,0.0,-13,-10.0,17.0,9.0,2.0,0.0,2.0,0.5,-4.0,4.5,2
2023-08-25,20:15,Estrela,Estoril,2.0,1.0,H,0.0,0.0,D,1.0,1.0,0.0,0.0,23-24,15,10,0,3,0,1,-3.0,1.0,2,2,6.0,6.0,1.0,0.0,26,19.0,14.0,0.0,1.5,0.0,2.5,2.0,15.0,5,5.0,-15.0,-4.0,0.0,1.5,-1.5,-1.5,0.5,-2.0,2
2023-08-21,20:15,Famalicao,Moreirense,0.0,0.0,D,0.0,0.0,D,4.0,3.0,1.0,0.0,23-24,11,14,3,0,1,0,1.0,-1.0,1,1,4.0,4.0,0.0,0.0,21,8.0,19.0,2.0,1.0,15.0,1.0,2.0,0.0,-3,-11.0,15.0,2.0,3.0,0.0,3.0,1.0,-1.0,2.0,2
2023-08-20,20:30,Vizela,Arouca,2.0,2.0,D,1.0,1.0,D,6.0,6.0,1.0,1.0,23-24,13,9,0,3,0,1,-1.0,1.0,1,1,0.0,4.0,0.0,1.0,24,11.0,5.0,2.0,3.0,0.0,4.0,3.0,15.0,4,6.0,-15.0,-2.0,0.0,3.0,-3.0,-1.0,1.0,-2.0,2
2023-08-20,18:00,Porto,Farense,2.0,1.0,H,1.0,1.0,D,2.0,3.0,0.0,0.0,23-24,10,15,3,0,1,0,1.0,-3.0,1,1,7.0,2.0,1.0,0.0,7,2.0,19.0,2.0,1.0,15.0,0.0,3.0,0.0,-5,-17.0,15.0,4.0,3.0,0.0,3.0,1.0,-3.0,4.0,2
2023-08-20,15:30,Estoril,Rio Ave,2.0,0.0,H,0.0,0.0,D,4.0,2.0,0.0,0.0,23-24,12,6,0,3,0,1,-1.0,2.0,1,1,2.0,3.0,0.0,0.0,17,14.0,12.0,3.0,4.0,0.0,2.0,0.0,15.0,6,2.0,-15.0,-3.0,0.0,3.0,-3.0,-1.0,2.0,-3.0,2
2023-08-19,20:30,Portimonense,Boavista,1.0,4.0,A,0.0,3.0,A,3.0,2.0,0.0,0.0,23-24,18,9,0,3,0,1,-5.0,1.0,1,1,0.0,6.0,0.0,1.0,3,15.0,9.0,0.0,5.0,0.0,3.0,2.0,15.0,9,6.0,-15.0,-6.0,0.0,3.0,-3.0,-5.0,1.0,-6.0,2
2023-08-19,20:30,Benfica,Estrela,2.0,0.0,H,0.0,0.0,D,3.0,3.0,0.0,0.0,23-24,12,15,0,0,0,0,-1.0,-1.0,1,1,4.0,3.0,1.0,1.0,6,1.0,19.0,2.0,3.0,0.0,0.0,1.0,0.0,-3,-18.0,0.0,0.0,0.0,0.0,0.0,-1.0,-1.0,0.0,2
2023-08-19,18:00,Chaves,Sp Braga,2.0,4.0,A,1.0,1.0,D,2.0,2.0,1.0,0.0,23-24,16,13,0,0,0,0,-2.0,-1.0,1,1,4.0,4.0,1.0,0.0,16,7.0,3.0,0.0,2.0,0.0,1.0,2.0,0.0,3,4.0,0.0,-1.0,0.0,0.0,0.0,-2.0,-1.0,-1.0,2
2023-08-19,15:30,Guimaraes,Gil Vicente,2.0,1.0,H,0.0,0.0,D,3.0,3.0,0.0,0.0,23-24,9,2,3,3,1,1,1.0,5.0,1,1,3.0,0.0,0.0,0.0,8,6.0,13.0,1.0,0.0,15.0,5.0,0.0,15.0,7,-7.0,0.0,-4.0,3.0,3.0,0.0,1.0,5.0,-4.0,2
2023-08-18,20:15,Casa Pia,Sp Lisbon,1.0,2.0,A,0.0,1.0,A,4.0,1.0,0.0,0.0,23-24,2,5,3,3,1,1,3.0,1.0,1,1,4.0,4.0,0.0,0.0,25,10.0,4.0,3.0,0.0,15.0,3.0,2.0,15.0,-3,6.0,0.0,2.0,3.0,3.0,0.0,3.0,1.0,2.0,2
2023-08-14,20:45,Boavista,Benfica,3.0,2.0,H,0.0,1.0,A,6.0,4.0,1.0,1.0,23-24,9,10,0,0,0,0,0.0,0.0,0,0,0.0,0.0,0.0,0.0,11,9.0,1.0,0.0,0.0,0.0,0.0,0.0,0.0,-1,8.0,0.0,0.0,0.0,0.0,0.0,0.0,0.0,0.0,2
2023-08-14,18:45,Moreirense,Porto,1.0,2.0,A,0.0,0.0,D,4.0,7.0,0.0,1.0,23-24,8,11,0,0,0,0,0.0,0.0,0,0,0.0,0.0,0.0,0.0,12,19.0,2.0,0.0,0.0,0.0,0.0,0.0,0.0,-3,17.0,0.0,0.0,0.0,0.0,0.0,0.0,0.0,0.0,2
2023-08-13,20:30,Arouca,Estoril,4.0,3.0,H,1.0,1.0,D,4.0,2.0,1.0,0.0,23-24,7,11,0,0,0,0,0.0,0.0,0,0,0.0,0.0,0.0,0.0,23,5.0,14.0,0.0,0.0,0.0,0.0,0.0,0.0,-4,-9.0,0.0,0.0,0.0,0.0,0.0,0.0,0.0,0.0,2
2023-08-13,18:00,Estrela,Guimaraes,0.0,1.0,A,0.0,1.0,A,3.0,3.0,1.0,0.0,23-24,6,10,0,0,0,0,0.0,0.0,0,0,0.0,0.0,0.0,0.0,26,19.0,6.0,0.0,0.0,0.0,0.0,0.0,0.0,-4,13.0,0.0,0.0,0.0,0.0,0.0,0.0,0.0,0.0,2
2023-08-13,15:30,Rio Ave,Chaves,2.0,0.0,H,0.0,0.0,D,3.0,4.0,0.0,1.0,23-24,5,11,0,0,0,0,0.0,0.0,0,0,0.0,0.0,0.0,0.0,4,12.0,7.0,0.0,0.0,0.0,0.0,0.0,0.0,-6,5.0,0.0,0.0,0.0,0.0,0.0,0.0,0.0,0.0,2
2023-08-12,20:30,Sp Lisbon,Vizela,3.0,2.0,H,2.0,0.0,H,4.0,0.0,0.0,0.0,23-24,4,15,0,0,0,0,0.0,0.0,0,0,0.0,0.0,0.0,0.0,9,4.0,11.0,0.0,0.0,0.0,0.0,0.0,0.0,-11,-7.0,0.0,0.0,0.0,0.0,0.0,0.0,0.0,0.0,2
2023-08-12,18:00,Farense,Casa Pia,0.0,3.0,A,0.0,1.0,A,2.0,4.0,0.0,0.0,23-24,3,10,0,0,0,0,0.0,0.0,0,0,0.0,0.0,0.0,0.0,22,19.0,10.0,0.0,0.0,0.0,0.0,0.0,0.0,-7,9.0,0.0,0.0,0.0,0.0,0.0,0.0,0.0,0.0,2
2023-08-12,15:30,Gil Vicente,Portimonense,5.0,0.0,H,2.0,0.0,H,0.0,0.0,0.0,0.0,23-24,2,14,0,0,0,0,0.0,0.0,0,0,0.0,0.0,0.0,0.0,20,13.0,15.0,0.0,0.0,0.0,0.0,0.0,0.0,-12,-2.0,0.0,0.0,0.0,0.0,0.0,0.0,0.0,0.0,2
2023-08-11,20:15,Sp Braga,Famalicao,1.0,2.0,A,1.0,0.0,H,4.0,4.0,0.0,0.0,23-24,1,18,0,0,0,0,0.0,0.0,0,0,0.0,0.0,0.0,0.0,14,3.0,8.0,0.0,0.0,0.0,0.0,0.0,0.0,-17,-5.0,0.0,0.0,0.0,0.0,0.0,0.0,0.0,0.0,2
2023-05-27,20:30,Sp Braga,Pacos Ferreira,3.0,0.0,H,2.0,0.0,H,0.0,1.0,0.0,0.0,22-23,3,17,75,23,24,6,42.0,-33.0,33,33,89.0,110.0,6.0,10.0,14,4.0,13.0,2.2,1.2,26.0,1.0,2.0,21.0,-14,-9.0,5.0,75.0,2.272727272727273,0.696969696969697,1.575757575757576,1.2727272727272727,-1.0,2.2727272727272725,1
2023-05-27,18:00,Porto,Guimaraes,3.0,0.0,H,3.0,0.0,H,2.0,6.0,0.0,1.0,22-23,2,6,82,53,26,16,48.0,-2.0,33,33,74.0,112.0,5.0,9.0,7,1.0,6.0,2.0,0.6,45.0,1.4,0.6,42.0,-4,-5.0,3.0,50.0,2.484848484848485,1.606060606060606,0.8787878787878789,1.4545454545454546,-0.06060606060606061,1.5151515151515151,1
2023-05-27,18:00,Portimonense,Arouca,0.0,2.0,A,0.0,0.0,D,1.0,0.0,0.0,0.0,22-23,15,6,34,51,10,14,-21.0,-3.0,33,33,96.0,80.0,4.0,4.0,3,12.0,15.0,0.8,2.2,6.0,0.4,0.8,18.0,9,-3.0,-12.0,-18.0,1.0303030303030303,1.5454545454545454,-0.5151515151515151,-0.6363636363636364,-0.09090909090909091,-0.5454545454545454,1
2023-05-27,18:00,Benfica,Santa Clara,3.0,0.0,H,2.0,0.0,H,1.0,1.0,0.0,0.0,22-23,2,18,84,22,27,5,59.0,-29.0,33,33,64.0,112.0,3.0,7.0,6,3.0,7.0,2.2,0.6,35.0,1.6,2.2,25.0,-16,-4.0,10.0,88.0,2.5454545454545454,0.6666666666666666,1.878787878787879,1.7878787878787878,-0.8787878787878788,2.6666666666666665,1
2023-05-27,15:30,Estoril,Maritimo,3.0,1.0,H,1.0,0.0,H,2.0,5.0,0.0,2.0,22-23,15,16,32,26,9,7,-18.0,-29.0,33,33,97.0,101.0,5.0,8.0,17,9.0,10.0,1.4,0.8,23.0,1.4,1.8,18.0,-1,-1.0,5.0,11.0,0.9696969696969697,0.7878787878787878,0.18181818181818188,-0.5454545454545454,-0.8787878787878788,0.33333333333333337,1
2023-05-27,15:30,Chaves,Boavista,1.0,4.0,A,0.0,2.0,A,5.0,1.0,3.0,0.0,22-23,7,10,46,41,12,11,-2.0,-14.0,33,33,104.0,104.0,7.0,6.0,16,19.0,11.0,1.2,0.6,28.0,1.2,1.4,17.0,-3,8.0,11.0,12.0,1.393939393939394,1.2424242424242424,0.1515151515151516,-0.06060606060606061,-0.42424242424242425,0.36363636363636365,1
2023-05-27,12:45,Gil Vicente,Casa Pia,1.0,0.0,H,0.0,0.0,D,1.0,1.0,0.0,1.0,22-23,13,9,34,41,9,11,-10.0,-8.0,33,33,80.0,102.0,3.0,5.0,20,5.0,19.0,1.0,1.6,12.0,0.8,1.4,8.0,4,-14.0,4.0,-2.0,1.0303030303030303,1.2424242424242424,-0.21212121212121215,-0.30303030303030304,-0.24242424242424243,-0.06060606060606061,1
2023-05-26,21:15,Vizela,Sp Lisbon,1.0,2.0,A,1.0,1.0,D,2.0,4.0,0.0,0.0,22-23,11,4,40,71,11,22,-3.0,38.0,33,33,101.0,83.0,5.0,3.0,24,14.0,2.0,0.2,1.4,4.0,2.4,0.8,35.0,7,12.0,-31.0,-41.0,1.2121212121212122,2.1515151515151514,-0.9393939393939392,-0.09090909090909091,1.1515151515151516,-1.2424242424242424,1
2023-05-26,19:00,Rio Ave,Famalicao,2.0,2.0,D,0.0,2.0,A,4.0,4.0,0.0,1.0,22-23,12,8,39,43,10,13,-7.0,-8.0,33,33,87.0,83.0,6.0,5.0,4,19.0,8.0,1.2,1.8,9.0,1.4,2.0,7.0,4,11.0,2.0,1.0,1.1818181818181819,1.303030303030303,-0.1212121212121211,-0.21212121212121213,-0.24242424242424243,0.030303030303030304,1
2023-05-21,20:30,Sp Lisbon,Benfica,2.0,2.0,D,2.0,0.0,H,2.0,2.0,0.0,0.0,22-23,4,1,70,83,22,27,38.0,59.0,32,32,81.0,62.0,3.0,3.0,9,2.0,3.0,2.2,0.6,43.0,1.8,0.4,42.0,3,-1.0,1.0,-21.0,2.1875,2.59375,-0.40625,1.1875,1.84375,-0.65625,1
2023-05-21,18:00,Pacos Ferreira,Rio Ave,3.0,1.0,H,1.0,1.0,D,3.0,3.0,0.0,0.0,22-23,18,12,20,39,5,10,-35.0,-5.0,32,32,107.0,84.0,10.0,6.0,13,13.0,19.0,0.6,2.4,9.0,1.2,1.4,14.0,6,-6.0,-5.0,-30.0,0.625,1.21875,-0.59375,-1.09375,-0.15625,-0.9375,1
2023-05-21,18:00,Casa Pia,Estoril,2.0,2.0,D,0.0,0.0,D,5.0,6.0,0.0,0.0,22-23,11,15,40,31,11,9,-8.0,-18.0,32,32,97.0,91.0,5.0,5.0,25,19.0,9.0,0.6,1.2,5.0,1.0,0.6,24.0,-4,10.0,-19.0,10.0,1.25,0.96875,0.28125,-0.25,-0.5625,0.3125,1
2023-05-21,15:30,Guimaraes,Gil Vicente,1.0,0.0,H,0.0,0.0,D,3.0,2.0,0.0,0.0,22-23,6,13,50,34,15,9,-3.0,-9.0,32,32,109.0,78.0,9.0,3.0,8,6.0,5.0,1.4,1.0,36.0,1.0,1.6,15.0,-7,1.0,21.0,6.0,1.5625,1.0625,0.5,-0.09375,-0.28125,0.1875,1
2023-05-20,20:30,Famalicao,Porto,2.0,4.0,A,2.0,2.0,D,5.0,3.0,0.0,0.0,22-23,8,2,43,79,13,25,-6.0,46.0,32,32,78.0,71.0,5.0,5.0,21,8.0,1.0,1.4,1.4,14.0,1.6,0.4,45.0,6,7.0,-31.0,-52.0,1.34375,2.46875,-1.125,-0.1875,1.4375,-1.625,1
2023-05-20,18:00,Boavista,Sp Braga,1.0,1.0,D,0.0,0.0,D,1.0,5.0,0.0,0.0,22-23,11,3,40,74,11,24,-14.0,42.0,32,32,103.0,84.0,6.0,6.0,11,11.0,4.0,1.2,1.4,19.0,2.2,1.0,33.0,8,7.0,-14.0,-56.0,1.25,2.3125,-1.0625,-0.4375,1.3125,-1.75,1
2023-05-20,15:30,Santa Clara,Portimonense,1.0,0.0,H,1.0,0.0,H,2.0,4.0,0.0,0.0,22-23,18,14,19,34,4,10,-30.0,-20.0,32,32,110.0,92.0,7.0,4.0,19,7.0,12.0,1.6,2.6,14.0,1.0,2.0,13.0,4,-5.0,1.0,-10.0,0.59375,1.0625,-0.46875,-0.9375,-0.625,-0.3125,1
2023-05-20,15:30,Arouca,Chaves,1.0,0.0,H,0.0,0.0,D,2.0,3.0,0.0,0.0,22-23,6,7,48,46,13,12,-4.0,-1.0,32,32,78.0,101.0,4.0,7.0,23,15.0,19.0,0.4,1.0,7.0,1.4,0.4,41.0,-1,-4.0,-34.0,-3.0,1.5,1.4375,0.0625,-0.125,-0.03125,-0.09375,1
2023-05-19,20:15,Maritimo,Vizela,1.0,0.0,H,0.0,0.0,D,2.0,4.0,0.0,0.0,22-23,16,9,23,40,6,11,-30.0,-2.0,32,32,99.0,97.0,8.0,5.0,5,10.0,14.0,1.8,2.0,7.0,0.4,1.4,6.0,7,-4.0,1.0,-28.0,0.71875,1.25,-0.53125,-0.9375,-0.0625,-0.875,1
2023-05-15,20:15,Estoril,Arouca,2.0,0.0,H,0.0,0.0,D,1.0,2.0,0.0,0.0,22-23,15,6,28,48,8,13,-20.0,-2.0,31,31,90.0,76.0,5.0,4.0,17,9.0,15.0,0.8,1.4,12.0,0.6,0.6,14.0,9,-6.0,-2.0,-18.0,0.9032258064516129,1.5483870967741935,-0.6451612903225806,-0.6451612903225806,-0.06451612903225806,-0.5806451612903225,1
2023-05-14,20:30,Porto,Casa Pia,2.0,1.0,H,0.0,1.0,A,1.0,3.0,0.0,0.0,22-23,2,10,76,40,24,11,45.0,-7.0,31,31,70.0,94.0,5.0,5.0,7,1.0,19.0,1.6,0.4,45.0,1.0,1.6,7.0,-8,-18.0,38.0,52.0,2.4516129032258065,1.2903225806451613,1.1612903225806452,1.4516129032258065,-0.22580645161290322,1.6774193548387097,1
2023-05-14,18:00,Sp Braga,Santa Clara,5.0,3.0,H,3.0,1.0,H,3.0,4.0,0.0,0.0,22-23,3,18,71,19,23,4,40.0,-28.0,31,31,81.0,106.0,6.0,7.0,14,4.0,7.0,2.0,0.6,30.0,1.0,1.8,18.0,-15,-3.0,12.0,68.0,2.2903225806451615,0.6129032258064516,1.67741935483871,1.2903225806451613,-0.9032258064516129,2.193548387096774,1
2023-05-14,15:30,Rio Ave,Guimaraes,0.0,1.0,A,0.0,0.0,D,0.0,0.0,0.0,0.0,22-23,12,6,39,47,10,14,-4.0,-4.0,31,31,84.0,109.0,6.0,9.0,4,19.0,6.0,1.6,1.6,20.0,1.4,1.4,27.0,6,13.0,-7.0,0.0,1.2580645161290323,1.5161290322580645,-0.25806451612903225,-0.12903225806451613,-0.12903225806451613,0.0,1
2023-05-13,20:30,Sp Lisbon,Maritimo,2.0,1.0,H,0.0,1.0,A,6.0,7.0,1.0,0.0,22-23,4,16,67,23,21,6,37.0,-29.0,31,31,75.0,92.0,2.0,8.0,9,2.0,10.0,2.6,1.0,41.0,1.6,1.8,11.0,-12,-8.0,30.0,66.0,2.161290322580645,0.7419354838709677,1.4193548387096773,1.1935483870967742,-0.9354838709677419,2.129032258064516,1
2023-05-13,18:00,Portimonense,Benfica,1.0,5.0,A,1.0,3.0,A,2.0,1.0,0.0,0.0,22-23,14,1,34,80,10,26,-16.0,55.0,31,31,90.0,61.0,4.0,3.0,3,12.0,3.0,1.2,1.4,21.0,1.0,0.6,36.0,13,9.0,-15.0,-71.0,1.096774193548387,2.5806451612903225,-1.4838709677419355,-0.5161290322580645,1.7741935483870968,-2.290322580645161,1
2023-05-13,15:30,Vizela,Famalicao,0.0,0.0,D,0.0,0.0,D,3.0,5.0,0.0,1.0,22-23,11,8,39,42,11,13,-2.0,-6.0,31,31,94.0,73.0,5.0,4.0,24,14.0,8.0,0.6,1.4,5.0,2.0,1.6,18.0,3,6.0,-13.0,4.0,1.2580645161290323,1.3548387096774193,-0.09677419354838701,-0.06451612903225806,-0.1935483870967742,0.12903225806451613,1
2023-05-13,15:30,Chaves,Pacos Ferreira,2.0,0.0,H,0.0,0.0,D,0.0,4.0,0.0,1.0,22-23,7,17,43,20,11,5,-3.0,-33.0,31,31,101.0,103.0,7.0,9.0,16,19.0,13.0,1.0,0.4,37.0,0.8,2.6,12.0,-10,6.0,25.0,30.0,1.3870967741935485,0.6451612903225806,0.7419354838709679,-0.0967741935483871,-1.064516129032258,0.9677419354838709,1
2023-05-12,20:15,Gil Vicente,Boavista,3.0,1.0,H,1.0,0.0,H,3.0,6.0,0.0,0.0,22-23,14,10,31,40,8,11,-11.0,-12.0,31,31,75.0,97.0,3.0,6.0,20,5.0,11.0,0.4,1.4,1.0,1.4,1.0,29.0,4,-6.0,-28.0,1.0,1.0,1.2903225806451613,-0.29032258064516125,-0.3548387096774194,-0.3870967741935484,0.032258064516129004,1
2023-05-08,21:15,Arouca,Porto,0.0,1.0,A,0.0,1.0,A,1.0,2.0,0.0,0.0,22-23,5,2,48,73,13,23,-1.0,44.0,30,30,75.0,68.0,4.0,5.0,23,15.0,1.0,0.8,0.4,24.0,1.6,0.4,45.0,3,14.0,-21.0,-45.0,1.6,2.433333333333333,-0.833333333333333,-0.03333333333333333,1.4666666666666666,-1.5,1
2023-05-08,19:00,Famalicao,Chaves,1.0,2.0,A,0.0,0.0,D,2.0,3.0,0.0,0.0,22-23,7,8,42,40,13,10,-5.0,-4.0,30,30,71.0,98.0,4.0,7.0,21,8.0,19.0,1.8,1.4,27.0,0.8,0.6,30.0,-1,-11.0,-3.0,-1.0,1.4,1.3333333333333333,0.06666666666666665,-0.16666666666666666,-0.13333333333333333,-0.033333333333333326,1
2023-05-07,20:30,Pacos Ferreira,Sp Lisbon,0.0,4.0,A,0.0,2.0,A,1.0,1.0,0.0,0.0,22-23,17,4,20,64,5,20,-29.0,33.0,30,30,102.0,74.0,9.0,2.0,13,13.0,2.0,0.8,1.8,16.0,1.8,1.0,37.0,13,11.0,-21.0,-62.0,0.6666666666666666,2.1333333333333333,-1.4666666666666668,-0.9666666666666667,1.1,-2.066666666666667,1
2023-05-07,18:00,Guimaraes,Vizela,3.0,0.0,H,2.0,0.0,H,1.0,2.0,0.0,0.0,22-23,6,11,44,39,13,11,-7.0,1.0,30,30,108.0,92.0,9.0,5.0,8,6.0,14.0,0.8,1.4,16.0,1.2,1.0,12.0,-5,-8.0,4.0,-8.0,1.4666666666666666,1.3,0.16666666666666652,-0.23333333333333334,0.03333333333333333,-0.26666666666666666,1
2023-05-07,15:30,Maritimo,Rio Ave,2.0,2.0,D,1.0,2.0,A,3.0,0.0,0.0,0.0,22-23,16,12,22,38,6,10,-29.0,-4.0,30,30,89.0,84.0,8.0,6.0,5,10.0,19.0,2.0,1.8,12.0,1.2,1.4,20.0,4,-9.0,-8.0,-25.0,0.7333333333333333,1.2666666666666666,-0.5333333333333333,-0.9666666666666667,-0.13333333333333333,-0.8333333333333334,1
2023-05-06,20:30,Benfica,Sp Braga,1.0,0.0,H,0.0,0.0,D,3.0,4.0,0.0,0.0,22-23,1,3,77,71,25,23,54.0,41.0,30,30,58.0,77.0,3.0,6.0,6,3.0,4.0,1.0,0.6,30.0,2.4,0.6,45.0,-2,-1.0,-15.0,13.0,2.566666666666667,2.3666666666666667,0.20000000000000018,1.8,1.3666666666666667,0.43333333333333335,1
2023-05-06,18:00,Boavista,Estoril,1.0,0.0,H,0.0,0.0,D,2.0,4.0,1.0,0.0,22-23,12,15,37,28,10,8,-13.0,-19.0,30,30,95.0,86.0,5.0,5.0,11,11.0,9.0,1.6,1.8,21.0,1.0,1.2,18.0,-3,2.0,3.0,6.0,1.2333333333333334,0.9333333333333333,0.30000000000000004,-0.43333333333333335,-0.6333333333333333,0.19999999999999996,1
2023-05-06,15:30,Santa Clara,Gil Vicente,3.0,2.0,H,2.0,0.0,H,0.0,3.0,0.0,0.0,22-23,18,14,16,31,3,8,-29.0,-10.0,30,30,106.0,72.0,7.0,3.0,19,7.0,5.0,0.4,2.0,4.0,0.0,0.8,3.0,4,2.0,1.0,-19.0,0.5333333333333333,1.0333333333333334,-0.5000000000000001,-0.9666666666666667,-0.3333333333333333,-0.6333333333333333,1
2023-05-05,20:15,Casa Pia,Portimonense,1.0,1.0,D,0.0,0.0,D,2.0,0.0,0.0,0.0,22-23,10,13,39,33,11,10,-7.0,-16.0,30,30,92.0,90.0,5.0,4.0,25,19.0,12.0,1.0,2.0,3.0,1.0,1.4,23.0,-3,7.0,-20.0,9.0,1.3,1.1,0.19999999999999996,-0.23333333333333334,-0.5333333333333333,0.3,1
2023-04-30,20:30,Sp Lisbon,Famalicao,2.0,1.0,H,1.0,0.0,H,2.0,3.0,0.0,0.0,22-23,4,7,61,42,19,13,32.0,-4.0,29,29,72.0,68.0,2.0,4.0,9,2.0,8.0,2.0,0.8,33.0,2.0,1.2,39.0,-3,-6.0,-6.0,36.0,2.103448275862069,1.4482758620689655,0.6551724137931034,1.103448275862069,-0.13793103448275862,1.2413793103448276,1
2023-04-30,18:00,Porto,Boavista,1.0,0.0,H,0.0,0.0,D,2.0,5.0,1.0,0.0,22-23,3,12,70,37,22,10,43.0,-12.0,29,29,66.0,90.0,4.0,5.0,7,1.0,11.0,1.4,0.4,43.0,1.8,2.0,28.0,-9,-10.0,15.0,55.0,2.413793103448276,1.2758620689655173,1.1379310344827585,1.4827586206896552,-0.41379310344827586,1.896551724137931,1
2023-04-30,15:30,Estoril,Santa Clara,3.0,0.0,H,2.0,0.0,H,4.0,3.0,0.0,0.0,22-23,15,18,25,16,7,3,-22.0,-26.0,29,29,82.0,103.0,5.0,7.0,17,9.0,7.0,0.4,1.6,6.0,0.4,1.8,5.0,-3,2.0,1.0,4.0,0.8620689655172413,0.5517241379310345,0.31034482758620685,-0.7586206896551724,-0.896551724137931,0.13793103448275867,1
2023-04-29,20:30,Gil Vicente,Benfica,0.0,2.0,A,0.0,0.0,D,3.0,2.0,0.0,0.0,22-23,14,1,31,74,8,24,-8.0,52.0,29,29,69.0,56.0,3.0,3.0,20,5.0,3.0,0.0,0.6,5.0,1.6,0.8,24.0,13,2.0,-19.0,-60.0,1.0689655172413792,2.5517241379310347,-1.4827586206896555,-0.27586206896551724,1.793103448275862,-2.0689655172413794,1
2023-04-29,18:00,Vizela,Pacos Ferreira,1.0,2.0,A,0.0,2.0,A,2.0,3.0,0.0,0.0,22-23,8,17,39,17,11,4,2.0,-30.0,29,29,90.0,99.0,5.0,9.0,24,14.0,13.0,1.2,0.6,22.0,0.6,1.8,3.0,-9,1.0,19.0,32.0,1.3448275862068966,0.5862068965517241,0.7586206896551725,0.06896551724137931,-1.0344827586206897,1.103448275862069,1
2023-04-29,18:00,Chaves,Casa Pia,1.0,0.0,H,1.0,0.0,H,3.0,4.0,0.0,0.0,22-23,11,9,37,39,9,11,-5.0,-6.0,29,29,95.0,88.0,7.0,5.0,16,19.0,19.0,1.0,0.6,23.0,1.4,1.8,7.0,2,0.0,16.0,1.0,1.2758620689655173,1.3448275862068966,-0.06896551724137923,-0.1724137931034483,-0.20689655172413793,0.03448275862068964,1
2023-04-29,15:30,Sp Braga,Portimonense,4.0,1.0,H,3.0,1.0,H,1.0,5.0,0.0,0.0,22-23,3,13,68,33,22,10,38.0,-13.0,29,29,76.0,85.0,6.0,4.0,14,4.0,12.0,1.6,0.4,43.0,0.8,0.8,30.0,-10,-8.0,13.0,51.0,2.3448275862068964,1.1379310344827587,1.2068965517241377,1.3103448275862069,-0.4482758620689655,1.7586206896551724,1
2023-04-29,15:30,Maritimo,Guimaraes,1.0,2.0,A,0.0,1.0,A,4.0,3.0,0.0,0.0,22-23,16,7,22,41,6,12,-28.0,-8.0,29,29,85.0,105.0,8.0,9.0,5,10.0,6.0,1.8,1.8,18.0,0.6,2.2,2.0,9,4.0,16.0,-20.0,0.7586206896551724,1.4137931034482758,-0.6551724137931034,-0.9655172413793104,-0.27586206896551724,-0.6896551724137931,1
2023-04-28,20:15,Rio Ave,Arouca,1.0,0.0,H,0.0,0.0,D,4.0,3.0,1.0,0.0,22-23,12,5,35,48,9,13,-5.0,0.0,29,29,80.0,72.0,5.0,4.0,4,19.0,15.0,1.4,1.4,10.0,1.0,0.4,35.0,7,4.0,-25.0,-5.0,1.206896551724138,1.6551724137931034,-0.4482758620689655,-0.1724137931034483,0.0,-0.1724137931034483,1
2023-04-24,20:15,Guimaraes,Sp Lisbon,0.0,2.0,A,0.0,0.0,D,1.0,0.0,0.0,0.0,22-23,7,4,41,58,12,18,-6.0,30.0,28,28,104.0,72.0,9.0,2.0,8,6.0,2.0,0.6,2.2,3.0,2.2,0.8,29.0,3,4.0,-26.0,-36.0,1.4642857142857142,2.0714285714285716,-0.6071428571428574,-0.21428571428571427,1.0714285714285714,-1.2857142857142856,1
2023-04-23,20:30,Arouca,Vizela,1.0,0.0,H,1.0,0.0,H,0.0,1.0,0.0,0.0,22-23,5,8,45,39,12,11,-1.0,3.0,28,28,72.0,89.0,4.0,5.0,23,15.0,14.0,1.2,0.4,31.0,1.2,1.2,32.0,-3,1.0,-1.0,-4.0,1.6071428571428572,1.3928571428571428,0.2142857142857144,-0.03571428571428571,0.10714285714285714,-0.14285714285714285,1
2023-04-23,18:00,Santa Clara,Chaves,1.0,1.0,D,0.0,0.0,D,3.0,3.0,0.0,1.0,22-23,18,11,15,36,3,9,-26.0,-5.0,28,28,100.0,92.0,7.0,6.0,19,7.0,19.0,0.2,1.8,0.0,1.2,0.4,28.0,7,-12.0,-28.0,-21.0,0.5357142857142857,1.2857142857142858,-0.7500000000000001,-0.9285714285714286,-0.17857142857142858,-0.75,1
2023-04-23,18:00,Benfica,Estoril,1.0,0.0,H,1.0,0.0,H,2.0,2.0,0.0,0.0,22-23,1,15,71,25,23,7,51.0,-21.0,28,28,54.0,80.0,3.0,5.0,6,3.0,9.0,2.0,0.8,18.0,0.8,2.0,9.0,-14,-6.0,9.0,72.0,2.5357142857142856,0.8928571428571429,1.6428571428571428,1.8214285714285714,-0.75,2.571428571428571,1
2023-04-23,15:30,Portimonense,Gil Vicente,1.0,0.0,H,0.0,0.0,D,1.0,2.0,0.0,0.0,22-23,14,13,30,31,9,8,-14.0,-7.0,28,28,84.0,67.0,4.0,3.0,3,12.0,5.0,0.6,1.2,19.0,0.2,0.8,7.0,1,7.0,12.0,-7.0,1.0714285714285714,1.1071428571428572,-0.03571428571428581,-0.5,-0.25,-0.25,1
2023-04-22,20:30,Pacos Ferreira,Porto,0.0,2.0,A,0.0,0.0,D,5.0,1.0,1.0,0.0,22-23,17,3,17,67,4,21,-28.0,41.0,28,28,94.0,65.0,8.0,4.0,13,13.0,1.0,0.8,1.4,8.0,1.6,0.8,41.0,14,12.0,-33.0,-69.0,0.6071428571428571,2.392857142857143,-1.7857142857142856,-1.0,1.4642857142857142,-2.4642857142857144,1
2023-04-22,18:00,Boavista,Rio Ave,3.0,2.0,H,3.0,1.0,H,1.0,2.0,0.0,1.0,22-23,12,11,34,35,9,9,-13.0,-4.0,28,28,89.0,78.0,5.0,4.0,11,11.0,19.0,1.2,2.2,17.0,1.4,1.0,18.0,1,-8.0,-1.0,-9.0,1.2142857142857142,1.25,-0.03571428571428581,-0.4642857142857143,-0.14285714285714285,-0.32142857142857145,1
2023-04-22,15:30,Famalicao,Maritimo,3.0,2.0,H,0.0,2.0,A,3.0,3.0,0.0,1.0,22-23,8,16,39,22,12,6,-5.0,-27.0,28,28,65.0,82.0,4.0,7.0,21,8.0,10.0,1.6,0.8,36.0,1.4,1.8,24.0,-8,-2.0,12.0,22.0,1.3928571428571428,0.7857142857142857,0.6071428571428571,-0.17857142857142858,-0.9642857142857143,0.7857142857142857,1
2023-04-21,20:15,Casa Pia,Sp Braga,0.0,1.0,A,0.0,0.0,D,3.0,2.0,0.0,0.0,22-23,9,3,39,65,11,21,-5.0,37.0,28,28,85.0,74.0,5.0,6.0,25,19.0,4.0,1.4,1.8,11.0,2.2,0.4,41.0,6,15.0,-30.0,-42.0,1.3928571428571428,2.3214285714285716,-0.9285714285714288,-0.17857142857142858,1.3214285714285714,-1.5,1
2023-04-17,20:15,Vizela,Boavista,1.0,1.0,D,0.0,0.0,D,2.0,4.0,0.0,0.0,22-23,9,12,38,33,11,9,3.0,-13.0,27,27,87.0,85.0,5.0,5.0,24,14.0,11.0,1.6,1.0,39.0,1.0,2.0,16.0,-3,3.0,23.0,16.0,1.4074074074074074,1.2222222222222223,0.18518518518518512,0.1111111111111111,-0.48148148148148145,0.5925925925925926,1
2023-04-16,20:30,Sp Lisbon,Arouca,1.0,1.0,D,0.0,1.0,A,0.0,0.0,0.0,0.0,22-23,4,5,57,44,18,12,30.0,-1.0,27,27,72.0,72.0,2.0,4.0,9,2.0,15.0,2.2,0.6,37.0,1.0,0.2,37.0,-1,-13.0,0.0,31.0,2.111111111111111,1.6296296296296295,0.4814814814814816,1.1111111111111112,-0.037037037037037035,1.1481481481481481,1
2023-04-16,18:00,Sp Braga,Gil Vicente,1.0,0.0,H,1.0,0.0,H,2.0,1.0,0.0,0.0,22-23,3,13,62,31,20,8,36.0,-6.0,27,27,72.0,66.0,6.0,3.0,14,4.0,5.0,2.4,0.4,39.0,0.6,0.6,12.0,-10,-1.0,27.0,42.0,2.2962962962962963,1.1481481481481481,1.1481481481481481,1.3333333333333333,-0.2222222222222222,1.5555555555555554,1
2023-04-16,15:30,Rio Ave,Casa Pia,1.0,1.0,D,0.0,1.0,A,1.0,3.0,0.0,0.0,22-23,11,9,34,38,9,11,-4.0,-5.0,27,27,77.0,82.0,4.0,5.0,4,19.0,19.0,1.2,1.2,20.0,1.6,1.8,12.0,2,0.0,8.0,1.0,1.2592592592592593,1.4074074074074074,-0.14814814814814814,-0.14814814814814814,-0.18518518518518517,0.037037037037037035,1
2023-04-15,20:30,Porto,Santa Clara,2.0,1.0,H,1.0,0.0,H,2.0,5.0,0.0,0.0,22-23,2,18,64,15,20,3,40.0,-25.0,27,27,63.0,95.0,4.0,7.0,7,1.0,7.0,1.8,0.8,39.0,0.2,2.0,0.0,-16,-6.0,39.0,65.0,2.3703703703703702,0.5555555555555556,1.8148148148148147,1.4814814814814814,-0.9259259259259259,2.4074074074074074,1
2023-04-15,18:00,Chaves,Benfica,1.0,0.0,H,0.0,0.0,D,4.0,0.0,0.0,0.0,22-23,11,1,33,71,8,23,-6.0,52.0,27,27,88.0,54.0,6.0,3.0,16,19.0,3.0,1.2,1.0,20.0,2.4,0.6,30.0,10,16.0,-10.0,-58.0,1.2222222222222223,2.6296296296296298,-1.4074074074074074,-0.2222222222222222,1.9259259259259258,-2.148148148148148,1
2023-04-15,15:30,Maritimo,Pacos Ferreira,3.0,1.0,H,2.0,0.0,H,4.0,4.0,0.0,0.0,22-23,16,17,19,17,5,4,-29.0,-26.0,27,27,78.0,90.0,7.0,8.0,5,10.0,13.0,0.8,2.0,12.0,0.8,1.2,13.0,-1,-3.0,-1.0,-3.0,0.7037037037037037,0.6296296296296297,0.07407407407407407,-1.0740740740740742,-0.9629629629629629,-0.11111111111111127,1
2023-04-15,15:30,Estoril,Portimonense,0.0,1.0,A,0.0,0.0,D,0.0,4.0,0.0,0.0,22-23,15,14,25,27,7,8,-20.0,-15.0,27,27,80.0,80.0,5.0,4.0,17,9.0,12.0,0.8,2.4,12.0,0.4,1.4,5.0,1,-3.0,7.0,-5.0,0.9259259259259259,1.0,-0.07407407407407407,-0.7407407407407407,-0.5555555555555556,-0.18518518518518512,1
2023-04-14,20:15,Famalicao,Guimaraes,2.0,1.0,H,1.0,0.0,H,1.0,3.0,1.0,1.0,22-23,9,6,36,41,11,12,-6.0,-5.0,27,27,64.0,101.0,3.0,8.0,21,8.0,6.0,1.2,1.0,30.0,1.0,2.0,7.0,3,2.0,23.0,-1.0,1.3333333333333333,1.5185185185185186,-0.18518518518518534,-0.2222222222222222,-0.18518518518518517,-0.037037037037037035,1
2023-04-10,20:15,Gil Vicente,Chaves,0.0,0.0,D,0.0,0.0,D,1.0,1.0,0.0,0.0,22-23,13,12,30,32,8,8,-6.0,-6.0,26,26,65.0,87.0,3.0,6.0,20,5.0,19.0,1.0,0.8,14.0,1.2,1.2,21.0,1,-14.0,-7.0,0.0,1.1538461538461537,1.2307692307692308,-0.0769230769230771,-0.23076923076923078,-0.23076923076923078,0.0,1
2023-04-09,18:00,Casa Pia,Sp Lisbon,3.0,4.0,A,2.0,2.0,D,3.0,0.0,1.0,0.0,22-23,8,4,38,54,11,17,-4.0,29.0,26,26,79.0,72.0,4.0,2.0,25,19.0,2.0,1.0,1.4,18.0,1.8,0.0,35.0,4,17.0,-17.0,-33.0,1.4615384615384615,2.076923076923077,-0.6153846153846156,-0.15384615384615385,1.1153846153846154,-1.2692307692307692,1
2023-04-08,20:30,Sp Braga,Estoril,4.0,1.0,H,1.0,0.0,H,3.0,2.0,0.0,0.0,22-23,3,15,59,25,19,7,33.0,-17.0,26,26,69.0,78.0,6.0,5.0,14,4.0,9.0,1.8,0.6,34.0,0.6,2.0,15.0,-12,-5.0,19.0,50.0,2.269230769230769,0.9615384615384616,1.3076923076923075,1.2692307692307692,-0.6538461538461539,1.923076923076923,1
2023-04-08,18:00,Portimonense,Rio Ave,2.0,2.0,D,0.0,1.0,A,5.0,1.0,0.0,0.0,22-23,14,10,26,33,8,9,-15.0,-4.0,26,26,75.0,76.0,4.0,4.0,3,12.0,19.0,0.0,1.2,0.0,1.0,0.8,24.0,4,-7.0,-24.0,-11.0,1.0,1.2692307692307692,-0.26923076923076916,-0.5769230769230769,-0.15384615384615385,-0.423076923076923,1
2023-04-08,18:00,Pacos Ferreira,Famalicao,1.0,3.0,A,1.0,1.0,D,2.0,0.0,0.0,0.0,22-23,17,10,17,33,4,10,-24.0,-8.0,26,26,88.0,64.0,8.0,3.0,13,13.0,8.0,0.8,1.2,18.0,0.8,0.8,24.0,7,5.0,-6.0,-16.0,0.6538461538461539,1.2692307692307692,-0.6153846153846153,-0.9230769230769231,-0.3076923076923077,-0.6153846153846154,1
2023-04-08,15:30,Arouca,Maritimo,1.0,0.0,H,1.0,0.0,H,2.0,2.0,0.0,0.0,22-23,5,16,41,19,11,5,-2.0,-28.0,26,26,70.0,76.0,4.0,7.0,23,15.0,10.0,1.2,0.2,33.0,1.4,2.0,18.0,-11,5.0,15.0,26.0,1.5769230769230769,0.7307692307692307,0.8461538461538461,-0.07692307692307693,-1.0769230769230769,1.0,1
2023-04-07,20:30,Boavista,Guimaraes,2.0,1.0,H,1.0,0.0,H,7.0,6.0,0.0,2.0,22-23,13,6,30,41,8,12,-14.0,-4.0,26,26,78.0,95.0,5.0,6.0,11,11.0,6.0,1.2,2.0,5.0,1.2,1.8,14.0,7,5.0,-9.0,-10.0,1.1538461538461537,1.5769230769230769,-0.42307692307692313,-0.5384615384615384,-0.15384615384615385,-0.3846153846153846,1
2023-04-07,18:00,Benfica,Porto,1.0,2.0,A,1.0,1.0,D,3.0,5.0,0.0,0.0,22-23,1,2,71,61,23,19,53.0,39.0,26,26,51.0,58.0,3.0,4.0,6,3.0,1.0,2.6,0.2,45.0,1.6,1.0,34.0,-1,2.0,11.0,14.0,2.730769230769231,2.3461538461538463,0.3846153846153846,2.0384615384615383,1.5,0.5384615384615383,1
2023-04-07,15:30,Santa Clara,Vizela,0.0,1.0,A,0.0,1.0,A,3.0,2.0,1.0,0.0,22-23,18,8,15,35,3,10,-24.0,2.0,26,26,92.0,85.0,6.0,5.0,19,7.0,14.0,0.4,2.4,0.0,1.4,1.4,33.0,10,-7.0,-33.0,-26.0,0.5769230769230769,1.3461538461538463,-0.7692307692307694,-0.9230769230769231,0.07692307692307693,-1.0,1
2023-04-05,20:15,Gil Vicente,Sp Lisbon,0.0,0.0,D,0.0,0.0,D,1.0,2.0,0.0,0.0,22-23,13,4,29,53,8,17,-6.0,29.0,25,25,64.0,70.0,3.0,2.0,20,5.0,2.0,1.2,1.0,16.0,2.4,0.4,45.0,9,3.0,-29.0,-35.0,1.16,2.12,-0.9600000000000002,-0.24,1.16,-1.4,1
2023-04-03,20:15,Famalicao,Arouca,0.0,1.0,A,0.0,0.0,D,1.0,1.0,0.0,0.0,22-23,10,6,33,38,10,10,-7.0,-3.0,25,25,63.0,69.0,3.0,4.0,21,8.0,15.0,1.4,0.8,36.0,1.0,0.6,26.0,4,-7.0,10.0,-4.0,1.32,1.52,-0.19999999999999996,-0.28,-0.12,-0.16000000000000003,1
2023-04-02,20:30,Porto,Portimonense,1.0,0.0,H,1.0,0.0,H,2.0,3.0,0.0,1.0,22-23,3,14,58,26,18,8,38.0,-14.0,25,25,56.0,72.0,4.0,3.0,7,1.0,12.0,1.6,1.0,29.0,0.4,1.2,3.0,-11,-11.0,26.0,52.0,2.32,1.04,1.2799999999999998,1.52,-0.56,2.08,1
2023-04-02,18:00,Rio Ave,Benfica,0.0,1.0,A,0.0,0.0,D,3.0,3.0,0.0,0.0,22-23,9,1,33,68,9,22,-3.0,52.0,25,25,73.0,48.0,4.0,3.0,4,19.0,3.0,1.0,0.8,33.0,3.0,0.4,45.0,8,16.0,-12.0,-55.0,1.32,2.72,-1.4000000000000001,-0.12,2.08,-2.2,1
2023-04-02,15:30,Maritimo,Boavista,4.0,2.0,H,2.0,0.0,H,3.0,2.0,0.0,0.0,22-23,17,12,16,30,4,8,-30.0,-12.0,25,25,73.0,76.0,7.0,5.0,5,10.0,11.0,0.8,2.0,6.0,1.0,1.8,9.0,5,-1.0,-3.0,-18.0,0.64,1.2,-0.5599999999999999,-1.2,-0.48,-0.72,1
2023-04-02,15:30,Chaves,Sp Braga,1.0,2.0,A,1.0,1.0,D,5.0,3.0,0.0,0.0,22-23,11,3,32,56,8,18,-5.0,32.0,25,25,82.0,66.0,6.0,6.0,16,19.0,4.0,1.4,1.4,27.0,1.8,0.4,29.0,8,15.0,-2.0,-37.0,1.28,2.24,-0.9600000000000002,-0.2,1.28,-1.48,1
2023-04-01,20:30,Sp Lisbon,Santa Clara,3.0,0.0,H,2.0,0.0,H,0.0,5.0,0.0,0.0,22-23,4,18,50,15,16,3,26.0,-21.0,24,25,70.0,87.0,2.0,6.0,9,2.0,7.0,2.0,0.8,42.0,0.6,2.4,0.0,-14,-5.0,42.0,47.0,2.0833333333333335,0.6,1.4833333333333334,1.0833333333333333,-0.84,1.9233333333333333,1
2023-04-01,18:00,Guimaraes,Pacos Ferreira,0.0,0.0,D,0.0,0.0,D,2.0,5.0,0.0,1.0,22-23,5,16,40,16,12,4,-4.0,-24.0,25,25,93.0,83.0,6.0,7.0,8,6.0,13.0,1.2,1.8,16.0,1.4,1.4,20.0,-11,-7.0,-4.0,20.0,1.6,0.64,0.9600000000000001,-0.16,-0.96,0.7999999999999999,1
2023-04-01,15:30,Vizela,Casa Pia,3.0,1.0,H,1.0,1.0,D,3.0,2.0,0.0,0.0,22-23,10,6,32,38,9,11,0.0,-2.0,25,25,82.0,77.0,5.0,4.0,24,14.0,19.0,1.0,1.4,25.0,0.8,0.8,25.0,4,-5.0,0.0,2.0,1.28,1.52,-0.24,0.0,-0.08,0.08,1
2023-03-31,20:15,Estoril,Gil Vicente,1.0,0.0,H,1.0,0.0,H,5.0,2.0,0.0,0.0,22-23,15,13,22,29,6,8,-18.0,-5.0,25,24,73.0,62.0,5.0,3.0,17,9.0,5.0,0.6,2.6,0.0,1.4,0.8,26.0,2,4.0,-26.0,-13.0,0.88,1.2083333333333333,-0.32833333333333325,-0.72,-0.20833333333333334,-0.5116666666666666,1
2023-03-19,20:30,Boavista,Famalicao,1.0,2.0,A,0.0,0.0,D,1.0,1.0,0.0,0.0,22-23,12,11,30,30,8,9,-11.0,-8.0,24,24,75.0,62.0,5.0,3.0,11,11.0,8.0,0.8,1.4,14.0,1.0,0.8,30.0,1,3.0,-16.0,-3.0,1.25,1.25,0.0,-0.4583333333333333,-0.3333333333333333,-0.125,0
2023-03-19,18:00,Sp Braga,Porto,0.0,0.0,D,0.0,0.0,D,3.0,2.0,0.0,0.0,22-23,3,2,55,57,18,18,32.0,38.0,24,24,63.0,54.0,6.0,4.0,14,4.0,1.0,2.2,0.6,36.0,2.0,1.2,36.0,1,3.0,0.0,-6.0,2.2916666666666665,2.375,-0.08333333333333348,1.3333333333333333,1.5833333333333333,-0.25,0
2023-03-19,15:30,Casa Pia,Maritimo,2.0,0.0,H,1.0,0.0,H,2.0,0.0,0.0,1.0,22-23,7,17,35,16,10,4,-4.0,-28.0,24,24,75.0,73.0,4.0,6.0,25,19.0,10.0,0.4,0.8,15.0,1.0,2.0,9.0,-10,9.0,6.0,24.0,1.4583333333333333,0.6666666666666666,0.7916666666666666,-0.16666666666666666,-1.1666666666666667,1.0,0
2023-03-18,20:30,Estoril,Chaves,0.0,2.0,A,0.0,1.0,A,3.0,2.0,1.0,0.0,22-23,15,13,22,29,6,7,-16.0,-7.0,24,24,70.0,80.0,4.0,6.0,17,9.0,19.0,0.6,2.6,0.0,1.0,1.4,16.0,2,-10.0,-16.0,-9.0,0.9166666666666666,1.2083333333333333,-0.29166666666666663,-0.6666666666666666,-0.2916666666666667,-0.37499999999999994,0
2023-03-18,18:00,Benfica,Guimaraes,5.0,1.0,H,3.0,0.0,H,1.0,3.0,0.0,0.0,22-23,1,5,65,40,21,12,48.0,0.0,24,24,47.0,90.0,3.0,6.0,6,3.0,6.0,2.6,0.2,45.0,1.2,0.8,26.0,-4,-3.0,19.0,48.0,2.7083333333333335,1.6666666666666667,1.0416666666666667,2.0,0.0,2.0,0
2023-03-18,18:00,Arouca,Pacos Ferreira,1.0,1.0,D,0.0,0.0,D,3.0,3.0,0.0,0.0,22-23,6,18,37,15,10,4,-3.0,-24.0,24,24,66.0,80.0,4.0,7.0,23,15.0,13.0,1.0,0.4,31.0,1.2,1.4,21.0,-12,2.0,10.0,21.0,1.5416666666666667,0.625,0.9166666666666667,-0.125,-1.0,0.875,0
2023-03-18,15:30,Portimonense,Vizela,0.0,1.0,A,0.0,0.0,D,2.0,2.0,1.0,0.0,22-23,14,11,26,29,8,8,-13.0,-1.0,24,24,70.0,80.0,2.0,5.0,3,12.0,14.0,0.4,1.2,6.0,0.8,1.4,15.0,3,-2.0,-9.0,-12.0,1.0833333333333333,1.2083333333333333,-0.125,-0.5416666666666666,-0.041666666666666664,-0.49999999999999994,0
2023-03-17,20:15,Santa Clara,Rio Ave,0.0,2.0,A,0.0,0.0,D,4.0,2.0,0.0,0.0,22-23,17,8,15,30,3,8,-19.0,-5.0,24,24,83.0,71.0,6.0,4.0,19,7.0,19.0,0.6,2.2,0.0,1.0,0.8,27.0,9,-12.0,-27.0,-14.0,0.625,1.25,-0.625,-0.7916666666666666,-0.20833333333333334,-0.5833333333333333,0
2023-03-13,20:15,Famalicao,Casa Pia,1.0,0.0,H,1.0,0.0,H,4.0,3.0,0.0,0.0,22-23,13,7,27,35,8,10,-9.0,-3.0,23,23,58.0,72.0,3.0,4.0,21,8.0,19.0,1.0,1.6,21.0,0.4,1.2,20.0,6,-11.0,1.0,-6.0,1.173913043478261,1.5217391304347827,-0.34782608695652173,-0.391304347826087,-0.13043478260869565,-0.26086956521739135,0
2023-03-12,20:30,Sp Lisbon,Boavista,3.0,0.0,H,2.0,0.0,H,2.0,1.0,0.0,0.0,22-23,4,9,47,30,15,8,23.0,-8.0,23,23,68.0,74.0,2.0,5.0,9,2.0,11.0,1.6,0.8,39.0,1.0,1.2,19.0,-5,-9.0,20.0,31.0,2.0434782608695654,1.3043478260869565,0.7391304347826089,1.0,-0.34782608695652173,1.3478260869565217,0
2023-03-12,18:00,Maritimo,Benfica,0.0,3.0,A,0.0,1.0,A,2.0,2.0,0.0,0.0,22-23,16,1,16,62,4,20,-25.0,45.0,23,23,71.0,45.0,6.0,3.0,5,10.0,3.0,1.2,1.8,12.0,2.6,0.2,45.0,15,7.0,-33.0,-70.0,0.6956521739130435,2.6956521739130435,-2.0,-1.0869565217391304,1.9565217391304348,-3.0434782608695654,0
2023-03-12,15:30,Rio Ave,Gil Vicente,2.0,1.0,H,2.0,0.0,H,5.0,3.0,1.0,0.0,22-23,12,10,27,29,7,8,-6.0,-4.0,23,23,66.0,59.0,3.0,3.0,4,19.0,5.0,0.6,0.8,18.0,1.4,0.6,37.0,2,14.0,-19.0,-2.0,1.173913043478261,1.2608695652173914,-0.08695652173913038,-0.2608695652173913,-0.17391304347826086,-0.08695652173913043,0
2023-03-11,20:30,Vizela,Sp Braga,0.0,4.0,A,0.0,1.0,A,2.0,2.0,0.0,0.0,22-23,9,3,29,52,8,17,3.0,28.0,23,23,78.0,61.0,5.0,6.0,24,14.0,4.0,0.8,1.0,20.0,2.2,0.8,33.0,6,10.0,-13.0,-25.0,1.2608695652173914,2.260869565217391,-0.9999999999999998,0.13043478260869565,1.2173913043478262,-1.0869565217391306,0
2023-03-11,18:00,Guimaraes,Arouca,0.0,2.0,A,0.0,0.0,D,3.0,3.0,0.0,0.0,22-23,5,7,40,34,12,9,2.0,-5.0,23,23,87.0,63.0,6.0,4.0,8,6.0,15.0,1.4,0.4,39.0,0.8,0.6,24.0,-2,-9.0,15.0,7.0,1.7391304347826086,1.4782608695652173,0.26086956521739135,0.08695652173913043,-0.21739130434782608,0.30434782608695654,0
2023-03-11,15:30,Pacos Ferreira,Santa Clara,1.0,0.0,H,0.0,0.0,D,5.0,6.0,0.0,0.0,22-23,18,17,12,15,3,3,-25.0,-18.0,23,23,75.0,77.0,7.0,6.0,13,13.0,7.0,1.4,1.6,12.0,1.0,2.4,1.0,1,6.0,11.0,-7.0,0.5217391304347826,0.6521739130434783,-0.13043478260869568,-1.0869565217391304,-0.782608695652174,-0.30434782608695643,0
2023-03-11,15:30,Chaves,Portimonense,2.0,0.0,H,1.0,0.0,H,5.0,1.0,1.0,0.0,22-23,13,14,26,26,6,8,-9.0,-11.0,23,23,75.0,69.0,5.0,2.0,16,19.0,12.0,1.0,1.6,5.0,0.6,0.8,12.0,-1,7.0,-7.0,2.0,1.1304347826086956,1.1304347826086956,0.0,-0.391304347826087,-0.4782608695652174,0.08695652173913043,0
2023-03-10,20:15,Porto,Estoril,3.0,2.0,H,2.0,1.0,H,3.0,5.0,0.0,1.0,22-23,2,15,54,22,17,6,37.0,-15.0,23,23,51.0,65.0,4.0,3.0,7,1.0,9.0,1.8,0.8,33.0,0.6,2.2,3.0,-13,-8.0,30.0,52.0,2.347826086956522,0.9565217391304348,1.3913043478260871,1.608695652173913,-0.6521739130434783,2.2608695652173916,0
2023-03-06,20:15,Casa Pia,Pacos Ferreira,2.0,1.0,H,0.0,1.0,A,3.0,2.0,0.0,0.0,22-23,7,18,32,12,9,3,-4.0,-24.0,22,22,69.0,73.0,4.0,7.0,25,19.0,13.0,0.4,1.2,10.0,1.2,1.6,18.0,-11,6.0,-8.0,20.0,1.4545454545454546,0.5454545454545454,0.9090909090909092,-0.18181818181818182,-1.0909090909090908,0.909090909090909,0
2023-03-05,20:30,Sp Braga,Rio Ave,2.0,0.0,H,1.0,0.0,H,1.0,0.0,0.0,0.0,22-23,3,11,49,27,16,7,26.0,-4.0,22,22,60.0,66.0,6.0,3.0,14,4.0,19.0,1.8,1.8,27.0,0.8,1.0,24.0,-8,-15.0,3.0,30.0,2.227272727272727,1.2272727272727273,0.9999999999999998,1.1818181818181819,-0.18181818181818182,1.3636363636363638,0
2023-03-05,18:00,Santa Clara,Guimaraes,1.0,3.0,A,0.0,3.0,A,3.0,2.0,0.0,0.0,22-23,17,5,15,37,3,11,-16.0,0.0,22,22,74.0,85.0,6.0,6.0,19,7.0,6.0,1.0,2.2,2.0,1.2,0.4,37.0,12,1.0,-35.0,-16.0,0.6818181818181818,1.6818181818181819,-1.0,-0.7272727272727273,0.0,-0.7272727272727273,0
2023-03-05,15:30,Gil Vicente,Maritimo,2.0,0.0,H,1.0,0.0,H,3.0,3.0,0.0,0.0,22-23,12,16,26,16,7,4,-6.0,-23.0,22,22,56.0,68.0,3.0,6.0,20,5.0,10.0,1.2,1.0,30.0,1.2,1.8,15.0,-4,-5.0,15.0,17.0,1.1818181818181819,0.7272727272727273,0.4545454545454546,-0.2727272727272727,-1.0454545454545454,0.7727272727272727,0
2023-03-04,20:30,Chaves,Porto,1.0,3.0,A,0.0,2.0,A,9.0,5.0,2.0,0.0,22-23,13,2,26,51,6,16,-7.0,35.0,22,22,66.0,46.0,3.0,4.0,16,19.0,1.0,1.0,1.4,9.0,1.6,0.6,30.0,11,18.0,-21.0,-42.0,1.1818181818181819,2.3181818181818183,-1.1363636363636365,-0.3181818181818182,1.5909090909090908,-1.909090909090909,0
2023-03-04,18:00,Portimonense,Sp Lisbon,0.0,1.0,A,0.0,0.0,D,4.0,2.0,0.0,0.0,22-23,14,4,26,44,8,14,-10.0,22.0,22,22,65.0,66.0,2.0,2.0,3,12.0,2.0,1.0,1.4,18.0,2.4,0.8,36.0,10,10.0,-18.0,-32.0,1.1818181818181819,2.0,-0.8181818181818181,-0.45454545454545453,1.0,-1.4545454545454546,0
2023-03-04,15:30,Estoril,Vizela,0.0,3.0,A,0.0,2.0,A,3.0,0.0,0.0,0.0,22-23,15,11,22,26,6,7,-12.0,0.0,22,22,62.0,78.0,3.0,5.0,17,9.0,14.0,0.6,1.8,6.0,0.8,1.2,10.0,4,-5.0,-4.0,-12.0,1.0,1.1818181818181819,-0.18181818181818188,-0.5454545454545454,0.0,-0.5454545454545454,0
2023-03-03,21:15,Benfica,Famalicao,2.0,0.0,H,1.0,0.0,H,1.0,3.0,0.0,0.0,22-23,1,10,59,27,19,8,43.0,-7.0,22,22,44.0,55.0,3.0,3.0,6,3.0,8.0,2.6,0.2,45.0,1.2,1.2,30.0,-9,-5.0,15.0,50.0,2.6818181818181817,1.2272727272727273,1.4545454545454544,1.9545454545454546,-0.3181818181818182,2.272727272727273,0
2023-03-03,19:00,Boavista,Arouca,0.0,0.0,D,0.0,0.0,D,2.0,5.0,0.0,0.0,22-23,8,6,29,33,8,9,-8.0,-5.0,22,22,72.0,58.0,5.0,4.0,11,11.0,15.0,1.4,1.6,19.0,0.8,1.2,26.0,2,-4.0,-7.0,-3.0,1.3181818181818181,1.5,-0.18181818181818188,-0.36363636363636365,-0.22727272727272727,-0.13636363636363638,0
2023-02-27,21:15,Guimaraes,Sp Braga,2.0,1.0,H,2.0,0.0,H,6.0,4.0,1.0,2.0,22-23,5,3,34,49,10,16,-1.0,27.0,21,21,79.0,56.0,5.0,4.0,8,6.0,4.0,0.8,0.4,32.0,2.0,1.6,39.0,2,2.0,-7.0,-28.0,1.619047619047619,2.3333333333333335,-0.7142857142857144,-0.047619047619047616,1.2857142857142858,-1.3333333333333335,0
2023-02-27,19:00,Sp Lisbon,Estoril,2.0,0.0,H,1.0,0.0,H,0.0,0.0,0.0,0.0,22-23,4,15,41,22,13,6,20.0,-10.0,21,21,66.0,62.0,2.0,3.0,9,2.0,9.0,2.4,1.0,33.0,0.6,1.6,9.0,-11,-7.0,24.0,30.0,1.9523809523809523,1.0476190476190477,0.9047619047619047,0.9523809523809523,-0.47619047619047616,1.4285714285714284,0
2023-02-26,20:30,Porto,Gil Vicente,1.0,2.0,A,1.0,2.0,A,5.0,5.0,2.0,0.0,22-23,2,14,51,23,16,6,36.0,-7.0,21,21,41.0,51.0,2.0,3.0,7,1.0,5.0,1.6,0.2,45.0,1.4,1.0,23.0,-12,-4.0,22.0,43.0,2.4285714285714284,1.0952380952380953,1.333333333333333,1.7142857142857142,-0.3333333333333333,2.0476190476190474,0
2023-02-26,18:00,Pacos Ferreira,Boavista,1.0,3.0,A,0.0,1.0,A,4.0,7.0,0.0,0.0,22-23,18,13,12,26,3,7,-22.0,-10.0,21,21,69.0,65.0,7.0,5.0,13,13.0,11.0,1.2,1.4,24.0,1.6,1.8,9.0,5,2.0,15.0,-12.0,0.5714285714285714,1.2380952380952381,-0.6666666666666667,-1.0476190476190477,-0.47619047619047616,-0.5714285714285715,0
2023-02-26,15:30,Rio Ave,Chaves,1.0,0.0,H,0.0,0.0,D,5.0,3.0,0.0,0.0,22-23,13,10,24,26,6,6,-5.0,-6.0,21,21,61.0,63.0,3.0,3.0,4,19.0,19.0,0.6,1.0,13.0,1.2,1.4,14.0,3,0.0,-1.0,1.0,1.1428571428571428,1.2380952380952381,-0.09523809523809534,-0.23809523809523808,-0.2857142857142857,0.047619047619047616,0
2023-02-25,20:30,Vizela,Benfica,0.0,2.0,A,0.0,1.0,A,4.0,2.0,1.0,0.0,22-23,9,1,26,56,7,18,2.0,41.0,21,21,74.0,42.0,4.0,3.0,24,14.0,3.0,1.0,1.2,15.0,2.8,0.2,45.0,8,11.0,-30.0,-39.0,1.2380952380952381,2.6666666666666665,-1.4285714285714284,0.09523809523809523,1.9523809523809523,-1.8571428571428572,0
2023-02-25,18:00,Maritimo,Santa Clara,3.0,1.0,H,0.0,1.0,A,3.0,5.0,0.0,0.0,22-23,17,16,13,15,3,3,-25.0,-14.0,21,21,65.0,69.0,6.0,6.0,5,10.0,7.0,0.8,1.6,3.0,0.8,2.2,3.0,1,3.0,0.0,-11.0,0.6190476190476191,0.7142857142857143,-0.09523809523809523,-1.1904761904761905,-0.6666666666666666,-0.5238095238095238,0
2023-02-25,15:30,Arouca,Casa Pia,2.0,0.0,H,0.0,0.0,D,2.0,4.0,0.0,1.0,22-23,7,6,30,32,8,9,-7.0,-2.0,21,21,56.0,65.0,4.0,3.0,23,15.0,19.0,1.2,1.2,18.0,0.6,1.4,15.0,1,-4.0,3.0,-5.0,1.4285714285714286,1.5238095238095237,-0.09523809523809512,-0.3333333333333333,-0.09523809523809523,-0.23809523809523808,0
2023-02-24,20:15,Famalicao,Portimonense,1.0,0.0,H,0.0,0.0,D,1.0,3.0,1.0,0.0,22-23,13,10,24,26,7,8,-8.0,-9.0,21,21,54.0,62.0,2.0,2.0,21,8.0,12.0,1.0,1.2,22.0,1.0,2.0,24.0,3,-4.0,-2.0,1.0,1.1428571428571428,1.2380952380952381,-0.09523809523809534,-0.38095238095238093,-0.42857142857142855,0.047619047619047616,0
2023-02-20,21:15,Benfica,Boavista,3.0,1.0,H,0.0,0.0,D,1.0,5.0,0.0,0.0,22-23,1,10,53,26,17,7,39.0,-8.0,20,20,41.0,60.0,3.0,5.0,6,3.0,11.0,2.6,0.4,43.0,1.6,1.4,15.0,-9,-8.0,28.0,47.0,2.65,1.3,1.3499999999999999,1.95,-0.4,2.35,0
2023-02-20,19:00,Chaves,Sp Lisbon,2.0,3.0,A,1.0,1.0,D,2.0,3.0,0.0,0.0,22-23,9,4,26,38,6,12,-5.0,19.0,20,20,61.0,63.0,3.0,2.0,16,19.0,2.0,1.0,1.0,20.0,2.2,1.0,28.0,5,17.0,-8.0,-24.0,1.3,1.9,-0.5999999999999999,-0.25,0.95,-1.2,0
2023-02-19,20:30,Casa Pia,Guimaraes,0.0,0.0,D,0.0,0.0,D,3.0,2.0,0.0,0.0,22-23,6,5,31,33,9,10,-2.0,-1.0,20,20,62.0,77.0,3.0,5.0,25,19.0,6.0,0.6,1.8,14.0,1.0,0.8,36.0,1,13.0,-22.0,-1.0,1.55,1.65,-0.09999999999999987,-0.1,-0.05,-0.05,0
2023-02-19,18:00,Sp Braga,Arouca,2.0,0.0,H,1.0,0.0,H,1.0,4.0,0.0,0.0,22-23,3,7,46,30,15,8,25.0,-5.0,20,20,55.0,52.0,4.0,4.0,14,4.0,15.0,1.8,1.6,36.0,1.4,1.0,26.0,-4,-11.0,10.0,30.0,2.3,1.5,0.7999999999999998,1.25,-0.25,1.5,0
2023-02-19,15:30,Santa Clara,Famalicao,1.0,3.0,A,0.0,0.0,D,2.0,3.0,1.0,1.0,22-23,16,15,15,21,3,6,-12.0,-10.0,20,20,67.0,51.0,5.0,1.0,19,7.0,8.0,0.6,1.6,5.0,0.6,1.8,11.0,1,-1.0,-6.0,-2.0,0.75,1.05,-0.30000000000000004,-0.6,-0.5,-0.09999999999999998,0
2023-02-18,20:30,Porto,Rio Ave,1.0,0.0,H,1.0,0.0,H,2.0,3.0,0.0,0.0,22-23,2,12,48,24,15,6,35.0,-4.0,20,20,39.0,58.0,2.0,3.0,7,1.0,19.0,2.2,0.4,45.0,0.6,1.0,17.0,-10,-18.0,28.0,39.0,2.4,1.2,1.2,1.75,-0.2,1.95,0
2023-02-18,18:00,Portimonense,Maritimo,2.0,1.0,H,0.0,1.0,A,3.0,3.0,0.0,0.0,22-23,13,17,23,13,7,3,-10.0,-24.0,20,20,59.0,62.0,2.0,6.0,3,12.0,10.0,0.6,1.8,13.0,0.6,1.8,6.0,-4,2.0,7.0,14.0,1.15,0.65,0.4999999999999999,-0.5,-1.2,0.7,0
2023-02-18,18:00,Estoril,Pacos Ferreira,1.0,3.0,A,0.0,2.0,A,0.0,3.0,0.0,0.0,22-23,14,18,22,9,6,2,-8.0,-24.0,20,20,62.0,66.0,3.0,7.0,17,9.0,13.0,0.4,1.2,12.0,0.8,1.2,15.0,-4,-4.0,-3.0,16.0,1.1,0.45,0.6500000000000001,-0.4,-1.2,0.7999999999999999,0
2023-02-17,20:15,Gil Vicente,Vizela,1.0,1.0,D,0.0,0.0,D,5.0,4.0,1.0,0.0,22-23,13,10,22,25,6,7,-7.0,2.0,20,20,46.0,70.0,2.0,4.0,20,5.0,14.0,1.6,1.0,28.0,1.4,1.0,17.0,3,-9.0,11.0,-9.0,1.1,1.25,-0.1499999999999999,-0.35,0.1,-0.44999999999999996,0
2023-02-13,21:15,Boavista,Casa Pia,0.0,0.0,D,0.0,0.0,D,3.0,2.0,1.0,0.0,22-23,10,6,25,30,7,9,-8.0,-2.0,19,19,57.0,60.0,4.0,3.0,11,11.0,19.0,1.6,1.6,15.0,0.6,1.8,13.0,4,-8.0,2.0,-6.0,1.3157894736842106,1.5789473684210527,-0.26315789473684204,-0.42105263157894735,-0.10526315789473684,-0.3157894736842105,0
2023-02-13,19:00,Rio Ave,Estoril,2.0,0.0,H,0.0,0.0,D,4.0,2.0,0.0,0.0,22-23,14,12,21,22,5,6,-6.0,-6.0,19,19,54.0,60.0,3.0,3.0,4,19.0,9.0,0.2,1.0,4.0,0.8,0.8,18.0,2,10.0,-14.0,0.0,1.105263157894737,1.1578947368421053,-0.05263157894736836,-0.3157894736842105,-0.3157894736842105,0.0,0
2023-02-12,20:30,Maritimo,Sp Braga,1.0,2.0,A,1.0,2.0,A,3.0,3.0,1.0,0.0,22-23,17,3,13,43,3,14,-23.0,24.0,19,19,59.0,52.0,5.0,4.0,5,10.0,4.0,0.6,1.4,12.0,2.2,1.4,33.0,14,6.0,-21.0,-47.0,0.6842105263157895,2.263157894736842,-1.5789473684210527,-1.2105263157894737,1.263157894736842,-2.473684210526316,0
2023-02-12,18:00,Sp Lisbon,Porto,1.0,2.0,A,0.0,0.0,D,4.0,1.0,0.0,0.0,22-23,4,2,38,45,12,14,20.0,34.0,19,19,59.0,38.0,2.0,2.0,9,2.0,1.0,2.0,0.8,38.0,1.8,0.2,43.0,2,1.0,-5.0,-14.0,2.0,2.3684210526315788,-0.36842105263157876,1.0526315789473684,1.7894736842105263,-0.736842105263158,0
2023-02-12,15:30,Famalicao,Gil Vicente,0.0,1.0,A,0.0,0.0,D,1.0,6.0,0.0,0.0,22-23,14,15,21,19,6,5,-9.0,-8.0,19,19,50.0,40.0,1.0,2.0,21,8.0,5.0,1.0,1.8,18.0,1.4,1.2,20.0,-1,3.0,-2.0,-1.0,1.105263157894737,1.0,0.10526315789473695,-0.47368421052631576,-0.42105263157894735,-0.05263157894736842,0
2023-02-11,20:30,Guimaraes,Portimonense,1.0,0.0,H,1.0,0.0,H,2.0,2.0,0.0,0.0,22-23,6,11,30,23,9,7,-2.0,-9.0,19,19,75.0,57.0,5.0,2.0,8,6.0,12.0,0.8,0.8,28.0,0.6,1.8,17.0,-5,-6.0,11.0,7.0,1.5789473684210527,1.2105263157894737,0.368421052631579,-0.10526315789473684,-0.47368421052631576,0.3684210526315789,0
2023-02-11,18:00,Arouca,Santa Clara,1.0,0.0,H,0.0,0.0,D,2.0,4.0,0.0,0.0,22-23,7,16,27,15,7,3,-6.0,-11.0,19,19,50.0,63.0,4.0,5.0,23,15.0,7.0,1.6,1.0,19.0,0.6,2.2,7.0,-9,8.0,12.0,5.0,1.4210526315789473,0.7894736842105263,0.631578947368421,-0.3157894736842105,-0.5789473684210527,0.26315789473684215,0
2023-02-10,20:15,Vizela,Chaves,0.0,0.0,D,0.0,0.0,D,3.0,3.0,0.0,0.0,22-23,10,8,24,25,7,6,2.0,-5.0,19,19,67.0,58.0,4.0,3.0,24,14.0,19.0,1.6,1.4,18.0,1.2,1.2,21.0,2,-5.0,-3.0,7.0,1.263157894736842,1.3157894736842106,-0.052631578947368585,0.10526315789473684,-0.2631578947368421,0.3684210526315789,0
2023-02-09,18:00,Estoril,Boavista,2.0,1.0,H,0.0,1.0,A,2.0,2.0,0.0,1.0,22-23,14,9,19,25,5,7,-7.0,-7.0,18,18,58.0,55.0,3.0,3.0,17,9.0,11.0,0.4,1.0,6.0,1.6,1.2,23.0,5,-2.0,-17.0,0.0,1.0555555555555556,1.3888888888888888,-0.33333333333333326,-0.3888888888888889,-0.3888888888888889,0.0,0
2023-02-06,21:15,Rio Ave,Sp Lisbon,0.0,1.0,A,0.0,0.0,D,1.0,3.0,0.0,0.0,22-23,12,4,21,35,5,11,-5.0,19.0,18,18,53.0,56.0,3.0,2.0,4,19.0,2.0,0.4,1.0,7.0,2.4,0.8,33.0,8,17.0,-26.0,-24.0,1.1666666666666667,1.9444444444444444,-0.7777777777777777,-0.2777777777777778,1.0555555555555556,-1.3333333333333335,0
2023-02-06,19:00,Portimonense,Pacos Ferreira,1.0,0.0,H,0.0,0.0,D,1.0,3.0,0.0,1.0,22-23,13,18,20,9,6,2,-10.0,-23.0,18,19,56.0,63.0,2.0,6.0,3,12.0,13.0,0.6,2.2,3.0,1.0,1.2,22.0,-5,-1.0,-19.0,13.0,1.1111111111111112,0.47368421052631576,0.6374269005847955,-0.5555555555555556,-1.2105263157894737,0.6549707602339181,0
2023-02-05,20:30,Gil Vicente,Arouca,1.0,1.0,D,1.0,1.0,D,2.0,3.0,0.0,0.0,22-23,15,7,18,26,5,7,-8.0,-6.0,18,18,38.0,47.0,2.0,4.0,20,5.0,15.0,1.4,1.0,24.0,1.6,1.8,21.0,8,-10.0,3.0,-2.0,1.0,1.4444444444444444,-0.4444444444444444,-0.4444444444444444,-0.3333333333333333,-0.1111111111111111,0
2023-02-05,18:00,Porto,Vizela,2.0,0.0,H,1.0,0.0,H,2.0,2.0,0.0,0.0,22-23,3,10,42,24,13,7,32.0,4.0,18,18,36.0,65.0,2.0,4.0,7,1.0,14.0,2.4,0.4,41.0,2.2,1.0,27.0,-7,-13.0,14.0,28.0,2.3333333333333335,1.3333333333333333,1.0000000000000002,1.7777777777777777,0.2222222222222222,1.5555555555555554,0
2023-02-05,15:30,Sp Braga,Famalicao,4.0,1.0,H,1.0,0.0,H,3.0,3.0,0.0,0.0,22-23,3,12,40,21,13,6,21.0,-6.0,18,18,49.0,47.0,4.0,1.0,14,4.0,8.0,2.0,1.2,30.0,1.2,1.0,28.0,-9,-4.0,2.0,27.0,2.2222222222222223,1.1666666666666667,1.0555555555555556,1.1666666666666667,-0.3333333333333333,1.5,0
2023-02-05,15:30,Chaves,Maritimo,2.0,1.0,H,2.0,1.0,H,6.0,5.0,0.0,0.0,22-23,10,17,22,13,5,3,-6.0,-22.0,18,18,52.0,54.0,3.0,5.0,16,19.0,10.0,0.8,1.4,9.0,0.6,1.2,19.0,-7,9.0,-10.0,16.0,1.2222222222222223,0.7222222222222222,0.5000000000000001,-0.3333333333333333,-1.2222222222222223,0.8888888888888891,0
2023-02-04,20:30,Estoril,Guimaraes,0.0,1.0,A,0.0,1.0,A,1.0,1.0,0.0,0.0,22-23,14,6,19,27,5,8,-6.0,-3.0,17,18,57.0,74.0,3.0,5.0,17,9.0,6.0,0.6,1.4,9.0,0.6,1.4,17.0,8,3.0,-8.0,-3.0,1.1176470588235294,1.5,-0.38235294117647056,-0.35294117647058826,-0.16666666666666666,-0.1862745098039216,0
2023-02-04,18:00,Benfica,Casa Pia,3.0,0.0,H,2.0,0.0,H,0.0,1.0,0.0,0.0,22-23,1,5,50,30,16,9,36.0,1.0,19,18,41.0,59.0,3.0,3.0,6,3.0,19.0,2.2,0.4,41.0,1.0,1.4,20.0,-4,-16.0,21.0,35.0,2.6315789473684212,1.6666666666666667,0.9649122807017545,1.894736842105263,0.05555555555555555,1.8391812865497075,0
2023-02-04,15:30,Santa Clara,Boavista,2.0,2.0,D,0.0,1.0,A,2.0,3.0,0.0,0.0,22-23,16,9,14,24,3,7,-11.0,-7.0,18,17,61.0,52.0,5.0,3.0,19,7.0,11.0,0.2,2.0,3.0,1.4,1.6,25.0,7,-4.0,-22.0,-4.0,0.7777777777777778,1.411764705882353,-0.6339869281045752,-0.6111111111111112,-0.4117647058823529,-0.19934640522875824,0
2023-02-01,21:15,Sp Lisbon,Sp Braga,5.0,0.0,H,1.0,0.0,H,1.0,2.0,0.0,1.0,22-23,4,3,32,40,10,13,14.0,26.0,17,17,55.0,47.0,2.0,3.0,9,2.0,4.0,1.8,1.0,28.0,2.4,0.4,45.0,1,-2.0,-17.0,-12.0,1.8823529411764706,2.3529411764705883,-0.47058823529411775,0.8235294117647058,1.5294117647058822,-0.7058823529411764,0
2023-02-01,19:00,Maritimo,Porto,0.0,2.0,A,0.0,0.0,D,6.0,3.0,1.0,1.0,22-23,17,3,13,39,3,12,-20.0,30.0,17,17,48.0,33.0,4.0,1.0,5,10.0,1.0,0.6,1.0,26.0,2.8,0.6,39.0,14,9.0,-13.0,-50.0,0.7647058823529411,2.2941176470588234,-1.5294117647058822,-1.1764705882352942,1.7647058823529411,-2.9411764705882355,0
2023-01-31,21:15,Arouca,Benfica,0.0,3.0,A,0.0,1.0,A,3.0,1.0,0.0,0.0,22-23,7,1,26,47,7,15,-3.0,33.0,17,18,44.0,40.0,4.0,3.0,23,15.0,3.0,1.6,1.4,28.0,1.6,1.0,36.0,6,12.0,-8.0,-36.0,1.5294117647058822,2.611111111111111,-1.081699346405229,-0.17647058823529413,1.8333333333333333,-2.0098039215686274,0
2023-01-31,19:00,Pacos Ferreira,Gil Vicente,2.0,1.0,H,1.0,0.0,H,2.0,2.0,0.0,0.0,22-23,18,15,6,18,1,5,-24.0,-7.0,18,17,61.0,36.0,6.0,2.0,13,13.0,5.0,0.6,1.6,11.0,1.4,1.2,33.0,3,8.0,-22.0,-17.0,0.3333333333333333,1.0588235294117647,-0.7254901960784315,-1.3333333333333333,-0.4117647058823529,-0.9215686274509803,0
2023-01-30,20:15,Guimaraes,Chaves,2.0,1.0,H,1.0,0.0,H,3.0,3.0,0.0,0.0,22-23,8,10,24,22,7,5,-4.0,-5.0,17,17,71.0,49.0,5.0,3.0,8,6.0,19.0,0.4,1.2,6.0,1.0,1.2,15.0,-2,-13.0,-9.0,1.0,1.411764705882353,1.2941176470588236,0.11764705882352944,-0.23529411764705882,-0.29411764705882354,0.05882352941176472,0
2023-01-29,20:30,Famalicao,Estoril,1.0,0.0,H,0.0,0.0,D,3.0,4.0,0.0,0.0,22-23,15,13,18,19,5,5,-7.0,-5.0,17,16,44.0,53.0,1.0,3.0,21,8.0,9.0,1.2,1.4,20.0,0.8,2.2,12.0,2,-1.0,8.0,-2.0,1.0588235294117647,1.1875,-0.12867647058823528,-0.4117647058823529,-0.3125,-0.09926470588235292,0
2023-01-29,18:00,Boavista,Portimonense,4.0,2.0,H,0.0,0.0,D,2.0,2.0,0.0,0.0,22-23,11,12,21,20,6,6,-9.0,-8.0,16,17,50.0,54.0,3.0,2.0,11,11.0,12.0,0.6,1.4,14.0,0.4,1.8,4.0,-1,-1.0,10.0,-1.0,1.3125,1.1764705882352942,0.13602941176470584,-0.5625,-0.47058823529411764,-0.09191176470588236,0
2023-01-29,15:30,Vizela,Rio Ave,3.0,1.0,H,0.0,1.0,A,4.0,2.0,0.0,1.0,22-23,9,10,21,21,6,5,2.0,-3.0,17,17,61.0,51.0,4.0,2.0,24,14.0,19.0,2.0,0.8,21.0,0.4,0.4,13.0,-1,-5.0,8.0,5.0,1.2352941176470589,1.2352941176470589,0.0,0.11764705882352941,-0.17647058823529413,0.29411764705882354,0
2023-01-29,15:30,Casa Pia,Santa Clara,2.0,1.0,H,0.0,0.0,D,5.0,4.0,0.0,0.0,22-23,5,16,27,14,8,3,0.0,-10.0,17,17,54.0,57.0,3.0,5.0,25,19.0,7.0,0.8,1.6,9.0,0.6,1.8,7.0,-11,12.0,2.0,10.0,1.588235294117647,0.8235294117647058,0.7647058823529411,0.0,-0.5882352941176471,0.5882352941176471,0
2023-01-26,20:15,Pacos Ferreira,Benfica,0.0,2.0,A,0.0,2.0,A,0.0,2.0,0.0,0.0,22-23,18,1,6,44,1,14,-22.0,31.0,17,17,61.0,38.0,6.0,3.0,13,13.0,3.0,0.6,1.6,15.0,1.8,1.2,31.0,17,10.0,-16.0,-53.0,0.35294117647058826,2.588235294117647,-2.235294117647059,-1.2941176470588236,1.8235294117647058,-3.1176470588235294,0
2023-01-23,20:15,Boavista,Chaves,1.0,1.0,D,1.0,0.0,H,2.0,4.0,0.0,0.0,22-23,12,10,20,21,6,5,-9.0,-5.0,15,16,48.0,45.0,3.0,3.0,11,11.0,19.0,0.8,1.6,13.0,0.8,1.0,16.0,2,-8.0,-3.0,-4.0,1.3333333333333333,1.3125,0.02083333333333326,-0.6,-0.3125,-0.2875,0
2023-01-22,20:30,Famalicao,Rio Ave,0.0,0.0,D,0.0,0.0,D,0.0,3.0,0.0,0.0,22-23,15,10,17,20,5,5,-7.0,-3.0,16,16,44.0,48.0,1.0,2.0,21,8.0,19.0,1.2,1.4,22.0,0.6,0.4,16.0,5,-11.0,6.0,-4.0,1.0625,1.25,-0.1875,-0.4375,-0.1875,-0.25,0
2023-01-22,18:00,Casa Pia,Gil Vicente,1.0,3.0,A,0.0,0.0,D,2.0,1.0,0.0,0.0,22-23,5,15,27,15,8,4,2.0,-9.0,16,16,52.0,35.0,3.0,2.0,25,19.0,5.0,0.8,1.0,16.0,1.0,1.4,24.0,-10,14.0,-8.0,11.0,1.6875,0.9375,0.75,0.125,-0.5625,0.6875,0
2023-01-22,15:30,Maritimo,Estoril,1.0,0.0,H,1.0,0.0,H,8.0,2.0,1.0,0.0,22-23,17,13,10,19,2,5,-21.0,-4.0,16,15,40.0,51.0,3.0,3.0,5,10.0,9.0,0.4,1.0,16.0,1.0,2.2,16.0,4,1.0,0.0,-17.0,0.625,1.2666666666666666,-0.6416666666666666,-1.3125,-0.26666666666666666,-1.0458333333333334,0
2023-01-21,20:30,Guimaraes,Porto,0.0,1.0,A,0.0,1.0,A,6.0,4.0,0.0,0.0,22-23,7,3,24,36,7,11,-3.0,29.0,16,16,65.0,29.0,5.0,1.0,8,6.0,1.0,0.4,1.6,10.0,3.4,0.6,37.0,4,5.0,-27.0,-32.0,1.5,2.25,-0.75,-0.1875,1.8125,-2.0,0
2023-01-21,18:00,Santa Clara,Benfica,0.0,3.0,A,0.0,2.0,A,1.0,2.0,0.0,0.0,22-23,16,1,14,41,3,13,-7.0,28.0,16,16,56.0,36.0,5.0,3.0,19,7.0,3.0,0.6,1.2,12.0,2.2,1.4,26.0,15,4.0,-14.0,-35.0,0.875,2.5625,-1.6875,-0.4375,1.75,-2.1875,0
2023-01-21,15:30,Pacos Ferreira,Sp Braga,1.0,2.0,A,0.0,0.0,D,2.0,4.0,1.0,0.0,22-23,18,2,6,37,1,12,-21.0,25.0,16,16,59.0,43.0,5.0,3.0,13,13.0,4.0,0.4,2.0,19.0,2.0,0.4,42.0,16,9.0,-23.0,-46.0,0.375,2.3125,-1.9375,-1.3125,1.5625,-2.875,0
2023-01-20,21:15,Sp Lisbon,Vizela,2.0,1.0,H,0.0,0.0,D,2.0,1.0,0.0,0.0,22-23,4,8,29,21,9,6,13.0,3.0,16,16,53.0,60.0,2.0,4.0,9,2.0,14.0,2.0,0.8,23.0,1.8,0.6,30.0,-4,-12.0,-7.0,10.0,1.8125,1.3125,0.5,0.8125,0.1875,0.625,0
2023-01-20,19:00,Arouca,Portimonense,4.0,0.0,H,2.0,0.0,H,0.0,5.0,0.0,1.0,22-23,7,11,23,20,6,6,-7.0,-4.0,16,16,44.0,49.0,4.0,1.0,23,15.0,12.0,1.0,1.4,20.0,0.8,1.2,8.0,-4,3.0,12.0,-3.0,1.4375,1.25,0.1875,-0.4375,-0.25,-0.1875,0
2023-01-16,21:15,Gil Vicente,Guimaraes,2.0,1.0,H,1.0,1.0,D,2.0,4.0,0.0,1.0,22-23,16,6,12,24,3,7,-10.0,-2.0,15,15,33.0,61.0,2.0,4.0,20,5.0,6.0,0.6,1.4,12.0,0.8,1.6,17.0,10,-1.0,-5.0,-8.0,0.8,1.6,-0.8,-0.6666666666666666,-0.13333333333333333,-0.5333333333333333,0
2023-01-16,19:00,Estoril,Casa Pia,2.0,0.0,H,1.0,0.0,H,2.0,5.0,0.0,1.0,22-23,14,5,16,27,4,8,-6.0,4.0,14,15,49.0,47.0,3.0,2.0,17,9.0,19.0,0.6,2.6,2.0,1.0,0.6,26.0,9,-10.0,-24.0,-10.0,1.1428571428571428,1.8,-0.6571428571428573,-0.42857142857142855,0.26666666666666666,-0.6952380952380952,0
2023-01-15,20:30,Porto,Famalicao,4.0,1.0,H,3.0,0.0,H,3.0,1.0,0.0,0.0,22-23,3,13,33,17,10,5,26.0,-4.0,15,15,26.0,43.0,1.0,1.0,7,1.0,8.0,2.8,0.6,33.0,1.4,1.2,29.0,-10,-7.0,4.0,30.0,2.2,1.1333333333333333,1.0666666666666669,1.7333333333333334,-0.26666666666666666,2.0,0
2023-01-15,18:00,Benfica,Sp Lisbon,2.0,2.0,D,1.0,1.0,D,2.0,5.0,0.0,0.0,22-23,1,4,40,28,13,9,28.0,13.0,15,15,34.0,48.0,3.0,2.0,6,3.0,2.0,2.8,1.0,33.0,1.6,0.6,27.0,-3,1.0,6.0,15.0,2.6666666666666665,1.8666666666666667,0.7999999999999998,1.8666666666666667,0.8666666666666667,1.0,0
2023-01-15,15:30,Chaves,Arouca,1.0,1.0,D,1.0,0.0,H,0.0,1.0,0.0,1.0,22-23,11,7,20,22,5,6,-5.0,-7.0,15,15,45.0,43.0,3.0,3.0,16,19.0,15.0,0.6,1.8,16.0,1.0,1.2,24.0,4,4.0,-8.0,2.0,1.3333333333333333,1.4666666666666666,-0.1333333333333333,-0.3333333333333333,-0.4666666666666667,0.13333333333333336,0
2023-01-14,20:30,Sp Braga,Boavista,1.0,0.0,H,0.0,0.0,D,2.0,3.0,0.0,0.0,22-23,2,12,34,20,11,6,24.0,-8.0,15,14,41.0,45.0,3.0,3.0,14,4.0,11.0,2.0,0.4,39.0,1.2,2.0,17.0,-10,-7.0,22.0,32.0,2.2666666666666666,1.4285714285714286,0.838095238095238,1.6,-0.5714285714285714,2.1714285714285717,0
2023-01-14,18:00,Rio Ave,Pacos Ferreira,0.0,1.0,A,0.0,1.0,A,5.0,6.0,0.0,0.0,22-23,9,18,20,3,5,0,-2.0,-22.0,15,15,43.0,53.0,2.0,5.0,4,19.0,13.0,0.6,0.4,24.0,0.2,2.2,5.0,-9,6.0,19.0,20.0,1.3333333333333333,0.2,1.1333333333333333,-0.13333333333333333,-1.4666666666666666,1.3333333333333333,0
2023-01-14,15:30,Vizela,Maritimo,3.0,0.0,H,2.0,0.0,H,1.0,4.0,0.0,1.0,22-23,12,17,18,10,5,2,0.0,-18.0,15,15,59.0,36.0,4.0,2.0,24,14.0,10.0,1.6,1.0,22.0,0.6,0.4,24.0,-5,4.0,-2.0,18.0,1.2,0.6666666666666666,0.5333333333333333,0.0,-1.2,1.2,0
2023-01-13,20:15,Portimonense,Santa Clara,0.0,0.0,D,0.0,0.0,D,2.0,5.0,0.0,1.0,22-23,11,15,19,13,6,3,-4.0,-7.0,15,15,47.0,51.0,1.0,4.0,3,12.0,7.0,1.0,1.4,7.0,0.8,1.4,12.0,-4,5.0,-5.0,3.0,1.2666666666666666,0.8666666666666667,0.3999999999999999,-0.26666666666666666,-0.4666666666666667,0.2,0
2023-01-08,20:30,Boavista,Gil Vicente,1.0,0.0,H,1.0,0.0,H,4.0,2.0,1.0,0.0,22-23,13,16,17,12,5,3,-9.0,-9.0,13,14,41.0,31.0,2.0,2.0,11,11.0,5.0,1.2,2.2,4.0,0.8,1.8,15.0,-3,6.0,-11.0,0.0,1.3076923076923077,0.8571428571428571,0.4505494505494506,-0.6923076923076923,-0.6428571428571429,-0.049450549450549386,0
2023-01-08,18:00,Maritimo,Sp Lisbon,1.0,0.0,H,0.0,0.0,D,4.0,4.0,0.0,0.0,22-23,17,4,7,28,1,9,-19.0,14.0,14,14,32.0,44.0,2.0,2.0,5,10.0,2.0,0.6,0.6,15.0,2.2,0.6,39.0,13,8.0,-24.0,-33.0,0.5,2.0,-1.5,-1.3571428571428572,1.0,-2.357142857142857,0
2023-01-08,15:30,Pacos Ferreira,Chaves,1.0,1.0,D,0.0,0.0,D,6.0,5.0,0.0,0.0,22-23,18,10,2,19,0,5,-22.0,-5.0,14,14,47.0,40.0,5.0,3.0,13,13.0,19.0,0.2,2.4,0.0,1.0,1.8,18.0,8,-6.0,-18.0,-17.0,0.14285714285714285,1.3571428571428572,-1.2142857142857144,-1.5714285714285714,-0.35714285714285715,-1.2142857142857142,0
2023-01-07,20:30,Casa Pia,Porto,0.0,0.0,D,0.0,0.0,D,3.0,0.0,1.0,0.0,22-23,5,3,26,32,8,10,4.0,26.0,14,14,44.0,26.0,1.0,1.0,25,19.0,1.0,1.2,1.2,30.0,2.8,0.8,38.0,2,18.0,-8.0,-22.0,1.8571428571428572,2.2857142857142856,-0.4285714285714284,0.2857142857142857,1.8571428571428572,-1.5714285714285716,0
2023-01-07,18:00,Guimaraes,Rio Ave,0.0,0.0,D,0.0,0.0,D,3.0,2.0,0.0,0.0,22-23,6,8,23,19,7,5,-2.0,-2.0,14,14,58.0,41.0,4.0,2.0,8,6.0,19.0,1.4,2.0,21.0,0.8,0.4,29.0,-2,-13.0,-8.0,0.0,1.6428571428571428,1.3571428571428572,0.2857142857142856,-0.14285714285714285,-0.14285714285714285,0.0,0
2023-01-07,15:30,Arouca,Estoril,2.0,0.0,H,1.0,0.0,H,2.0,1.0,0.0,0.0,22-23,10,14,19,16,5,4,-9.0,-4.0,14,13,41.0,48.0,3.0,3.0,23,15.0,9.0,0.8,1.4,16.0,0.8,2.2,6.0,-4,6.0,10.0,-5.0,1.3571428571428572,1.2307692307692308,0.12637362637362637,-0.6428571428571429,-0.3076923076923077,-0.3351648351648352,0
2023-01-06,21:15,Famalicao,Vizela,2.0,1.0,H,1.0,0.0,H,3.0,6.0,0.0,0.0,22-23,14,11,14,18,4,5,-5.0,1.0,14,14,40.0,53.0,1.0,4.0,21,8.0,14.0,1.4,1.2,21.0,1.4,0.8,29.0,3,-6.0,-8.0,-6.0,1.0,1.2857142857142858,-0.2857142857142858,-0.35714285714285715,0.07142857142857142,-0.4285714285714286,0
2023-01-06,19:00,Benfica,Portimonense,1.0,0.0,H,1.0,0.0,H,0.0,2.0,0.0,0.0,22-23,1,8,37,19,12,6,27.0,-3.0,14,14,34.0,45.0,3.0,1.0,6,3.0,12.0,2.8,1.0,30.0,1.0,1.4,11.0,-7,-9.0,19.0,30.0,2.642857142857143,1.3571428571428572,1.2857142857142856,1.9285714285714286,-0.21428571428571427,2.142857142857143,0
2023-01-05,20:15,Santa Clara,Sp Braga,0.0,4.0,A,0.0,2.0,A,1.0,1.0,0.0,0.0,22-23,15,3,13,31,3,10,-3.0,20.0,14,14,50.0,40.0,4.0,3.0,19,7.0,4.0,1.0,0.6,20.0,1.6,0.4,36.0,12,3.0,-16.0,-23.0,0.9285714285714286,2.2142857142857144,-1.2857142857142858,-0.21428571428571427,1.4285714285714286,-1.6428571428571428,0
2022-12-30,21:15,Sp Braga,Benfica,3.0,0.0,H,2.0,0.0,H,1.0,3.0,0.0,0.0,22-23,3,1,28,37,9,12,17.0,30.0,13,13,39.0,31.0,3.0,3.0,14,4.0,3.0,1.0,0.6,30.0,3.6,0.8,45.0,2,1.0,-15.0,-13.0,2.1538461538461537,2.8461538461538463,-0.6923076923076925,1.3076923076923077,2.3076923076923075,-0.9999999999999998,0
2022-12-30,19:00,Vizela,Guimaraes,3.0,0.0,H,1.0,0.0,H,5.0,3.0,0.0,0.0,22-23,13,6,15,23,4,7,-2.0,1.0,13,13,48.0,55.0,4.0,4.0,24,14.0,6.0,1.0,0.8,21.0,1.6,1.4,33.0,7,8.0,-12.0,-3.0,1.1538461538461537,1.7692307692307692,-0.6153846153846154,-0.15384615384615385,0.07692307692307693,-0.23076923076923078,0
2022-12-30,17:00,Chaves,Famalicao,0.0,2.0,A,0.0,1.0,A,4.0,5.0,0.0,0.0,22-23,9,16,19,11,5,3,-3.0,-7.0,13,13,36.0,35.0,3.0,1.0,16,19.0,8.0,1.2,1.4,28.0,1.2,2.0,10.0,-7,11.0,18.0,4.0,1.4615384615384615,0.8461538461538461,0.6153846153846153,-0.23076923076923078,-0.5384615384615384,0.30769230769230765,0
2022-12-29,21:15,Sp Lisbon,Pacos Ferreira,3.0,0.0,H,3.0,0.0,H,1.0,4.0,1.0,0.0,22-23,5,18,25,2,8,0,11.0,-19.0,13,13,43.0,43.0,1.0,5.0,9,2.0,13.0,2.0,0.8,36.0,0.2,2.0,0.0,-13,-11.0,36.0,30.0,1.9230769230769231,0.15384615384615385,1.7692307692307692,0.8461538461538461,-1.4615384615384615,2.3076923076923075,0
2022-12-29,17:00,Gil Vicente,Santa Clara,1.0,0.0,H,1.0,0.0,H,3.0,2.0,0.0,0.0,22-23,16,14,9,13,2,3,-10.0,-2.0,13,13,28.0,48.0,2.0,4.0,20,5.0,7.0,0.6,2.0,0.0,1.2,0.8,28.0,2,-2.0,-28.0,-8.0,0.6923076923076923,1.0,-0.3076923076923077,-0.7692307692307693,-0.15384615384615385,-0.6153846153846154,0
2022-12-28,21:15,Porto,Arouca,5.0,1.0,H,3.0,0.0,H,1.0,3.0,0.0,0.0,22-23,2,10,29,19,9,5,22.0,-5.0,13,13,25.0,38.0,1.0,3.0,7,1.0,15.0,2.2,0.6,33.0,1.4,0.6,26.0,-8,-14.0,7.0,27.0,2.230769230769231,1.4615384615384615,0.7692307692307694,1.6923076923076923,-0.38461538461538464,2.076923076923077,0
2022-12-28,19:00,Portimonense,Casa Pia,1.0,2.0,A,1.0,1.0,D,4.0,3.0,0.0,0.0,22-23,7,5,19,23,6,7,-2.0,3.0,13,13,41.0,41.0,1.0,1.0,3,12.0,19.0,0.8,1.4,15.0,0.8,1.2,21.0,2,-7.0,-6.0,-5.0,1.4615384615384615,1.7692307692307692,-0.3076923076923077,-0.15384615384615385,0.23076923076923078,-0.38461538461538464,0
2022-12-23,20:15,Rio Ave,Maritimo,1.0,1.0,D,1.0,1.0,D,1.0,1.0,0.0,0.0,22-23,10,17,18,6,5,1,-2.0,-19.0,13,13,40.0,31.0,2.0,2.0,4,19.0,10.0,1.0,1.0,33.0,0.6,0.6,16.0,-7,9.0,17.0,17.0,1.3846153846153846,0.46153846153846156,0.923076923076923,-0.15384615384615385,-1.4615384615384615,1.3076923076923075,0
2022-11-14,20:15,Santa Clara,Estoril,3.0,1.0,H,2.0,1.0,H,3.0,1.0,0.0,0.0,22-23,15,12,10,16,2,4,-4.0,-2.0,12,12,45.0,47.0,4.0,3.0,19,7.0,9.0,0.6,0.8,18.0,0.8,1.8,11.0,3,-2.0,7.0,-2.0,0.8333333333333334,1.3333333333333333,-0.4999999999999999,-0.3333333333333333,-0.16666666666666666,-0.16666666666666666,3
2022-11-13,20:30,Famalicao,Sp Lisbon,1.0,2.0,A,0.0,2.0,A,4.0,7.0,0.0,0.0,22-23,14,6,11,22,3,7,-6.0,10.0,12,12,31.0,36.0,1.0,1.0,21,8.0,2.0,1.8,1.6,17.0,2.2,0.8,33.0,8,6.0,-16.0,-16.0,0.9166666666666666,1.8333333333333333,-0.9166666666666666,-0.5,0.8333333333333334,-1.3333333333333335,3
2022-11-13,18:00,Portimonense,Sp Braga,1.0,2.0,A,1.0,0.0,H,2.0,5.0,0.0,2.0,22-23,7,3,19,25,6,8,-1.0,16.0,12,12,39.0,34.0,1.0,1.0,3,12.0,4.0,0.6,1.2,19.0,0.8,1.2,21.0,4,8.0,-2.0,-17.0,1.5833333333333333,2.0833333333333335,-0.5000000000000002,-0.08333333333333333,1.3333333333333333,-1.4166666666666665,3
2022-11-13,18:00,Casa Pia,Chaves,1.0,2.0,A,1.0,0.0,H,4.0,1.0,0.0,0.0,22-23,4,12,23,16,7,4,4.0,-4.0,12,12,37.0,35.0,1.0,3.0,25,19.0,19.0,1.0,1.0,30.0,1.0,1.4,21.0,-8,0.0,9.0,8.0,1.9166666666666667,1.3333333333333333,0.5833333333333335,0.3333333333333333,-0.3333333333333333,0.6666666666666666,3
2022-11-13,18:00,Benfica,Gil Vicente,3.0,1.0,H,2.0,1.0,H,1.0,1.0,0.0,0.0,22-23,1,16,34,9,11,2,28.0,-8.0,12,12,30.0,27.0,3.0,2.0,6,3.0,5.0,3.0,0.6,43.0,0.6,2.0,0.0,-15,-2.0,43.0,36.0,2.8333333333333335,0.75,2.0833333333333335,2.3333333333333335,-0.6666666666666666,3.0,3
2022-11-13,15:30,Pacos Ferreira,Vizela,0.0,2.0,A,0.0,0.0,D,1.0,4.0,0.0,0.0,22-23,18,13,2,12,0,3,-17.0,-4.0,12,12,42.0,44.0,5.0,4.0,13,13.0,14.0,0.4,1.8,1.0,0.8,0.8,13.0,5,-1.0,-12.0,-13.0,0.16666666666666666,1.0,-0.8333333333333334,-1.4166666666666667,-0.3333333333333333,-1.0833333333333335,3
2022-11-13,15:30,Guimaraes,Maritimo,1.0,0.0,H,0.0,0.0,D,1.0,2.0,0.0,0.0,22-23,6,17,20,6,6,1,0.0,-18.0,12,12,54.0,29.0,4.0,2.0,8,6.0,10.0,1.4,1.4,28.0,0.8,0.8,22.0,-11,-4.0,6.0,18.0,1.6666666666666667,0.5,1.1666666666666667,0.0,-1.5,1.5,3
2022-11-12,20:30,Boavista,Porto,1.0,4.0,A,0.0,1.0,A,5.0,1.0,1.0,0.0,22-23,10,2,17,26,5,8,-6.0,19.0,12,12,36.0,24.0,1.0,1.0,11,11.0,1.0,1.0,2.2,6.0,2.2,0.6,28.0,8,10.0,-22.0,-25.0,1.4166666666666667,2.1666666666666665,-0.7499999999999998,-0.5,1.5833333333333333,-2.083333333333333,3
2022-11-12,18:00,Arouca,Rio Ave,0.0,1.0,A,0.0,0.0,D,5.0,4.0,0.0,0.0,22-23,8,12,19,15,5,4,-4.0,-3.0,12,12,33.0,36.0,3.0,2.0,23,15.0,19.0,1.6,0.6,37.0,1.0,1.0,27.0,-4,-4.0,10.0,-1.0,1.5833333333333333,1.25,0.33333333333333326,-0.3333333333333333,-0.25,-0.08333333333333331,3
2022-11-07,20:15,Chaves,Santa Clara,0.0,0.0,D,0.0,0.0,D,4.0,4.0,0.0,0.0,22-23,12,15,15,9,4,2,-4.0,-4.0,11,11,31.0,41.0,3.0,4.0,16,19.0,7.0,1.0,1.6,23.0,0.8,1.0,18.0,-3,12.0,5.0,0.0,1.3636363636363635,0.8181818181818182,0.5454545454545453,-0.36363636363636365,-0.36363636363636365,0.0,3
2022-11-06,20:30,Estoril,Benfica,1.0,5.0,A,0.0,3.0,A,0.0,0.0,0.0,0.0,22-23,10,1,16,31,4,10,2.0,24.0,11,11,47.0,30.0,3.0,3.0,17,9.0,3.0,0.8,1.0,17.0,3.0,0.4,41.0,9,6.0,-24.0,-22.0,1.4545454545454546,2.8181818181818183,-1.3636363636363638,0.18181818181818182,2.1818181818181817,-1.9999999999999998,3
2022-11-06,18:00,Sp Braga,Casa Pia,0.0,1.0,A,0.0,1.0,A,2.0,3.0,0.0,0.0,22-23,3,5,25,20,8,6,17.0,3.0,11,11,32.0,34.0,1.0,1.0,14,4.0,19.0,1.2,1.0,30.0,1.0,1.0,24.0,-2,-15.0,6.0,14.0,2.272727272727273,1.8181818181818181,0.4545454545454548,1.5454545454545454,0.2727272727272727,1.2727272727272727,3
2022-11-06,18:00,Maritimo,Famalicao,0.0,0.0,D,0.0,0.0,D,2.0,2.0,0.0,0.0,22-23,17,14,5,10,1,3,-18.0,-6.0,11,11,27.0,29.0,2.0,1.0,5,10.0,8.0,0.8,1.8,22.0,1.8,1.8,18.0,3,2.0,4.0,-12.0,0.45454545454545453,0.9090909090909091,-0.45454545454545453,-1.6363636363636365,-0.5454545454545454,-1.090909090909091,3
2022-11-06,15:30,Rio Ave,Boavista,1.0,0.0,H,0.0,0.0,D,3.0,2.0,0.0,0.0,22-23,12,9,12,17,3,5,-4.0,-5.0,11,11,33.0,34.0,2.0,1.0,4,19.0,11.0,1.2,1.4,19.0,1.4,2.2,11.0,3,8.0,8.0,1.0,1.0909090909090908,1.5454545454545454,-0.4545454545454546,-0.36363636363636365,-0.45454545454545453,0.09090909090909088,3
2022-11-05,20:30,Sp Lisbon,Guimaraes,3.0,0.0,H,2.0,0.0,H,1.0,5.0,0.0,1.0,22-23,6,4,19,20,6,6,7.0,3.0,11,11,35.0,49.0,1.0,3.0,9,2.0,6.0,1.8,1.2,27.0,1.8,1.2,39.0,2,-4.0,-12.0,4.0,1.7272727272727273,1.8181818181818181,-0.09090909090909083,0.6363636363636364,0.2727272727272727,0.36363636363636365,3
2022-11-05,18:00,Porto,Pacos Ferreira,4.0,0.0,H,3.0,0.0,H,2.0,3.0,0.0,0.0,22-23,3,18,23,2,7,0,15.0,-13.0,11,11,22.0,39.0,1.0,5.0,7,1.0,13.0,1.6,0.8,21.0,0.6,1.2,3.0,-15,-12.0,18.0,28.0,2.090909090909091,0.18181818181818182,1.909090909090909,1.3636363636363635,-1.1818181818181819,2.5454545454545454,3
2022-11-05,15:30,Vizela,Arouca,0.0,1.0,A,0.0,1.0,A,1.0,4.0,0.0,0.0,22-23,12,10,12,16,3,4,-3.0,-5.0,11,11,43.0,29.0,4.0,3.0,24,14.0,15.0,0.8,1.0,20.0,1.8,1.0,31.0,2,-1.0,-11.0,2.0,1.0909090909090908,1.4545454545454546,-0.36363636363636376,-0.2727272727272727,-0.45454545454545453,0.18181818181818182,3
2022-11-04,20:15,Gil Vicente,Portimonense,1.0,2.0,A,1.0,1.0,D,2.0,1.0,0.0,0.0,22-23,16,9,9,16,2,5,-7.0,-2.0,11,11,25.0,38.0,2.0,1.0,20,5.0,12.0,0.8,2.0,1.0,0.4,1.0,8.0,7,-7.0,-7.0,-5.0,0.8181818181818182,1.4545454545454546,-0.6363636363636364,-0.6363636363636364,-0.18181818181818182,-0.45454545454545453,3
2022-10-31,20:15,Guimaraes,Famalicao,3.0,2.0,H,1.0,0.0,H,4.0,5.0,0.0,0.0,22-23,6,14,17,10,5,3,2.0,-5.0,10,10,45.0,24.0,3.0,1.0,8,6.0,8.0,1.4,0.8,35.0,1.4,1.4,24.0,-8,-2.0,11.0,7.0,1.7,1.0,0.7,0.2,-0.5,0.7,3
2022-10-30,20:30,Gil Vicente,Sp Braga,0.0,1.0,A,0.0,0.0,D,4.0,3.0,0.0,0.0,22-23,16,3,9,22,2,7,-6.0,16.0,10,10,21.0,29.0,2.0,1.0,20,5.0,4.0,1.2,2.0,5.0,1.6,1.4,24.0,13,1.0,-19.0,-22.0,0.9,2.2,-1.3000000000000003,-0.6,1.6,-2.2,3
2022-10-30,18:00,Casa Pia,Rio Ave,1.0,0.0,H,0.0,0.0,D,2.0,3.0,0.0,0.0,22-23,5,12,17,12,5,3,2.0,-3.0,10,10,32.0,30.0,1.0,2.0,25,19.0,19.0,1.4,1.4,18.0,1.6,1.8,26.0,-7,0.0,-8.0,5.0,1.7,1.2,0.5,0.2,-0.3,0.5,3
2022-10-30,15:30,Portimonense,Estoril,1.0,1.0,D,0.0,1.0,A,5.0,7.0,0.0,1.0,22-23,10,9,15,15,5,4,-2.0,2.0,10,10,33.0,40.0,1.0,2.0,3,12.0,9.0,0.2,1.6,6.0,0.8,0.8,20.0,1,3.0,-14.0,-4.0,1.5,1.5,0.0,-0.2,0.2,-0.4,3
2022-10-30,15:30,Boavista,Vizela,2.0,2.0,D,1.0,2.0,A,3.0,7.0,0.0,1.0,22-23,9,13,16,11,5,3,-5.0,-3.0,10,10,31.0,36.0,1.0,3.0,11,11.0,14.0,1.4,2.0,13.0,0.4,0.8,21.0,-4,-3.0,-8.0,-2.0,1.6,1.1,0.5,-0.5,-0.3,-0.2,3
2022-10-29,20:30,Arouca,Sp Lisbon,1.0,0.0,H,0.0,0.0,D,5.0,3.0,0.0,0.0,22-23,11,4,13,19,3,6,-6.0,8.0,10,10,24.0,32.0,3.0,1.0,23,15.0,2.0,1.8,1.4,22.0,2.6,1.0,39.0,7,13.0,-17.0,-14.0,1.3,1.9,-0.5999999999999999,-0.6,0.8,-1.4,3
2022-10-29,18:00,Benfica,Chaves,5.0,0.0,H,3.0,0.0,H,2.0,2.0,0.0,0.0,22-23,1,9,28,15,9,4,19.0,1.0,10,10,28.0,29.0,3.0,3.0,6,3.0,19.0,2.2,0.4,39.0,1.0,1.2,30.0,-8,-16.0,9.0,18.0,2.8,1.5,1.2999999999999998,1.9,0.1,1.7999999999999998,3
2022-10-29,15:30,Santa Clara,Porto,1.0,1.0,D,0.0,1.0,A,4.0,1.0,0.0,0.0,22-23,16,3,8,22,2,7,-4.0,15.0,10,10,37.0,21.0,4.0,1.0,19,7.0,1.0,0.6,1.0,17.0,2.0,0.6,26.0,13,6.0,-9.0,-19.0,0.8,2.2,-1.4000000000000001,-0.4,1.5,-1.9,3
2022-10-28,20:15,Pacos Ferreira,Maritimo,0.0,1.0,A,0.0,1.0,A,2.0,4.0,0.0,0.0,22-23,17,18,2,2,0,0,-12.0,-19.0,10,10,37.0,23.0,5.0,2.0,13,13.0,10.0,1.0,1.6,5.0,0.8,2.2,9.0,-1,3.0,-4.0,7.0,0.2,0.2,0.0,-1.2,-1.9,0.7,3
2022-10-24,20:15,Rio Ave,Portimonense,1.0,0.0,H,1.0,0.0,H,3.0,1.0,0.0,1.0,22-23,14,10,9,15,2,5,-4.0,-1.0,9,9,27.0,32.0,2.0,0.0,4,19.0,12.0,1.6,2.0,16.0,0.4,1.4,12.0,4,7.0,4.0,-3.0,1.0,1.6666666666666667,-0.6666666666666667,-0.4444444444444444,-0.1111111111111111,-0.3333333333333333,3
2022-10-23,20:30,Guimaraes,Boavista,3.0,2.0,H,1.0,1.0,D,3.0,6.0,0.0,1.0,22-23,10,6,14,16,4,5,1.0,-4.0,9,9,42.0,25.0,3.0,0.0,8,6.0,11.0,0.8,0.6,28.0,1.2,1.4,23.0,4,-5.0,5.0,5.0,1.5555555555555556,1.7777777777777777,-0.2222222222222221,0.1111111111111111,-0.4444444444444444,0.5555555555555556,3
2022-10-23,18:00,Chaves,Gil Vicente,3.0,1.0,H,0.0,1.0,A,1.0,2.0,0.0,1.0,22-23,11,15,12,9,3,2,-1.0,-4.0,9,9,28.0,19.0,3.0,1.0,16,19.0,5.0,0.6,1.2,20.0,1.0,1.8,9.0,-4,14.0,11.0,3.0,1.3333333333333333,1.0,0.33333333333333326,-0.1111111111111111,-0.4444444444444444,0.3333333333333333,3
2022-10-23,15:30,Vizela,Santa Clara,0.0,1.0,A,0.0,0.0,D,3.0,5.0,1.0,0.0,22-23,12,16,11,5,3,1,-2.0,-5.0,9,9,33.0,32.0,2.0,4.0,24,14.0,7.0,0.6,1.0,27.0,0.8,1.2,6.0,-4,7.0,21.0,3.0,1.2222222222222223,0.5555555555555556,0.6666666666666667,-0.2222222222222222,-0.5555555555555556,0.33333333333333337,3
2022-10-23,15:30,Maritimo,Arouca,1.0,1.0,D,1.0,1.0,D,1.0,3.0,0.0,0.0,22-23,18,11,1,12,0,3,-19.0,-6.0,9,9,22.0,21.0,2.0,3.0,5,10.0,15.0,0.8,2.4,5.0,1.6,1.2,23.0,7,-5.0,-18.0,-13.0,0.1111111111111111,1.3333333333333333,-1.222222222222222,-2.111111111111111,-0.6666666666666666,-1.4444444444444446,3
2022-10-22,20:30,Sp Lisbon,Casa Pia,3.0,1.0,H,0.0,1.0,A,2.0,5.0,0.0,0.0,22-23,5,4,16,17,5,5,6.0,4.0,9,9,30.0,27.0,1.0,1.0,9,2.0,19.0,2.4,0.8,36.0,1.2,0.8,28.0,1,-17.0,8.0,2.0,1.7777777777777777,1.8888888888888888,-0.11111111111111116,0.6666666666666666,0.4444444444444444,0.2222222222222222,3
2022-10-22,18:00,Estoril,Sp Braga,0.0,2.0,A,0.0,2.0,A,3.0,1.0,0.0,0.0,22-23,7,3,15,19,4,6,4.0,14.0,9,9,37.0,28.0,2.0,1.0,17,9.0,4.0,0.8,0.8,28.0,1.4,1.4,18.0,4,5.0,10.0,-10.0,1.6666666666666667,2.111111111111111,-0.4444444444444444,0.4444444444444444,1.5555555555555556,-1.1111111111111112,3
2022-10-22,15:30,Famalicao,Pacos Ferreira,2.0,1.0,H,1.0,1.0,D,2.0,3.0,0.0,0.0,22-23,15,17,7,2,2,0,-6.0,-11.0,9,9,22.0,34.0,1.0,5.0,21,8.0,13.0,1.0,1.4,12.0,0.8,1.4,7.0,-2,-5.0,5.0,5.0,0.7777777777777778,0.2222222222222222,0.5555555555555556,-0.6666666666666666,-1.2222222222222223,0.5555555555555557,3
2022-10-21,20:15,Porto,Benfica,0.0,1.0,A,0.0,0.0,D,5.0,7.0,1.0,0.0,22-23,2,1,22,25,7,8,16.0,18.0,9,9,16.0,21.0,0.0,3.0,7,1.0,3.0,2.4,0.4,39.0,2.4,0.6,37.0,1,-2.0,2.0,-2.0,2.4444444444444446,2.7777777777777777,-0.33333333333333304,1.7777777777777777,2.0,-0.22222222222222232,3
2022-10-10,20:15,Arouca,Famalicao,4.0,1.0,H,1.0,1.0,D,0.0,4.0,0.0,0.0,22-23,14,15,9,7,2,2,-9.0,-3.0,8,8,21.0,18.0,3.0,1.0,23,15.0,8.0,0.8,2.2,11.0,1.0,0.6,18.0,-1,7.0,-7.0,-6.0,1.125,0.875,0.25,-1.125,-0.375,-0.75,3
2022-10-09,20:30,Sp Braga,Chaves,0.0,1.0,A,0.0,1.0,A,6.0,5.0,0.0,0.0,22-23,3,11,19,9,6,2,15.0,-2.0,8,8,22.0,23.0,1.0,3.0,14,4.0,19.0,2.6,1.2,30.0,0.8,1.2,10.0,-8,-15.0,20.0,17.0,2.375,1.125,1.25,1.875,-0.25,2.125,3
2022-10-09,18:00,Casa Pia,Vizela,0.0,1.0,A,0.0,0.0,D,3.0,1.0,0.0,0.0,22-23,4,14,17,8,5,2,5.0,-3.0,8,8,24.0,32.0,1.0,2.0,25,19.0,14.0,1.4,0.6,41.0,0.8,1.4,16.0,-10,5.0,25.0,8.0,2.125,1.0,1.125,0.625,-0.375,1.0,3
2022-10-09,15:30,Boavista,Maritimo,1.0,1.0,D,1.0,0.0,H,2.0,5.0,0.0,0.0,22-23,8,18,15,0,5,0,-4.0,-19.0,8,8,23.0,17.0,0.0,2.0,11,11.0,10.0,1.0,1.8,27.0,0.6,2.4,0.0,-10,1.0,27.0,15.0,1.875,0.0,1.875,-0.5,-2.375,1.875,3
2022-10-08,20:30,Pacos Ferreira,Guimaraes,0.0,1.0,A,0.0,1.0,A,7.0,7.0,2.0,1.0,22-23,17,9,2,11,0,3,-10.0,0.0,8,8,27.0,35.0,3.0,2.0,13,13.0,6.0,1.2,1.8,9.0,0.6,0.8,18.0,8,7.0,-9.0,-10.0,0.25,1.375,-1.125,-1.25,0.0,-1.25,3
2022-10-08,18:00,Portimonense,Porto,0.0,2.0,A,0.0,1.0,A,4.0,2.0,0.0,0.0,22-23,7,3,15,19,5,6,1.0,14.0,8,8,28.0,14.0,0.0,0.0,3,12.0,1.0,0.6,1.0,21.0,2.2,1.0,34.0,4,11.0,-13.0,-13.0,1.875,2.375,-0.5,0.125,1.75,-1.625,3
2022-10-08,18:00,Benfica,Rio Ave,4.0,2.0,H,3.0,1.0,H,1.0,2.0,0.0,0.0,22-23,2,10,22,9,7,2,16.0,-2.0,8,8,20.0,25.0,3.0,2.0,6,3.0,19.0,2.2,0.6,35.0,1.8,1.4,24.0,-8,-16.0,11.0,18.0,2.75,1.125,1.625,2.0,-0.25,2.25,3
2022-10-08,15:30,Santa Clara,Sp Lisbon,1.0,2.0,A,0.0,1.0,A,4.0,3.0,0.0,0.0,22-23,16,8,5,13,1,4,-4.0,5.0,8,8,28.0,27.0,4.0,1.0,19,7.0,2.0,0.6,1.0,10.0,2.0,1.0,30.0,8,5.0,-20.0,-9.0,0.625,1.625,-1.0,-0.5,0.625,-1.125,3
2022-10-07,20:15,Gil Vicente,Estoril,0.0,1.0,A,0.0,0.0,D,4.0,4.0,0.0,0.0,22-23,12,8,9,12,2,3,-3.0,3.0,8,8,15.0,33.0,1.0,2.0,20,5.0,9.0,1.4,2.0,14.0,1.2,0.8,21.0,4,-4.0,-7.0,-6.0,1.125,1.5,-0.375,-0.375,0.375,-0.75,3
2022-10-03,20:15,Maritimo,Casa Pia,1.0,2.0,A,1.0,1.0,D,2.0,4.0,1.0,1.0,22-23,18,6,0,14,0,4,-18.0,4.0,7,7,15.0,20.0,1.0,0.0,5,10.0,19.0,0.4,3.0,0.0,1.4,0.4,39.0,12,-9.0,-39.0,-22.0,0.0,2.0,-2.0,-2.5714285714285716,0.5714285714285714,-3.1428571428571432,3
2022-10-02,20:30,Famalicao,Boavista,4.0,0.0,H,2.0,0.0,H,1.0,3.0,0.0,0.0,22-23,16,5,4,15,1,5,-7.0,0.0,7,7,17.0,20.0,1.0,0.0,21,8.0,11.0,0.2,0.6,7.0,1.0,1.4,36.0,11,-3.0,-29.0,-7.0,0.5714285714285714,2.142857142857143,-1.5714285714285714,-1.0,0.0,-1.0,3
2022-10-02,18:00,Pacos Ferreira,Arouca,1.0,1.0,D,0.0,0.0,D,3.0,2.0,0.0,0.0,22-23,17,14,1,8,0,2,-10.0,-9.0,7,7,24.0,19.0,3.0,3.0,13,13.0,15.0,1.0,2.2,5.0,1.0,2.2,11.0,3,-2.0,-6.0,-1.0,0.14285714285714285,1.1428571428571428,-1.0,-1.4285714285714286,-1.2857142857142858,-0.1428571428571428,3
2022-10-02,15:30,Rio Ave,Santa Clara,1.0,0.0,H,1.0,0.0,H,2.0,3.0,0.0,1.0,22-23,14,15,6,5,1,1,-3.0,-3.0,7,7,23.0,25.0,2.0,3.0,4,19.0,7.0,2.0,1.8,15.0,0.8,1.2,14.0,-1,12.0,1.0,0.0,0.8571428571428571,0.7142857142857143,0.1428571428571428,-0.42857142857142855,-0.42857142857142855,0.0,3
2022-10-01,20:30,Guimaraes,Benfica,0.0,0.0,D,0.0,0.0,D,4.0,1.0,0.0,0.0,22-23,9,1,10,21,3,7,0.0,16.0,7,7,31.0,19.0,2.0,3.0,8,6.0,3.0,0.8,1.2,17.0,2.8,0.6,45.0,8,3.0,-28.0,-16.0,1.4285714285714286,3.0,-1.5714285714285714,0.0,2.2857142857142856,-2.2857142857142856,3
2022-10-01,18:00,Chaves,Estoril,1.0,1.0,D,1.0,0.0,H,3.0,3.0,0.0,0.0,22-23,11,8,8,11,2,3,-2.0,3.0,7,7,20.0,30.0,3.0,2.0,16,19.0,9.0,0.8,1.2,10.0,1.4,1.0,24.0,3,10.0,-14.0,-5.0,1.1428571428571428,1.5714285714285714,-0.4285714285714286,-0.2857142857142857,0.42857142857142855,-0.7142857142857142,3
2022-10-01,15:30,Vizela,Portimonense,1.0,0.0,H,1.0,0.0,H,3.0,3.0,0.0,0.0,22-23,15,4,5,15,1,5,-4.0,2.0,7,7,29.0,25.0,2.0,0.0,24,14.0,12.0,0.8,1.6,3.0,1.0,1.0,33.0,11,2.0,-30.0,-6.0,0.7142857142857143,2.142857142857143,-1.4285714285714284,-0.5714285714285714,0.2857142857142857,-0.8571428571428571,3
2022-09-30,21:15,Porto,Sp Braga,4.0,1.0,H,2.0,0.0,H,2.0,4.0,0.0,1.0,22-23,3,2,16,19,5,6,11.0,18.0,7,7,12.0,18.0,0.0,0.0,7,1.0,4.0,2.0,0.8,29.0,3.4,0.4,45.0,1,-3.0,-16.0,-7.0,2.2857142857142856,2.7142857142857144,-0.4285714285714288,1.5714285714285714,2.5714285714285716,-1.0000000000000002,3
2022-09-30,19:00,Sp Lisbon,Gil Vicente,3.0,1.0,H,2.0,0.0,H,4.0,1.0,0.0,0.0,22-23,8,10,10,9,3,2,3.0,-1.0,7,7,23.0,14.0,1.0,1.0,9,2.0,5.0,1.4,1.4,21.0,1.2,1.4,20.0,-2,-3.0,1.0,4.0,1.4285714285714286,1.2857142857142858,0.1428571428571428,0.42857142857142855,-0.14285714285714285,0.5714285714285714,3
2022-09-18,20:30,Sp Braga,Vizela,2.0,0.0,H,0.0,0.0,D,6.0,4.0,0.0,0.0,22-23,2,14,16,5,5,1,16.0,-2.0,6,6,12.0,25.0,0.0,2.0,14,4.0,14.0,3.6,0.4,45.0,0.8,1.4,5.0,-12,-10.0,40.0,18.0,2.6666666666666665,0.8333333333333334,1.833333333333333,2.6666666666666665,-0.3333333333333333,3.0,2
2022-09-18,18:00,Casa Pia,Famalicao,1.0,0.0,H,0.0,0.0,D,1.0,1.0,0.0,0.0,22-23,7,16,11,4,3,1,3.0,-6.0,6,6,19.0,16.0,0.0,1.0,25,19.0,8.0,1.2,0.6,34.0,0.2,1.0,11.0,-9,11.0,23.0,9.0,1.8333333333333333,0.6666666666666666,1.1666666666666665,0.5,-1.0,1.5,2
2022-09-18,18:00,Benfica,Maritimo,5.0,0.0,H,1.0,0.0,H,1.0,3.0,0.0,0.0,22-23,1,18,18,0,6,0,11.0,-13.0,6,6,18.0,12.0,3.0,1.0,6,3.0,10.0,2.0,0.6,45.0,0.6,2.4,0.0,-17,-7.0,45.0,24.0,3.0,0.0,3.0,1.8333333333333333,-2.1666666666666665,4.0,2
2022-09-18,15:30,Arouca,Guimaraes,2.0,2.0,D,1.0,0.0,H,6.0,3.0,0.0,0.0,22-23,12,9,7,9,2,3,-9.0,0.0,6,6,13.0,28.0,3.0,2.0,23,15.0,6.0,0.8,1.8,13.0,0.6,0.8,18.0,3,9.0,-5.0,-9.0,1.1666666666666667,1.5,-0.33333333333333326,-1.5,0.0,-1.5,2
2022-09-17,20:30,Boavista,Sp Lisbon,2.0,1.0,H,1.0,0.0,H,3.0,1.0,0.0,0.0,22-23,5,8,12,10,4,3,-1.0,4.0,6,6,17.0,22.0,0.0,1.0,11,11.0,2.0,1.0,1.4,30.0,1.8,1.0,30.0,-3,9.0,0.0,-5.0,2.0,1.6666666666666667,0.33333333333333326,-0.16666666666666666,0.6666666666666666,-0.8333333333333333,2
2022-09-17,18:00,Estoril,Porto,1.0,1.0,D,1.0,0.0,H,8.0,3.0,1.0,0.0,22-23,8,3,10,15,3,5,3.0,11.0,6,6,22.0,9.0,1.0,0.0,17,9.0,1.0,1.2,1.0,26.0,2.0,0.6,36.0,5,8.0,-10.0,-8.0,1.6666666666666667,2.5,-0.8333333333333333,0.5,1.8333333333333333,-1.3333333333333333,2
2022-09-17,15:30,Santa Clara,Pacos Ferreira,1.0,1.0,D,1.0,0.0,H,4.0,3.0,0.0,0.0,22-23,15,17,4,0,1,0,-3.0,-10.0,6,6,21.0,21.0,3.0,3.0,19,7.0,13.0,0.8,1.4,12.0,0.8,2.6,0.0,-2,-6.0,12.0,7.0,0.6666666666666666,0.0,0.6666666666666666,-0.5,-1.6666666666666667,1.1666666666666667,2
2022-09-17,15:30,Gil Vicente,Rio Ave,2.0,2.0,D,0.0,1.0,A,4.0,6.0,1.0,1.0,22-23,10,14,8,5,2,1,-1.0,-3.0,6,6,10.0,17.0,0.0,1.0,20,5.0,19.0,0.8,1.2,20.0,1.6,2.0,15.0,-4,-14.0,5.0,2.0,1.3333333333333333,0.8333333333333334,0.4999999999999999,-0.16666666666666666,-0.5,0.33333333333333337,2
2022-09-16,20:15,Portimonense,Chaves,1.0,0.0,H,1.0,0.0,H,4.0,2.0,0.0,1.0,22-23,4,10,12,8,4,2,1.0,-1.0,6,6,21.0,18.0,0.0,2.0,3,12.0,19.0,1.4,1.0,30.0,1.2,1.2,18.0,-6,-7.0,12.0,2.0,2.0,1.3333333333333333,0.6666666666666667,0.16666666666666666,-0.16666666666666666,0.3333333333333333,2
2022-09-12,20:15,Vizela,Estoril,0.0,1.0,A,0.0,1.0,A,4.0,4.0,1.0,0.0,22-23,13,11,5,7,1,2,-1.0,2.0,5,5,21.0,18.0,1.0,1.0,24,14.0,9.0,1.0,1.2,10.0,1.4,1.0,18.0,2,5.0,-8.0,-3.0,1.0,1.4,-0.3999999999999999,-0.2,0.4,-0.6000000000000001,2
2022-09-11,20:30,Rio Ave,Sp Braga,2.0,3.0,A,0.0,2.0,A,1.0,1.0,0.0,0.0,22-23,14,3,5,13,1,4,-2.0,15.0,5,5,16.0,11.0,1.0,0.0,4,19.0,4.0,1.2,1.6,20.0,3.6,0.6,43.0,11,15.0,-23.0,-17.0,1.0,2.6,-1.6,-0.4,3.0,-3.4,2
2022-09-11,18:00,Maritimo,Gil Vicente,1.0,2.0,A,1.0,0.0,H,2.0,0.0,0.0,0.0,22-23,18,14,0,5,0,1,-12.0,-2.0,5,5,10.0,10.0,1.0,0.0,5,10.0,5.0,0.6,3.0,0.0,0.6,1.0,10.0,4,5.0,-10.0,-10.0,0.0,1.0,-1.0,-2.4,-0.4,-2.0,2
2022-09-11,18:00,Arouca,Boavista,1.0,2.0,A,1.0,1.0,D,2.0,2.0,2.0,0.0,22-23,11,8,7,9,2,3,-8.0,-2.0,5,5,11.0,15.0,1.0,0.0,23,15.0,11.0,0.6,2.2,20.0,0.8,1.2,24.0,3,4.0,-4.0,-6.0,1.4,1.8,-0.40000000000000013,-1.6,-0.4,-1.2000000000000002,2
2022-09-11,15:30,Pacos Ferreira,Casa Pia,2.0,3.0,A,1.0,0.0,H,2.0,4.0,0.0,0.0,22-23,17,8,0,8,0,2,-9.0,2.0,5,5,19.0,15.0,3.0,0.0,13,13.0,19.0,0.4,2.2,0.0,0.6,0.2,27.0,9,-6.0,-27.0,-11.0,0.0,1.6,-1.6,-1.8,0.4,-2.2,2
2022-09-10,20:30,Porto,Chaves,3.0,0.0,H,1.0,0.0,H,1.0,3.0,0.0,0.0,22-23,3,8,12,8,4,2,8.0,2.0,5,5,8.0,15.0,0.0,2.0,7,1.0,19.0,2.4,0.8,33.0,1.2,0.8,26.0,-5,-18.0,7.0,6.0,2.4,1.6,0.7999999999999998,1.6,0.4,1.2000000000000002,2
2022-09-10,18:00,Sp Lisbon,Portimonense,4.0,0.0,H,2.0,0.0,H,3.0,3.0,0.0,0.0,22-23,10,4,7,12,2,4,0.0,5.0,5,5,19.0,18.0,1.0,0.0,9,2.0,12.0,1.6,1.6,22.0,1.4,0.4,42.0,6,-10.0,-20.0,-5.0,1.4,2.4,-1.0,0.0,1.0,-1.0,2
2022-09-10,15:30,Famalicao,Benfica,0.0,1.0,A,0.0,0.0,D,2.0,0.0,1.0,0.0,22-23,16,1,4,15,1,5,-5.0,10.0,5,5,14.0,18.0,0.0,3.0,21,8.0,3.0,0.2,1.2,15.0,2.6,0.6,45.0,15,5.0,-30.0,-15.0,0.8,3.0,-2.2,-1.0,2.0,-3.0,2
2022-09-09,20:15,Guimaraes,Santa Clara,1.0,0.0,H,0.0,0.0,D,4.0,5.0,0.0,0.0,22-23,11,15,6,4,2,1,-1.0,-2.0,5,5,24.0,16.0,2.0,3.0,8,6.0,7.0,0.6,0.8,9.0,0.8,1.2,16.0,-4,-1.0,-7.0,1.0,1.2,0.8,0.3999999999999999,-0.2,-0.4,0.2,2
2022-09-05,21:15,Chaves,Rio Ave,1.0,1.0,D,1.0,0.0,H,5.0,3.0,0.0,0.0,22-23,8,14,7,4,2,1,2.0,-2.0,4,4,10.0,13.0,2.0,1.0,16,19.0,19.0,1.25,0.75,28.0,1.25,1.75,19.0,-6,0.0,9.0,4.0,1.75,1.0,0.75,0.5,-0.5,1.0,2
2022-09-05,19:00,Boavista,Pacos Ferreira,1.0,0.0,H,0.0,0.0,D,4.0,3.0,0.0,0.0,22-23,11,17,6,0,2,0,-3.0,-8.0,4,4,11.0,16.0,0.0,3.0,11,11.0,13.0,0.75,1.5,15.0,0.5,2.5,0.0,-6,-2.0,15.0,5.0,1.5,0.0,1.5,-0.75,-2.0,1.25,2
2022-09-04,20:30,Portimonense,Famalicao,1.0,0.0,H,0.0,0.0,D,5.0,2.0,0.0,0.0,22-23,4,16,9,4,3,1,4.0,-4.0,4,4,13.0,12.0,0.0,0.0,3,12.0,8.0,1.5,0.5,36.0,0.25,1.25,19.0,-12,4.0,17.0,8.0,2.25,1.0,1.25,1.0,-1.0,2.0,2
2022-09-04,18:00,Santa Clara,Maritimo,2.0,1.0,H,0.0,1.0,A,3.0,4.0,0.0,1.0,22-23,16,18,1,0,0,0,-3.0,-11.0,4,4,13.0,6.0,3.0,0.0,19,7.0,10.0,0.5,1.25,2.0,0.5,3.25,0.0,-2,-3.0,2.0,8.0,0.25,0.0,0.25,-0.75,-2.75,2.0,2
2022-09-04,15:30,Casa Pia,Arouca,0.0,0.0,D,0.0,0.0,D,2.0,0.0,0.0,0.0,22-23,7,11,7,6,2,2,2.0,-8.0,4,4,13.0,11.0,0.0,1.0,25,19.0,15.0,0.75,0.25,29.0,0.75,2.75,21.0,-4,4.0,8.0,10.0,1.75,1.5,0.25,0.5,-2.0,2.5,2
2022-09-03,20:30,Gil Vicente,Porto,0.0,2.0,A,0.0,2.0,A,1.0,0.0,0.0,0.0,22-23,12,3,5,9,1,3,0.0,6.0,4,4,9.0,8.0,0.0,0.0,20,5.0,1.0,0.75,0.75,15.0,2.5,1.0,27.0,9,4.0,-12.0,-6.0,1.25,2.25,-1.0,0.0,1.5,-1.5,2
2022-09-03,15:30,Sp Braga,Guimaraes,1.0,0.0,H,0.0,0.0,D,2.0,7.0,0.0,0.0,22-23,2,9,10,6,3,2,14.0,0.0,4,4,9.0,17.0,0.0,2.0,14,4.0,6.0,4.25,0.75,38.0,0.75,0.75,15.0,-7,-2.0,23.0,14.0,2.5,1.5,1.0,3.5,0.0,3.5,2
2022-09-02,21:15,Estoril,Sp Lisbon,0.0,2.0,A,0.0,2.0,A,5.0,7.0,0.0,0.0,22-23,5,13,7,4,2,1,4.0,-2.0,4,4,13.0,12.0,1.0,1.0,17,9.0,2.0,1.75,0.75,25.0,1.5,2.0,11.0,-8,7.0,14.0,6.0,1.75,1.0,0.75,1.0,-0.5,1.5,2
2022-09-02,19:00,Benfica,Vizela,2.0,1.0,H,0.0,1.0,A,7.0,4.0,2.0,0.0,22-23,1,11,12,5,4,1,9.0,0.0,4,4,11.0,17.0,1.0,1.0,6,3.0,14.0,2.75,0.5,42.0,1.0,1.0,15.0,-10,-11.0,27.0,9.0,3.0,1.25,1.75,2.25,0.0,2.25,2
2022-08-30,20:15,Benfica,Pacos Ferreira,3.0,2.0,H,2.0,1.0,H,2.0,4.0,0.0,0.0,22-23,2,17,9,0,3,0,8.0,-7.0,3,3,9.0,12.0,1.0,3.0,6,3.0,13.0,2.6666666666666665,0.0,36.0,0.0,2.3333333333333335,0.0,-15,-10.0,36.0,15.0,3.0,0.0,3.0,2.6666666666666665,-2.3333333333333335,5.0,2
2022-08-29,21:15,Vizela,Gil Vicente,2.0,2.0,D,2.0,2.0,D,2.0,5.0,0.0,0.0,22-23,11,12,4,4,1,1,0.0,0.0,3,3,15.0,4.0,1.0,0.0,24,14.0,5.0,0.6666666666666666,0.6666666666666666,14.0,0.3333333333333333,0.3333333333333333,14.0,-1,9.0,0.0,0.0,1.3333333333333333,1.3333333333333333,0.0,0.0,0.0,0.0,2
2022-08-29,19:00,Guimaraes,Casa Pia,0.0,1.0,A,0.0,1.0,A,3.0,3.0,0.0,0.0,22-23,7,10,6,4,2,1,1.0,1.0,3,3,14.0,10.0,2.0,0.0,8,6.0,19.0,1.0,0.6666666666666666,21.0,0.6666666666666666,0.3333333333333333,18.0,-3,-13.0,3.0,0.0,2.0,1.3333333333333333,0.6666666666666667,0.3333333333333333,0.3333333333333333,0.0,2
2022-08-28,20:30,Rio Ave,Porto,3.0,1.0,H,3.0,0.0,H,1.0,2.0,0.0,0.0,22-23,16,2,1,9,0,3,-4.0,8.0,3,3,12.0,6.0,1.0,0.0,4,19.0,1.0,0.6666666666666666,2.0,5.0,3.0,0.3333333333333333,36.0,14,18.0,-31.0,-12.0,0.3333333333333333,3.0,-2.6666666666666665,-1.3333333333333333,2.6666666666666665,-4.0,2
2022-08-28,18:00,Arouca,Sp Braga,0.0,6.0,A,0.0,4.0,A,3.0,3.0,0.0,0.0,22-23,8,4,6,7,2,2,-2.0,8.0,3,3,8.0,6.0,1.0,0.0,23,15.0,4.0,1.0,1.6666666666666667,27.0,3.6666666666666665,1.0,30.0,4,11.0,-3.0,-10.0,2.0,2.3333333333333335,-0.3333333333333335,-0.6666666666666666,2.6666666666666665,-3.333333333333333,2
2022-08-28,15:30,Famalicao,Santa Clara,1.0,0.0,H,1.0,0.0,H,3.0,3.0,0.0,0.0,22-23,16,14,1,1,0,0,-5.0,-2.0,3,3,9.0,10.0,0.0,3.0,21,8.0,7.0,0.0,1.6666666666666667,5.0,0.6666666666666666,1.3333333333333333,3.0,2,1.0,2.0,-3.0,0.3333333333333333,0.3333333333333333,0.0,-1.6666666666666667,-0.6666666666666666,-1.0,2
2022-08-27,20:30,Sp Lisbon,Chaves,0.0,2.0,A,0.0,0.0,D,5.0,2.0,0.0,1.0,22-23,10,11,4,4,1,1,0.0,0.0,3,3,7.0,8.0,1.0,1.0,9,2.0,19.0,2.0,2.0,15.0,1.0,1.0,17.0,-1,-17.0,-2.0,0.0,1.3333333333333333,1.3333333333333333,0.0,0.0,0.0,0.0,2
2022-08-27,18:00,Boavista,Benfica,0.0,3.0,A,0.0,1.0,A,4.0,2.0,0.0,0.0,22-23,7,5,6,6,2,2,0.0,5.0,3,2,7.0,7.0,0.0,1.0,11,11.0,3.0,1.0,1.0,21.0,2.5,0.0,27.0,2,8.0,-6.0,-5.0,2.0,3.0,-1.0,0.0,2.5,-2.5,2
2022-08-27,15:30,Maritimo,Portimonense,0.0,1.0,A,0.0,1.0,A,2.0,1.0,0.0,0.0,22-23,18,5,0,6,0,2,-10.0,3.0,3,3,4.0,12.0,0.0,0.0,5,10.0,12.0,0.6666666666666666,4.0,0.0,1.6666666666666667,0.6666666666666666,27.0,13,-2.0,-27.0,-13.0,0.0,2.0,-2.0,-3.3333333333333335,1.0,-4.333333333333334,2
2022-08-26,20:15,Pacos Ferreira,Estoril,0.0,3.0,A,0.0,2.0,A,3.0,0.0,2.0,0.0,22-23,17,8,0,4,0,1,-4.0,1.0,2,3,9.0,13.0,1.0,1.0,13,13.0,9.0,0.0,2.0,0.0,1.3333333333333333,1.0,14.0,9,4.0,-14.0,-5.0,0.0,1.3333333333333333,-1.3333333333333333,-2.0,0.3333333333333333,-2.3333333333333335,2
2022-08-22,20:15,Gil Vicente,Famalicao,0.0,0.0,D,0.0,0.0,D,1.0,5.0,0.0,0.0,22-23,13,17,3,0,1,0,0.0,-5.0,2,2,3.0,4.0,0.0,0.0,20,5.0,8.0,0.5,0.5,12.0,0.0,2.5,0.0,-4,-3.0,12.0,5.0,1.5,0.0,1.5,0.0,-2.5,2.5,2
2022-08-21,20:30,Portimonense,Guimaraes,2.0,1.0,H,0.0,0.0,D,4.0,2.0,0.0,0.0,22-23,12,4,3,6,1,2,2.0,2.0,2,2,8.0,12.0,0.0,2.0,3,12.0,6.0,1.5,0.5,15.0,1.0,0.0,27.0,8,6.0,-12.0,0.0,1.5,3.0,-1.5,1.0,1.0,0.0,2
2022-08-21,18:00,Sp Braga,Maritimo,5.0,0.0,H,2.0,0.0,H,3.0,1.0,0.0,0.0,22-23,6,17,4,0,1,0,3.0,-5.0,2,2,3.0,3.0,0.0,0.0,14,4.0,10.0,3.0,1.5,19.0,1.0,3.5,0.0,-11,-6.0,19.0,8.0,2.0,0.0,2.0,1.5,-2.5,4.0,2
2022-08-21,15:30,Casa Pia,Boavista,2.0,0.0,H,0.0,0.0,D,1.0,3.0,0.0,0.0,22-23,13,3,1,6,0,2,-1.0,2.0,2,2,9.0,4.0,0.0,0.0,25,19.0,11.0,0.0,0.5,4.0,1.5,0.5,27.0,10,8.0,-23.0,-3.0,0.5,3.0,-2.5,-0.5,1.0,-1.5,2
2022-08-20,20:30,Porto,Sp Lisbon,3.0,0.0,H,1.0,0.0,H,1.0,4.0,0.0,1.0,22-23,1,7,6,4,2,1,5.0,3.0,2,2,5.0,3.0,0.0,0.0,7,1.0,2.0,3.0,0.5,27.0,3.0,1.5,19.0,-6,-1.0,8.0,2.0,3.0,2.0,1.0,2.5,1.5,1.0,2
2022-08-20,18:00,Chaves,Vizela,1.0,1.0,D,1.0,1.0,D,5.0,5.0,1.0,1.0,22-23,10,12,3,3,1,1,0.0,0.0,2,2,3.0,10.0,0.0,0.0,16,19.0,14.0,1.0,1.0,15.0,0.5,0.5,12.0,-2,5.0,3.0,0.0,1.5,1.5,0.0,0.0,0.0,0.0,2
2022-08-20,15:30,Santa Clara,Arouca,1.0,2.0,A,0.0,0.0,D,2.0,3.0,0.0,0.0,22-23,13,12,1,3,0,1,-1.0,-3.0,2,2,8.0,5.0,3.0,1.0,19,7.0,15.0,0.5,1.0,4.0,0.5,2.0,15.0,1,-8.0,-11.0,2.0,0.5,1.5,-1.0,-0.5,-1.5,1.0,2
2022-08-19,20:15,Estoril,Rio Ave,2.0,2.0,D,1.0,0.0,H,4.0,3.0,0.0,1.0,22-23,8,15,3,0,1,0,1.0,-4.0,2,2,9.0,9.0,1.0,0.0,17,9.0,19.0,1.0,0.5,12.0,0.0,2.0,0.0,-7,-10.0,12.0,5.0,1.5,0.0,1.5,0.5,-2.0,2.5,2
2022-08-15,20:30,Pacos Ferreira,Portimonense,0.0,3.0,A,0.0,1.0,A,3.0,5.0,1.0,0.0,22-23,15,14,0,0,0,0,-1.0,-1.0,1,1,6.0,3.0,0.0,0.0,13,13.0,12.0,0.0,1.0,0.0,0.0,1.0,0.0,1,1.0,0.0,0.0,0.0,0.0,0.0,-1.0,-1.0,0.0,2
2022-08-15,18:00,Arouca,Gil Vicente,1.0,0.0,H,1.0,0.0,H,4.0,2.0,0.0,0.0,22-23,16,8,0,3,0,1,-4.0,1.0,1,1,1.0,1.0,1.0,0.0,23,15.0,5.0,0.0,4.0,0.0,1.0,0.0,15.0,8,10.0,-15.0,-5.0,0.0,3.0,-3.0,-4.0,1.0,-5.0,2
2022-08-15,15:30,Maritimo,Chaves,1.0,2.0,A,1.0,0.0,H,1.0,1.0,0.0,0.0,22-23,15,12,0,0,0,0,-4.0,-1.0,1,1,2.0,2.0,0.0,0.0,5,10.0,19.0,1.0,5.0,0.0,0.0,1.0,0.0,3,-9.0,0.0,-3.0,0.0,0.0,0.0,-4.0,-1.0,-3.0,2
2022-08-14,20:30,Guimaraes,Estoril,1.0,0.0,H,1.0,0.0,H,3.0,5.0,0.0,1.0,22-23,8,6,3,3,1,1,1.0,2.0,1,1,9.0,4.0,2.0,0.0,8,6.0,9.0,1.0,0.0,15.0,2.0,0.0,15.0,2,-3.0,0.0,-1.0,3.0,3.0,0.0,1.0,2.0,-1.0,2
2022-08-14,18:00,Vizela,Porto,0.0,1.0,A,0.0,0.0,D,6.0,2.0,0.0,0.0,22-23,8,5,3,3,1,1,1.0,4.0,1,1,4.0,3.0,0.0,0.0,24,14.0,1.0,1.0,0.0,15.0,5.0,1.0,15.0,3,13.0,0.0,-3.0,3.0,3.0,0.0,1.0,4.0,-3.0,2
2022-08-14,15:30,Boavista,Santa Clara,2.0,1.0,H,0.0,1.0,A,3.0,7.0,0.0,2.0,22-23,7,10,3,1,1,0,1.0,0.0,1,1,1.0,1.0,0.0,1.0,11,11.0,7.0,1.0,0.0,15.0,0.0,0.0,5.0,-3,4.0,10.0,1.0,3.0,1.0,2.0,1.0,0.0,1.0,2
2022-08-13,20:30,Sp Lisbon,Rio Ave,3.0,0.0,H,1.0,0.0,H,1.0,2.0,0.0,0.0,22-23,9,12,1,0,0,0,0.0,-1.0,1,1,2.0,7.0,0.0,0.0,9,2.0,19.0,3.0,3.0,5.0,0.0,1.0,0.0,-3,-17.0,5.0,1.0,1.0,0.0,1.0,0.0,-1.0,1.0,2
2022-08-13,18:00,Casa Pia,Benfica,0.0,1.0,A,0.0,0.0,D,6.0,4.0,0.0,1.0,22-23,11,3,1,3,0,1,0.0,4.0,1,1,3.0,3.0,0.0,0.0,25,19.0,3.0,0.0,0.0,5.0,4.0,0.0,15.0,8,16.0,-10.0,-4.0,1.0,3.0,-2.0,0.0,4.0,-4.0,2
2022-08-12,20:15,Famalicao,Sp Braga,0.0,3.0,A,0.0,2.0,A,3.0,1.0,0.0,0.0,22-23,16,8,0,1,0,0,-2.0,0.0,1,1,1.0,2.0,0.0,0.0,21,8.0,4.0,0.0,2.0,0.0,3.0,3.0,5.0,8,4.0,-5.0,-2.0,0.0,1.0,-1.0,-2.0,0.0,-2.0,2
2022-08-08,20:15,Gil Vicente,Pacos Ferreira,1.0,0.0,H,0.0,0.0,D,1.0,6.0,0.0,0.0,22-23,11,12,0,0,0,0,0.0,0.0,0,0,0.0,0.0,0.0,0.0,20,5.0,13.0,0.0,0.0,0.0,0.0,0.0,0.0,-1,-8.0,0.0,0.0,0.0,0.0,0.0,0.0,0.0,0.0,2
2022-08-07,20:30,Portimonense,Boavista,0.0,1.0,A,0.0,1.0,A,3.0,1.0,0.0,0.0,22-23,10,12,0,0,0,0,0.0,0.0,0,0,0.0,0.0,0.0,0.0,3,12.0,11.0,0.0,0.0,0.0,0.0,0.0,0.0,-2,1.0,0.0,0.0,0.0,0.0,0.0,0.0,0.0,0.0,2
2022-08-07,20:30,Chaves,Guimaraes,0.0,1.0,A,0.0,1.0,A,2.0,9.0,0.0,2.0,22-23,9,13,0,0,0,0,0.0,0.0,0,0,0.0,0.0,0.0,0.0,16,19.0,6.0,0.0,0.0,0.0,0.0,0.0,0.0,-4,13.0,0.0,0.0,0.0,0.0,0.0,0.0,0.0,0.0,2
2022-08-07,18:00,Sp Braga,Sp Lisbon,3.0,3.0,D,2.0,2.0,D,2.0,2.0,0.0,0.0,22-23,7,11,0,0,0,0,0.0,0.0,0,0,0.0,0.0,0.0,0.0,14,4.0,2.0,0.0,0.0,0.0,0.0,0.0,0.0,-4,2.0,0.0,0.0,0.0,0.0,0.0,0.0,0.0,0.0,2
2022-08-07,15:30,Santa Clara,Casa Pia,0.0,0.0,D,0.0,0.0,D,1.0,3.0,1.0,0.0,22-23,5,10,0,0,0,0,0.0,0.0,0,0,0.0,0.0,0.0,0.0,19,7.0,19.0,0.0,0.0,0.0,0.0,0.0,0.0,-5,-12.0,0.0,0.0,0.0,0.0,0.0,0.0,0.0,0.0,2
2022-08-06,20:30,Porto,Maritimo,5.0,1.0,H,3.0,0.0,H,3.0,2.0,0.0,0.0,22-23,4,14,0,0,0,0,0.0,0.0,0,0,0.0,0.0,0.0,0.0,7,1.0,10.0,0.0,0.0,0.0,0.0,0.0,0.0,-10,-9.0,0.0,0.0,0.0,0.0,0.0,0.0,0.0,0.0,2
2022-08-06,18:00,Estoril,Famalicao,2.0,0.0,H,2.0,0.0,H,4.0,1.0,0.0,0.0,22-23,3,10,0,0,0,0,0.0,0.0,0,0,0.0,0.0,0.0,0.0,17,9.0,8.0,0.0,0.0,0.0,0.0,0.0,0.0,-7,1.0,0.0,0.0,0.0,0.0,0.0,0.0,0.0,0.0,2
2022-08-06,15:30,Rio Ave,Vizela,0.0,1.0,A,0.0,0.0,D,7.0,4.0,0.0,0.0,22-23,2,14,0,0,0,0,0.0,0.0,0,0,0.0,0.0,0.0,0.0,4,19.0,14.0,0.0,0.0,0.0,0.0,0.0,0.0,-12,5.0,0.0,0.0,0.0,0.0,0.0,0.0,0.0,0.0,2
2022-08-05,20:15,Benfica,Arouca,4.0,0.0,H,3.0,0.0,H,3.0,1.0,0.0,1.0,22-23,1,17,0,0,0,0,0.0,0.0,0,0,0.0,0.0,0.0,0.0,6,3.0,15.0,0.0,0.0,0.0,0.0,0.0,0.0,-16,-12.0,0.0,0.0,0.0,0.0,0.0,0.0,0.0,0.0,2
2022-05-15,20:30,Guimaraes,Gil Vicente,5.0,0.0,H,1.0,0.0,H,1.0,0.0,0.0,0.0,21-22,6,5,45,51,12,13,4.0,10.0,33,33,118.0,91.0,6.0,4.0,8,8.0,11.0,1.4,0.8,18.0,1.6,1.8,20.0,1,-3.0,-2.0,-6.0,1.3636363636363635,1.5454545454545454,-0.18181818181818188,0.12121212121212122,0.30303030303030304,-0.18181818181818182,1
2022-05-15,18:00,Famalicao,Sp Braga,3.0,2.0,H,1.0,2.0,A,3.0,3.0,1.0,1.0,21-22,13,4,36,65,8,19,-7.0,22.0,33,33,102.0,79.0,4.0,4.0,21,9.0,4.0,1.6,1.2,32.0,0.8,0.0,41.0,9,5.0,-9.0,-29.0,1.0909090909090908,1.9696969696969697,-0.8787878787878789,-0.21212121212121213,0.6666666666666666,-0.8787878787878788,1
2022-05-14,20:30,Sp Lisbon,Santa Clara,4.0,0.0,H,1.0,0.0,H,1.0,2.0,0.0,0.0,21-22,2,7,82,40,26,9,46.0,-12.0,33,33,98.0,99.0,6.0,9.0,9,1.0,6.0,2.6,1.2,39.0,1.6,0.8,27.0,-5,-5.0,12.0,58.0,2.484848484848485,1.2121212121212122,1.2727272727272727,1.393939393939394,-0.36363636363636365,1.7575757575757578,1
2022-05-14,18:00,Porto,Estoril,2.0,0.0,H,0.0,0.0,D,0.0,0.0,0.0,0.0,21-22,1,8,88,39,28,9,62.0,-5.0,33,33,82.0,99.0,6.0,8.0,7,2.0,19.0,2.6,0.6,36.0,0.8,1.4,20.0,-7,-17.0,16.0,67.0,2.6666666666666665,1.1818181818181819,1.4848484848484846,1.878787878787879,-0.15151515151515152,2.0303030303030303,1
2022-05-14,18:00,Maritimo,Portimonense,0.0,1.0,A,0.0,0.0,D,3.0,2.0,0.0,0.0,21-22,9,13,38,35,9,9,-4.0,-15.0,33,33,106.0,114.0,8.0,5.0,5,15.0,14.0,1.4,1.2,14.0,0.8,2.2,12.0,-4,1.0,2.0,11.0,1.1515151515151516,1.0606060606060606,0.09090909090909105,-0.12121212121212122,-0.45454545454545453,0.3333333333333333,1
2022-05-14,15:30,Tondela,Boavista,2.0,2.0,D,1.0,0.0,H,1.0,3.0,0.0,0.0,21-22,17,11,27,37,7,7,-26.0,-13.0,33,33,92.0,118.0,6.0,10.0,15,13.0,12.0,0.6,2.0,7.0,0.8,1.8,20.0,6,1.0,-13.0,-13.0,0.8181818181818182,1.121212121212121,-0.30303030303030287,-0.7878787878787878,-0.3939393939393939,-0.3939393939393939,1
2022-05-14,15:30,Moreirense,Vizela,4.0,1.0,H,3.0,0.0,H,3.0,3.0,0.0,1.0,21-22,17,14,26,33,6,7,-21.0,-18.0,33,33,109.0,95.0,6.0,7.0,12,7.0,19.0,1.0,1.0,9.0,1.0,1.6,14.0,3,-12.0,-5.0,-3.0,0.7878787878787878,1.0,-0.21212121212121215,-0.6363636363636364,-0.5454545454545454,-0.09090909090909094,1
2022-05-14,15:30,Arouca,Belenenses,0.0,0.0,D,0.0,0.0,D,2.0,2.0,0.0,0.0,21-22,15,18,30,25,7,5,-24.0,-32.0,33,33,95.0,117.0,6.0,11.0,23,19.0,10.0,0.6,1.0,14.0,1.2,1.8,9.0,-3,9.0,5.0,8.0,0.9090909090909091,0.7575757575757576,0.1515151515151515,-0.7272727272727273,-0.9696969696969697,0.24242424242424243,1
2022-05-13,20:15,Pacos Ferreira,Benfica,0.0,2.0,A,0.0,2.0,A,1.0,1.0,0.0,0.0,21-22,10,3,38,71,9,22,-13.0,46.0,33,33,105.0,78.0,5.0,3.0,13,5.0,3.0,0.8,1.6,10.0,1.2,0.4,24.0,7,2.0,-14.0,-59.0,1.1515151515151516,2.1515151515151514,-0.9999999999999998,-0.3939393939393939,1.393939393939394,-1.787878787878788,1
2022-05-09,20:15,Belenenses,Famalicao,2.0,3.0,A,1.0,0.0,H,3.0,1.0,0.0,0.0,21-22,18,13,25,33,5,7,-31.0,-8.0,32,32,114.0,101.0,11.0,4.0,10,10.0,9.0,1.2,1.2,16.0,1.2,1.2,22.0,5,1.0,-6.0,-23.0,0.78125,1.03125,-0.25,-0.96875,-0.25,-0.71875,1
2022-05-08,19:30,Santa Clara,Pacos Ferreira,2.0,0.0,H,1.0,0.0,H,3.0,3.0,0.0,1.0,21-22,11,9,37,38,8,9,-14.0,-11.0,32,32,96.0,102.0,9.0,4.0,19,6.0,5.0,1.2,1.4,18.0,0.8,1.6,15.0,2,1.0,3.0,-3.0,1.15625,1.1875,-0.03125,-0.4375,-0.34375,-0.09375,1
2022-05-08,18:00,Sp Braga,Arouca,1.0,0.0,H,0.0,0.0,D,0.0,1.0,0.0,0.0,21-22,4,15,62,30,18,7,21.0,-23.0,32,32,79.0,94.0,4.0,6.0,14,4.0,19.0,1.2,0.4,39.0,1.0,1.0,21.0,-11,-15.0,18.0,44.0,1.9375,0.9375,1.0,0.65625,-0.71875,1.375,1
2022-05-08,15:30,Vizela,Maritimo,1.0,1.0,D,0.0,0.0,D,4.0,2.0,0.0,0.0,21-22,14,9,32,37,7,9,-18.0,-4.0,32,32,91.0,104.0,7.0,8.0,24,19.0,15.0,1.2,1.6,15.0,1.4,1.6,13.0,5,4.0,2.0,-14.0,1.0,1.15625,-0.15625,-0.5625,-0.125,-0.4375,1
2022-05-08,15:30,Gil Vicente,Tondela,3.0,0.0,H,0.0,0.0,D,1.0,2.0,0.0,1.0,21-22,5,16,48,27,12,7,7.0,-23.0,32,32,90.0,90.0,4.0,5.0,20,11.0,13.0,1.2,2.2,7.0,1.2,1.6,12.0,-11,-2.0,-5.0,30.0,1.5,0.84375,0.65625,0.21875,-0.71875,0.9375,1
2022-05-07,20:30,Portimonense,Sp Lisbon,2.0,3.0,A,2.0,1.0,H,2.0,2.0,0.0,0.0,21-22,12,2,35,79,9,25,-14.0,45.0,32,32,112.0,96.0,5.0,6.0,3,14.0,1.0,0.4,2.0,18.0,2.4,0.8,36.0,10,13.0,-18.0,-59.0,1.09375,2.46875,-1.375,-0.4375,1.40625,-1.84375,1
2022-05-07,18:00,Benfica,Porto,0.0,1.0,A,0.0,0.0,D,10.0,4.0,0.0,0.0,21-22,3,1,71,85,22,27,47.0,61.0,32,32,68.0,78.0,3.0,6.0,6,3.0,2.0,1.6,0.8,34.0,3.0,0.6,33.0,2,1.0,1.0,-14.0,2.21875,2.65625,-0.4375,1.46875,1.90625,-0.4375,1
2022-05-07,15:30,Estoril,Moreirense,1.0,0.0,H,0.0,0.0,D,6.0,3.0,1.0,0.0,21-22,11,17,36,26,8,6,-6.0,-20.0,32,32,93.0,106.0,7.0,6.0,17,19.0,7.0,0.8,1.8,7.0,1.0,1.0,15.0,-6,12.0,-8.0,14.0,1.125,0.8125,0.3125,-0.1875,-0.625,0.4375,1
2022-05-06,20:15,Boavista,Guimaraes,1.0,1.0,D,0.0,1.0,A,2.0,4.0,0.0,1.0,21-22,11,6,36,44,7,12,-13.0,4.0,32,32,116.0,114.0,10.0,5.0,11,12.0,8.0,1.0,1.8,24.0,1.4,0.6,21.0,5,4.0,3.0,-17.0,1.125,1.375,-0.25,-0.40625,0.125,-0.53125,1
2022-05-02,20:15,Pacos Ferreira,Tondela,1.0,1.0,D,0.0,1.0,A,1.0,6.0,0.0,1.0,21-22,8,17,37,26,9,7,-11.0,-23.0,31,31,101.0,84.0,4.0,4.0,13,5.0,13.0,1.0,1.6,17.0,1.4,1.8,12.0,-9,-8.0,5.0,12.0,1.1935483870967742,0.8387096774193549,0.3548387096774194,-0.3548387096774194,-0.7419354838709677,0.3870967741935484,1
2022-05-01,20:30,Sp Lisbon,Gil Vicente,4.0,1.0,H,2.0,1.0,H,4.0,2.0,0.0,0.0,21-22,2,5,76,48,24,12,42.0,10.0,31,31,92.0,88.0,6.0,4.0,9,1.0,11.0,2.2,0.8,33.0,1.2,1.6,10.0,-3,-10.0,23.0,32.0,2.4516129032258065,1.5483870967741935,0.903225806451613,1.3548387096774193,0.3225806451612903,1.032258064516129,1
2022-05-01,18:00,Moreirense,Boavista,1.0,2.0,A,0.0,1.0,A,4.0,5.0,1.0,2.0,21-22,16,13,26,33,6,6,-19.0,-14.0,31,31,102.0,111.0,5.0,8.0,12,7.0,12.0,1.0,1.0,21.0,0.6,1.8,15.0,3,-5.0,6.0,-5.0,0.8387096774193549,1.064516129032258,-0.22580645161290314,-0.6129032258064516,-0.45161290322580644,-0.16129032258064518,1
2022-05-01,15:30,Guimaraes,Santa Clara,1.0,1.0,D,1.0,0.0,H,3.0,5.0,0.0,0.0,21-22,6,10,43,36,12,8,4.0,-14.0,31,31,111.0,91.0,5.0,9.0,8,8.0,6.0,1.4,1.0,23.0,1.0,1.2,19.0,-4,2.0,4.0,18.0,1.3870967741935485,1.1612903225806452,0.22580645161290325,0.12903225806451613,-0.45161290322580644,0.5806451612903225,1
2022-04-30,21:00,Belenenses,Sp Braga,0.0,1.0,A,0.0,0.0,D,3.0,3.0,2.0,0.0,21-22,18,4,25,59,5,17,-30.0,20.0,31,31,111.0,76.0,9.0,4.0,10,10.0,4.0,1.2,1.0,24.0,1.4,0.6,37.0,14,6.0,-13.0,-50.0,0.8064516129032258,1.903225806451613,-1.0967741935483872,-0.967741935483871,0.6451612903225806,-1.6129032258064515,1
2022-04-30,19:00,Porto,Vizela,4.0,2.0,H,2.0,1.0,H,1.0,1.0,0.0,0.0,21-22,1,14,82,32,26,7,59.0,-16.0,31,31,77.0,90.0,6.0,7.0,7,2.0,19.0,2.4,0.2,30.0,1.0,1.0,22.0,-13,-17.0,8.0,75.0,2.6451612903225805,1.032258064516129,1.6129032258064515,1.903225806451613,-0.5161290322580645,2.4193548387096775,1
2022-04-30,17:00,Maritimo,Benfica,0.0,1.0,A,0.0,1.0,A,2.0,4.0,1.0,0.0,21-22,7,3,37,68,9,21,-3.0,46.0,31,31,102.0,64.0,7.0,3.0,5,15.0,3.0,1.6,1.6,18.0,1.8,1.0,29.0,4,12.0,-11.0,-49.0,1.1935483870967742,2.193548387096774,-0.9999999999999998,-0.0967741935483871,1.4838709677419355,-1.5806451612903225,1
2022-04-30,15:00,Arouca,Portimonense,1.0,0.0,H,0.0,0.0,D,1.0,2.0,0.0,0.0,21-22,15,11,27,35,6,9,-24.0,-13.0,31,31,93.0,110.0,6.0,5.0,23,19.0,14.0,1.2,1.4,11.0,0.6,2.2,24.0,4,5.0,-13.0,-11.0,0.8709677419354839,1.1290322580645162,-0.25806451612903236,-0.7741935483870968,-0.41935483870967744,-0.3548387096774193,1
2022-04-29,20:15,Famalicao,Estoril,3.0,1.0,H,1.0,0.0,H,3.0,1.0,0.0,1.0,21-22,14,9,30,36,6,8,-10.0,-4.0,31,31,98.0,92.0,4.0,6.0,21,9.0,19.0,0.8,1.2,10.0,0.8,1.6,9.0,5,-10.0,1.0,-6.0,0.967741935483871,1.1612903225806452,-0.19354838709677424,-0.3225806451612903,-0.12903225806451613,-0.1935483870967742,1
2022-04-25,20:30,Boavista,Sp Lisbon,0.0,3.0,A,0.0,1.0,A,2.0,2.0,0.0,0.0,21-22,12,2,33,73,6,23,-11.0,39.0,30,30,109.0,90.0,8.0,6.0,11,12.0,1.0,0.6,1.2,22.0,2.0,0.8,30.0,10,11.0,-8.0,-50.0,1.1,2.433333333333333,-1.333333333333333,-0.36666666666666664,1.3,-1.6666666666666667,1
2022-04-25,18:00,Sp Braga,Porto,1.0,0.0,H,0.0,0.0,D,2.0,2.0,0.0,0.0,21-22,4,1,56,82,16,26,19.0,60.0,30,30,74.0,75.0,4.0,6.0,14,4.0,2.0,1.2,0.8,32.0,3.2,0.0,45.0,3,2.0,-13.0,-41.0,1.8666666666666667,2.7333333333333334,-0.8666666666666667,0.6333333333333333,2.0,-1.3666666666666667,1
2022-04-24,20:30,Tondela,Guimaraes,1.0,1.0,D,0.0,0.0,D,2.0,4.0,0.0,0.0,21-22,17,6,25,42,7,12,-23.0,4.0,30,30,82.0,107.0,4.0,5.0,15,13.0,8.0,1.2,2.4,11.0,1.4,0.8,27.0,11,5.0,-16.0,-27.0,0.8333333333333334,1.4,-0.5666666666666665,-0.7666666666666667,0.13333333333333333,-0.9,1
2022-04-24,18:00,Estoril,Belenenses,2.0,2.0,D,2.0,0.0,H,7.0,3.0,3.0,2.0,21-22,10,18,35,24,8,5,-4.0,-30.0,30,30,85.0,108.0,3.0,7.0,17,19.0,10.0,0.8,1.2,8.0,0.8,0.6,27.0,-8,9.0,-19.0,26.0,1.1666666666666667,0.8,0.3666666666666667,-0.13333333333333333,-1.0,0.8666666666666667,1
2022-04-23,20:30,Gil Vicente,Pacos Ferreira,1.0,1.0,D,0.0,0.0,D,2.0,5.0,0.0,0.0,21-22,5,8,47,36,12,9,10.0,-11.0,30,30,86.0,96.0,4.0,4.0,20,11.0,5.0,1.2,1.4,10.0,1.0,1.4,21.0,-3,6.0,-11.0,21.0,1.5666666666666667,1.2,0.3666666666666667,0.3333333333333333,-0.36666666666666664,0.7,1
2022-04-23,18:00,Santa Clara,Maritimo,2.0,2.0,D,2.0,0.0,H,2.0,3.0,0.0,0.0,21-22,11,7,35,36,8,9,-14.0,-3.0,30,30,89.0,99.0,9.0,7.0,19,6.0,15.0,0.6,0.8,20.0,1.2,1.4,17.0,4,-9.0,3.0,-11.0,1.1666666666666667,1.2,-0.033333333333333215,-0.4666666666666667,-0.1,-0.3666666666666667,1
2022-04-23,18:00,Benfica,Famalicao,0.0,0.0,D,0.0,0.0,D,2.0,4.0,0.0,0.0,21-22,3,14,67,29,21,6,46.0,-10.0,30,30,62.0,94.0,3.0,4.0,6,3.0,9.0,2.0,1.2,34.0,0.8,1.2,8.0,-11,-6.0,26.0,56.0,2.2333333333333334,0.9666666666666667,1.2666666666666666,1.5333333333333334,-0.3333333333333333,1.8666666666666667,1
2022-04-23,15:30,Portimonense,Moreirense,1.0,0.0,H,1.0,0.0,H,2.0,5.0,0.0,0.0,21-22,12,16,32,26,8,6,-14.0,-18.0,30,30,108.0,97.0,5.0,5.0,3,14.0,7.0,0.4,2.6,12.0,1.0,1.2,27.0,-4,7.0,-15.0,4.0,1.0666666666666667,0.8666666666666667,0.19999999999999996,-0.4666666666666667,-0.6,0.1333333333333333,1
2022-04-22,20:15,Vizela,Arouca,2.0,1.0,H,1.0,0.0,H,4.0,1.0,0.0,0.0,21-22,14,15,29,27,6,6,-17.0,-23.0,30,30,86.0,92.0,7.0,6.0,24,19.0,19.0,0.8,1.0,12.0,1.0,1.2,16.0,-1,0.0,-4.0,6.0,0.9666666666666667,0.9,0.06666666666666665,-0.5666666666666667,-0.7666666666666667,0.20000000000000007,1
2022-04-18,20:30,Estoril,Sp Braga,0.0,0.0,D,0.0,0.0,D,1.0,0.0,0.0,0.0,21-22,10,4,34,55,8,16,-4.0,19.0,29,29,84.0,74.0,3.0,4.0,17,19.0,4.0,0.8,1.2,7.0,1.4,1.0,37.0,6,15.0,-30.0,-23.0,1.1724137931034482,1.896551724137931,-0.7241379310344829,-0.13793103448275862,0.6551724137931034,-0.7931034482758621,1
2022-04-17,20:30,Sp Lisbon,Benfica,0.0,2.0,A,0.0,1.0,A,2.0,3.0,0.0,0.0,21-22,2,3,73,64,23,20,41.0,44.0,29,29,88.0,59.0,6.0,3.0,9,1.0,3.0,2.4,0.4,45.0,2.0,1.4,29.0,-1,-2.0,16.0,-3.0,2.5172413793103448,2.206896551724138,0.31034482758620685,1.4137931034482758,1.5172413793103448,-0.10344827586206895,1
2022-04-16,20:30,Porto,Portimonense,7.0,0.0,H,4.0,0.0,H,0.0,2.0,0.0,0.0,21-22,1,12,79,32,25,8,53.0,-7.0,29,29,75.0,106.0,6.0,5.0,7,2.0,14.0,2.6,0.4,45.0,0.6,1.6,15.0,-11,-12.0,30.0,60.0,2.7241379310344827,1.103448275862069,1.6206896551724137,1.8275862068965518,-0.2413793103448276,2.0689655172413794,1
2022-04-16,18:00,Maritimo,Boavista,4.0,0.0,H,2.0,0.0,H,4.0,5.0,0.0,1.0,21-22,10,11,33,33,8,6,-7.0,-7.0,29,29,95.0,104.0,7.0,7.0,5,15.0,12.0,0.6,1.4,6.0,0.8,0.6,30.0,-1,3.0,-24.0,0.0,1.1379310344827587,1.1379310344827587,0.0,-0.2413793103448276,-0.2413793103448276,0.0,1
2022-04-16,18:00,Belenenses,Vizela,1.0,0.0,H,1.0,0.0,H,2.0,2.0,0.0,0.0,21-22,18,14,21,29,4,6,-31.0,-16.0,29,29,106.0,84.0,7.0,7.0,10,10.0,19.0,0.8,0.8,18.0,1.0,1.4,17.0,4,-9.0,1.0,-15.0,0.7241379310344828,1.0,-0.27586206896551724,-1.0689655172413792,-0.5517241379310345,-0.5172413793103448,1
2022-04-16,15:30,Moreirense,Tondela,2.0,0.0,H,2.0,0.0,H,6.0,5.0,0.0,0.0,21-22,17,16,23,25,5,7,-20.0,-21.0,29,29,91.0,77.0,5.0,4.0,12,7.0,13.0,0.6,1.4,15.0,1.4,2.2,16.0,1,-6.0,-1.0,1.0,0.7931034482758621,0.8620689655172413,-0.06896551724137923,-0.6896551724137931,-0.7241379310344828,0.03448275862068961,1
2022-04-15,20:30,Guimaraes,Pacos Ferreira,4.0,0.0,H,2.0,0.0,H,0.0,5.0,0.0,1.0,21-22,6,7,39,36,11,9,0.0,-7.0,29,29,107.0,91.0,5.0,3.0,8,8.0,5.0,1.0,1.0,21.0,1.4,1.4,30.0,-1,3.0,-9.0,7.0,1.3448275862068966,1.2413793103448276,0.10344827586206895,0.0,-0.2413793103448276,0.2413793103448276,1
2022-04-15,18:00,Famalicao,Gil Vicente,2.0,2.0,D,2.0,1.0,H,6.0,4.0,0.0,0.0,21-22,14,5,28,46,6,12,-10.0,10.0,29,29,88.0,82.0,4.0,4.0,21,9.0,11.0,0.6,1.2,5.0,0.8,1.0,10.0,9,-2.0,-5.0,-20.0,0.9655172413793104,1.5862068965517242,-0.6206896551724138,-0.3448275862068966,0.3448275862068966,-0.6896551724137931,1
2022-04-15,15:30,Arouca,Santa Clara,1.0,1.0,D,0.0,0.0,D,3.0,4.0,0.0,0.0,21-22,15,9,26,34,6,8,-23.0,-14.0,29,29,89.0,85.0,6.0,9.0,23,19.0,6.0,0.8,1.4,15.0,1.0,0.8,23.0,6,13.0,-8.0,-9.0,0.896551724137931,1.1724137931034482,-0.2758620689655171,-0.7931034482758621,-0.4827586206896552,-0.3103448275862069,1
2022-04-10,20:30,Vizela,Sp Braga,0.0,1.0,A,0.0,1.0,A,3.0,4.0,0.0,1.0,21-22,13,4,29,52,6,15,-15.0,18.0,28,28,81.0,70.0,7.0,3.0,24,19.0,4.0,1.2,1.4,23.0,1.2,1.0,30.0,9,15.0,-7.0,-33.0,1.0357142857142858,1.8571428571428572,-0.8214285714285714,-0.5357142857142857,0.6428571428571429,-1.1785714285714286,1
2022-04-10,18:00,Guimaraes,Porto,0.0,1.0,A,0.0,1.0,A,6.0,2.0,1.0,0.0,21-22,6,1,39,76,11,24,1.0,52.0,28,28,101.0,73.0,4.0,6.0,8,8.0,2.0,1.0,1.4,30.0,2.6,0.6,43.0,5,6.0,-13.0,-51.0,1.3928571428571428,2.7142857142857144,-1.3214285714285716,0.03571428571428571,1.8571428571428572,-1.8214285714285714,1
2022-04-10,15:30,Santa Clara,Estoril,2.0,0.0,H,1.0,0.0,H,2.0,1.0,0.0,0.0,21-22,11,8,31,34,7,8,-16.0,-2.0,28,28,83.0,83.0,9.0,3.0,19,6.0,19.0,0.6,0.8,14.0,1.2,1.4,11.0,3,-13.0,3.0,-14.0,1.1071428571428572,1.2142857142857142,-0.10714285714285698,-0.5714285714285714,-0.07142857142857142,-0.5,1
2022-04-10,15:30,Portimonense,Famalicao,1.0,0.0,H,1.0,0.0,H,7.0,4.0,1.0,0.0,21-22,12,14,29,28,7,6,-8.0,-9.0,28,28,99.0,84.0,4.0,4.0,3,14.0,9.0,0.6,1.8,1.0,1.0,1.2,10.0,-2,5.0,-9.0,1.0,1.0357142857142858,1.0,0.03571428571428581,-0.2857142857142857,-0.32142857142857145,0.035714285714285754,1
2022-04-09,20:30,Tondela,Sp Lisbon,1.0,3.0,A,0.0,2.0,A,3.0,2.0,0.0,0.0,21-22,16,2,25,70,7,22,-19.0,39.0,28,28,74.0,86.0,4.0,6.0,15,13.0,1.0,1.4,2.0,21.0,2.0,0.4,43.0,14,12.0,-22.0,-58.0,0.8928571428571429,2.5,-1.6071428571428572,-0.6785714285714286,1.3928571428571428,-2.071428571428571,1
2022-04-09,18:00,Boavista,Arouca,1.0,0.0,H,1.0,0.0,H,4.0,3.0,0.0,0.0,21-22,11,15,30,26,5,6,-8.0,-22.0,28,28,100.0,86.0,7.0,6.0,11,12.0,19.0,1.2,1.0,23.0,1.0,1.4,20.0,-4,-7.0,3.0,14.0,1.0714285714285714,0.9285714285714286,0.1428571428571428,-0.2857142857142857,-0.7857142857142857,0.5,1
2022-04-09,18:00,Benfica,Belenenses,3.0,1.0,H,1.0,1.0,D,1.0,7.0,0.0,0.0,21-22,3,18,61,21,19,4,42.0,-29.0,28,28,58.0,99.0,3.0,7.0,6,3.0,10.0,2.0,1.2,24.0,0.6,0.6,24.0,-15,-7.0,0.0,71.0,2.1785714285714284,0.75,1.4285714285714284,1.5,-1.0357142857142858,2.5357142857142856,1
2022-04-09,15:30,Pacos Ferreira,Maritimo,2.0,0.0,H,2.0,0.0,H,0.0,1.0,0.0,0.0,21-22,9,8,33,33,8,8,-9.0,-5.0,28,28,91.0,94.0,3.0,7.0,13,5.0,15.0,1.4,1.4,24.0,0.8,1.2,11.0,1,-10.0,13.0,-4.0,1.1785714285714286,1.1785714285714286,0.0,-0.32142857142857145,-0.17857142857142858,-0.14285714285714288,1
2022-04-08,20:15,Gil Vicente,Moreirense,1.0,2.0,A,0.0,0.0,D,1.0,4.0,0.0,1.0,21-22,5,18,46,20,12,4,11.0,-21.0,28,28,81.0,87.0,4.0,4.0,20,11.0,7.0,0.8,0.8,16.0,0.4,1.4,1.0,-13,4.0,15.0,32.0,1.6428571428571428,0.7142857142857143,0.9285714285714285,0.39285714285714285,-0.75,1.1428571428571428,1
2022-04-04,20:15,Porto,Santa Clara,3.0,0.0,H,2.0,0.0,H,0.0,0.0,0.0,0.0,21-22,1,10,73,31,23,7,49.0,-13.0,27,27,73.0,83.0,6.0,9.0,7,2.0,6.0,2.2,0.6,41.0,0.8,0.4,21.0,-9,-4.0,20.0,62.0,2.7037037037037037,1.1481481481481481,1.5555555555555556,1.8148148148148149,-0.48148148148148145,2.2962962962962963,1
2022-04-03,20:30,Sp Lisbon,Pacos Ferreira,2.0,0.0,H,1.0,0.0,H,2.0,4.0,0.0,0.0,21-22,2,9,67,33,21,8,37.0,-7.0,27,27,84.0,87.0,6.0,3.0,9,1.0,5.0,2.2,0.4,41.0,1.8,1.2,36.0,-7,-4.0,5.0,44.0,2.4814814814814814,1.2222222222222223,1.259259259259259,1.3703703703703705,-0.25925925925925924,1.6296296296296298,1
2022-04-03,18:00,Moreirense,Guimaraes,0.0,1.0,A,0.0,0.0,D,2.0,5.0,0.0,0.0,21-22,18,6,20,36,4,10,-20.0,0.0,27,27,85.0,96.0,4.0,4.0,12,7.0,8.0,0.4,1.4,2.0,1.0,2.0,21.0,12,-1.0,-19.0,-20.0,0.7407407407407407,1.3333333333333333,-0.5925925925925926,-0.7407407407407407,0.0,-0.7407407407407407,1
2022-04-03,15:30,Maritimo,Tondela,1.0,3.0,A,1.0,1.0,D,3.0,2.0,0.0,0.0,21-22,8,16,33,22,8,6,-3.0,-21.0,27,27,91.0,72.0,7.0,4.0,5,15.0,13.0,0.6,0.8,16.0,0.8,2.0,8.0,-8,2.0,8.0,18.0,1.2222222222222223,0.8148148148148148,0.40740740740740755,-0.1111111111111111,-0.7777777777777778,0.6666666666666667,1
2022-04-02,20:30,Famalicao,Boavista,1.0,2.0,A,0.0,2.0,A,3.0,4.0,0.0,1.0,21-22,13,14,28,27,6,4,-8.0,-9.0,27,27,81.0,96.0,4.0,6.0,21,9.0,12.0,1.0,0.8,18.0,1.2,1.2,14.0,-1,-3.0,4.0,1.0,1.037037037037037,1.0,0.03703703703703698,-0.2962962962962963,-0.3333333333333333,0.037037037037037035,1
2022-04-02,18:00,Estoril,Vizela,1.0,2.0,A,1.0,1.0,D,2.0,2.0,0.0,0.0,21-22,7,14,34,26,8,5,-1.0,-16.0,27,27,81.0,79.0,3.0,7.0,17,19.0,19.0,1.0,1.6,15.0,1.0,1.6,11.0,-7,0.0,4.0,15.0,1.2592592592592593,0.9629629629629629,0.2962962962962964,-0.037037037037037035,-0.5925925925925926,0.5555555555555556,1
2022-04-02,18:00,Arouca,Gil Vicente,2.0,1.0,H,0.0,0.0,D,2.0,5.0,1.0,1.0,21-22,15,5,23,46,5,12,-23.0,12.0,27,27,84.0,76.0,5.0,3.0,23,19.0,11.0,1.2,1.4,10.0,1.0,0.4,25.0,10,8.0,-15.0,-35.0,0.8518518518518519,1.7037037037037037,-0.8518518518518519,-0.8518518518518519,0.4444444444444444,-1.2962962962962963,1
2022-04-02,15:30,Belenenses,Portimonense,2.0,0.0,H,1.0,0.0,H,5.0,3.0,0.0,1.0,21-22,18,11,18,29,3,7,-31.0,-6.0,27,27,94.0,96.0,7.0,3.0,10,10.0,14.0,0.2,1.0,12.0,0.8,1.6,3.0,7,-4.0,9.0,-25.0,0.6666666666666666,1.0740740740740742,-0.40740740740740755,-1.1481481481481481,-0.2222222222222222,-0.9259259259259259,1
2022-04-01,20:15,Sp Braga,Benfica,3.0,2.0,H,1.0,0.0,H,2.0,1.0,0.0,0.0,21-22,4,3,49,61,14,19,17.0,43.0,27,27,68.0,57.0,3.0,3.0,14,4.0,3.0,0.8,0.6,23.0,2.0,1.0,35.0,1,1.0,-12.0,-26.0,1.8148148148148149,2.259259259259259,-0.4444444444444442,0.6296296296296297,1.5925925925925926,-0.9629629629629629,1
2022-03-20,20:45,Boavista,Porto,0.0,1.0,A,0.0,1.0,A,2.0,2.0,0.0,0.0,21-22,13,1,27,70,4,22,-8.0,48.0,26,26,94.0,71.0,6.0,6.0,11,12.0,2.0,1.4,1.2,21.0,2.4,1.0,37.0,12,10.0,-16.0,-56.0,1.0384615384615385,2.6923076923076925,-1.653846153846154,-0.3076923076923077,1.8461538461538463,-2.153846153846154,0
2022-03-20,20:00,Portimonense,Sp Braga,1.0,2.0,A,0.0,2.0,A,1.0,1.0,0.0,0.0,21-22,11,4,29,46,7,13,-5.0,16.0,26,26,95.0,67.0,3.0,3.0,3,14.0,4.0,0.8,1.4,6.0,0.8,0.6,16.0,7,10.0,-10.0,-21.0,1.1153846153846154,1.7692307692307692,-0.6538461538461537,-0.19230769230769232,0.6153846153846154,-0.8076923076923077,0
2022-03-20,18:00,Benfica,Estoril,2.0,1.0,H,1.0,0.0,H,1.0,2.0,0.0,0.0,21-22,3,7,58,34,18,8,42.0,0.0,26,26,56.0,79.0,3.0,3.0,6,3.0,19.0,2.0,1.0,31.0,1.0,1.2,22.0,-4,-16.0,9.0,42.0,2.230769230769231,1.3076923076923077,0.9230769230769231,1.6153846153846154,0.0,1.6153846153846154,0
2022-03-20,15:30,Pacos Ferreira,Moreirense,2.0,1.0,H,1.0,0.0,H,2.0,4.0,0.0,0.0,21-22,10,17,30,20,7,4,-8.0,-19.0,26,26,85.0,81.0,3.0,4.0,13,5.0,7.0,1.6,1.4,30.0,0.2,2.0,3.0,-7,-2.0,27.0,11.0,1.1538461538461537,0.7692307692307693,0.38461538461538447,-0.3076923076923077,-0.7307692307692307,0.423076923076923,0
2022-03-20,15:30,Gil Vicente,Maritimo,1.0,1.0,D,1.0,1.0,D,3.0,3.0,0.0,0.0,21-22,5,9,45,32,12,8,12.0,-3.0,26,26,73.0,88.0,3.0,7.0,20,11.0,15.0,1.0,0.2,31.0,1.0,0.6,18.0,-4,-4.0,13.0,15.0,1.7307692307692308,1.2307692307692308,0.5,0.46153846153846156,-0.11538461538461539,0.576923076923077,0
2022-03-19,20:30,Guimaraes,Sp Lisbon,1.0,3.0,A,1.0,1.0,D,4.0,2.0,0.0,0.0,21-22,6,2,36,64,10,20,2.0,35.0,26,26,92.0,82.0,4.0,6.0,8,8.0,1.0,0.8,1.6,27.0,2.0,0.6,37.0,4,7.0,-10.0,-33.0,1.3846153846153846,2.4615384615384617,-1.076923076923077,0.07692307692307693,1.3461538461538463,-1.2692307692307694,0
2022-03-19,18:00,Santa Clara,Belenenses,0.0,0.0,D,0.0,0.0,D,3.0,5.0,0.0,0.0,21-22,10,18,30,17,7,3,-13.0,-31.0,26,26,80.0,89.0,9.0,7.0,19,6.0,10.0,1.0,0.8,22.0,0.4,1.0,12.0,-8,-4.0,10.0,18.0,1.1538461538461537,0.6538461538461539,0.4999999999999999,-0.5,-1.1923076923076923,0.6923076923076923,0
2022-03-19,15:30,Tondela,Arouca,2.0,2.0,D,2.0,1.0,H,1.0,3.0,0.0,0.0,21-22,16,15,21,22,6,5,-21.0,-23.0,26,26,71.0,81.0,4.0,5.0,15,13.0,19.0,0.4,1.8,4.0,0.8,1.6,9.0,1,-6.0,-5.0,2.0,0.8076923076923077,0.8461538461538461,-0.038461538461538436,-0.8076923076923077,-0.8846153846153846,0.07692307692307687,0
2022-03-18,20:15,Vizela,Famalicao,1.0,1.0,D,0.0,1.0,A,0.0,4.0,0.0,1.0,21-22,14,12,25,27,5,6,-16.0,-8.0,26,26,79.0,77.0,7.0,3.0,24,19.0,9.0,0.8,1.6,8.0,1.8,0.6,23.0,2,10.0,-15.0,-8.0,0.9615384615384616,1.0384615384615385,-0.07692307692307698,-0.6153846153846154,-0.3076923076923077,-0.3076923076923077,0
2022-03-14,20:15,Moreirense,Sp Lisbon,0.0,2.0,A,0.0,2.0,A,4.0,4.0,0.0,0.0,21-22,17,2,20,61,4,19,-17.0,33.0,25,25,77.0,78.0,4.0,6.0,12,7.0,1.0,1.0,1.8,7.0,2.0,0.6,33.0,15,6.0,-26.0,-50.0,0.8,2.44,-1.64,-0.68,1.32,-2.0,0
2022-03-13,20:30,Sp Braga,Gil Vicente,0.0,1.0,A,0.0,0.0,D,3.0,3.0,0.0,0.0,21-22,4,5,46,42,13,11,17.0,11.0,25,25,64.0,70.0,3.0,3.0,14,4.0,11.0,1.0,0.8,24.0,1.2,0.6,25.0,-1,-7.0,-1.0,6.0,1.84,1.68,0.16000000000000014,0.68,0.44,0.24000000000000005,0
2022-03-13,18:00,Porto,Tondela,4.0,0.0,H,1.0,0.0,H,1.0,3.0,0.0,1.0,21-22,1,16,67,21,21,6,44.0,-17.0,25,25,70.0,68.0,6.0,3.0,7,2.0,13.0,2.0,1.0,33.0,0.6,1.6,5.0,-15,-11.0,28.0,61.0,2.68,0.84,1.8400000000000003,1.76,-0.68,2.44,0
2022-03-13,15:30,Maritimo,Guimaraes,0.0,1.0,A,0.0,0.0,D,2.0,3.0,0.0,0.0,21-22,8,7,32,33,8,9,-2.0,1.0,25,25,86.0,89.0,7.0,4.0,5,15.0,8.0,1.0,0.4,26.0,1.0,1.8,18.0,1,7.0,8.0,-3.0,1.28,1.32,-0.040000000000000036,-0.08,0.04,-0.12,0
2022-03-12,20:30,Belenenses,Boavista,0.0,0.0,D,0.0,0.0,D,4.0,3.0,0.0,0.0,21-22,18,13,16,26,3,4,-31.0,-8.0,25,25,85.0,91.0,7.0,6.0,10,10.0,12.0,0.6,1.8,11.0,1.8,1.6,23.0,5,-2.0,-12.0,-23.0,0.64,1.04,-0.4,-1.24,-0.32,-0.9199999999999999,0
2022-03-12,18:00,Arouca,Pacos Ferreira,0.0,1.0,A,0.0,1.0,A,4.0,5.0,0.0,0.0,21-22,15,12,22,27,5,6,-22.0,-9.0,25,25,77.0,80.0,5.0,3.0,23,19.0,5.0,0.8,1.8,13.0,1.6,1.6,22.0,3,14.0,-9.0,-13.0,0.88,1.08,-0.20000000000000007,-0.88,-0.36,-0.52,0
2022-03-12,15:30,Famalicao,Santa Clara,0.0,0.0,D,0.0,0.0,D,1.0,4.0,0.0,0.0,21-22,12,10,26,29,6,7,-8.0,-13.0,25,25,76.0,76.0,3.0,9.0,21,9.0,6.0,1.8,1.0,27.0,1.4,1.2,23.0,2,3.0,4.0,5.0,1.04,1.16,-0.11999999999999988,-0.32,-0.52,0.2,0
2022-03-12,15:30,Estoril,Portimonense,2.0,0.0,H,1.0,0.0,H,3.0,3.0,0.0,0.0,21-22,8,9,31,29,7,7,-2.0,-3.0,25,25,76.0,92.0,3.0,3.0,17,19.0,14.0,0.6,1.2,12.0,1.0,1.2,10.0,-1,5.0,2.0,1.0,1.24,1.16,0.08000000000000007,-0.08,-0.12,0.039999999999999994,0
2022-03-11,20:15,Benfica,Vizela,1.0,1.0,D,0.0,0.0,D,2.0,6.0,1.0,0.0,21-22,3,14,57,24,18,5,42.0,-16.0,25,25,54.0,73.0,2.0,7.0,6,3.0,19.0,2.4,1.0,39.0,1.0,1.8,5.0,-11,-16.0,34.0,58.0,2.28,0.96,1.3199999999999998,1.68,-0.64,2.32,0
2022-03-07,20:15,Tondela,Belenenses,1.0,1.0,D,1.0,0.0,H,4.0,3.0,0.0,0.0,21-22,16,18,20,15,6,3,-17.0,-31.0,24,24,64.0,82.0,3.0,7.0,15,13.0,10.0,0.8,1.6,3.0,0.6,2.4,9.0,-2,3.0,-6.0,14.0,0.8333333333333334,0.625,0.20833333333333337,-0.7083333333333334,-1.2916666666666667,0.5833333333333334,0
2022-03-06,20:30,Santa Clara,Vizela,3.0,1.0,H,0.0,0.0,D,0.0,2.0,0.0,0.0,21-22,13,14,26,24,6,5,-15.0,-14.0,24,24,76.0,71.0,9.0,7.0,19,6.0,19.0,1.2,1.2,14.0,1.4,1.6,10.0,-1,-13.0,4.0,-1.0,1.0833333333333333,1.0,0.08333333333333326,-0.625,-0.5833333333333334,-0.04166666666666663,0
2022-03-06,20:30,Guimaraes,Famalicao,2.0,1.0,H,1.0,1.0,D,5.0,2.0,0.0,0.0,21-22,8,11,30,26,8,6,0.0,-7.0,24,24,84.0,74.0,4.0,3.0,8,8.0,9.0,1.0,2.2,6.0,1.6,0.6,37.0,-3,-1.0,-31.0,7.0,1.25,1.0833333333333333,0.16666666666666674,0.0,-0.2916666666666667,0.2916666666666667,0
2022-03-06,18:00,Pacos Ferreira,Porto,2.0,4.0,A,1.0,2.0,A,0.0,2.0,0.0,0.0,21-22,10,1,27,64,6,20,-7.0,42.0,24,24,80.0,68.0,3.0,6.0,13,5.0,2.0,1.2,0.8,30.0,1.6,0.8,29.0,9,3.0,1.0,-49.0,1.125,2.6666666666666665,-1.5416666666666665,-0.2916666666666667,1.75,-2.0416666666666665,0
2022-03-06,15:30,Moreirense,Maritimo,0.0,1.0,A,0.0,1.0,A,2.0,4.0,0.0,0.0,21-22,16,8,20,29,4,7,-16.0,-3.0,24,24,75.0,82.0,4.0,7.0,12,7.0,15.0,1.0,2.0,11.0,1.0,0.8,16.0,8,-8.0,-5.0,-13.0,0.8333333333333334,1.2083333333333333,-0.3749999999999999,-0.6666666666666666,-0.125,-0.5416666666666666,0
2022-03-05,20:30,Sp Lisbon,Arouca,2.0,0.0,H,0.0,0.0,D,2.0,4.0,0.0,0.0,21-22,2,15,58,22,18,5,31.0,-20.0,24,24,76.0,73.0,6.0,5.0,9,1.0,19.0,2.4,0.8,29.0,0.8,1.4,18.0,-13,-18.0,11.0,51.0,2.4166666666666665,0.9166666666666666,1.5,1.2916666666666667,-0.8333333333333334,2.125,0
2022-03-05,18:00,Portimonense,Benfica,1.0,2.0,A,1.0,1.0,D,5.0,3.0,1.0,0.0,21-22,8,3,29,54,7,17,-2.0,41.0,24,24,87.0,51.0,2.0,2.0,3,14.0,3.0,1.0,1.2,14.0,2.2,1.2,34.0,5,11.0,-20.0,-43.0,1.2083333333333333,2.25,-1.0416666666666667,-0.08333333333333333,1.7083333333333333,-1.7916666666666665,0
2022-03-05,15:30,Boavista,Sp Braga,1.0,1.0,D,0.0,1.0,A,5.0,3.0,0.0,0.0,21-22,13,4,25,45,4,13,-8.0,17.0,24,24,86.0,61.0,6.0,3.0,11,12.0,4.0,1.8,1.8,24.0,1.2,0.6,29.0,9,8.0,-5.0,-25.0,1.0416666666666667,1.875,-0.8333333333333333,-0.3333333333333333,0.7083333333333334,-1.0416666666666667,0
2022-03-04,20:15,Gil Vicente,Estoril,0.0,0.0,D,0.0,0.0,D,2.0,1.0,0.0,0.0,21-22,5,7,41,30,11,7,11.0,-2.0,24,24,68.0,75.0,3.0,3.0,20,11.0,19.0,1.6,0.8,31.0,0.6,1.2,12.0,-2,-8.0,19.0,13.0,1.7083333333333333,1.25,0.45833333333333326,0.4583333333333333,-0.08333333333333333,0.5416666666666666,0
2022-02-28,20:15,Sp Braga,Santa Clara,0.0,0.0,D,0.0,0.0,D,3.0,5.0,0.0,2.0,21-22,4,13,44,25,13,6,17.0,-15.0,23,23,58.0,71.0,3.0,7.0,14,4.0,6.0,1.6,0.8,36.0,1.6,1.2,17.0,-9,-2.0,19.0,32.0,1.9130434782608696,1.0869565217391304,0.8260869565217392,0.7391304347826086,-0.6521739130434783,1.391304347826087,0
2022-02-27,20:30,Porto,Gil Vicente,1.0,1.0,D,0.0,0.0,D,2.0,1.0,0.0,1.0,21-22,1,5,63,40,20,11,42.0,11.0,23,23,66.0,67.0,6.0,2.0,7,2.0,11.0,2.0,0.8,37.0,1.6,0.6,39.0,-4,-9.0,-2.0,31.0,2.739130434782609,1.7391304347826086,1.0000000000000002,1.826086956521739,0.4782608695652174,1.3478260869565215,0
2022-02-27,18:00,Estoril,Boavista,2.0,3.0,A,1.0,1.0,D,2.0,4.0,0.0,0.0,21-22,7,14,30,22,7,3,-1.0,-9.0,23,23,73.0,82.0,3.0,6.0,17,19.0,12.0,0.4,1.0,17.0,1.4,1.6,13.0,-7,7.0,4.0,8.0,1.3043478260869565,0.9565217391304348,0.34782608695652173,-0.043478260869565216,-0.391304347826087,0.34782608695652173,0
2022-02-27,18:00,Benfica,Guimaraes,3.0,0.0,H,2.0,0.0,H,1.0,2.0,0.0,0.0,21-22,3,6,51,30,16,8,38.0,3.0,23,23,50.0,82.0,2.0,4.0,6,3.0,8.0,2.0,1.2,29.0,1.6,1.8,12.0,-3,-5.0,17.0,35.0,2.217391304347826,1.3043478260869565,0.9130434782608696,1.6521739130434783,0.13043478260869565,1.5217391304347827,0
2022-02-27,15:30,Vizela,Portimonense,1.0,1.0,D,1.0,1.0,D,1.0,2.0,0.0,0.0,21-22,13,9,23,28,5,7,-14.0,-2.0,23,23,70.0,85.0,7.0,2.0,24,19.0,14.0,1.8,1.8,12.0,0.8,1.2,12.0,4,5.0,0.0,-12.0,1.0,1.2173913043478262,-0.21739130434782616,-0.6086956521739131,-0.08695652173913043,-0.5217391304347827,0
2022-02-26,20:30,Arouca,Moreirense,1.0,1.0,D,0.0,1.0,A,3.0,3.0,0.0,1.0,21-22,15,17,21,19,5,4,-20.0,-16.0,23,23,70.0,72.0,5.0,3.0,23,19.0,7.0,1.0,1.4,20.0,0.8,2.2,9.0,-2,12.0,11.0,-4.0,0.9130434782608695,0.8260869565217391,0.08695652173913038,-0.8695652173913043,-0.6956521739130435,-0.17391304347826086,0
2022-02-26,18:00,Maritimo,Sp Lisbon,1.0,1.0,D,1.0,1.0,D,3.0,2.0,0.0,0.0,21-22,9,2,28,57,7,18,-3.0,31.0,23,23,79.0,74.0,7.0,6.0,5,15.0,1.0,1.0,0.8,16.0,2.4,1.0,34.0,7,14.0,-18.0,-34.0,1.2173913043478262,2.4782608695652173,-1.2608695652173911,-0.13043478260869565,1.3478260869565217,-1.4782608695652173,0
2022-02-26,15:30,Famalicao,Tondela,2.0,1.0,H,0.0,0.0,D,5.0,3.0,0.0,0.0,21-22,12,16,23,20,5,6,-8.0,-16.0,23,23,69.0,61.0,3.0,3.0,21,9.0,13.0,1.4,1.0,29.0,1.0,1.8,6.0,-4,-4.0,23.0,8.0,1.0,0.8695652173913043,0.13043478260869568,-0.34782608695652173,-0.6956521739130435,0.34782608695652173,0
2022-02-25,20:15,Belenenses,Pacos Ferreira,0.0,2.0,A,0.0,1.0,A,2.0,4.0,0.0,0.0,21-22,18,11,15,24,3,5,-29.0,-9.0,23,23,80.0,76.0,7.0,3.0,10,10.0,5.0,0.8,2.2,13.0,1.0,1.0,21.0,7,5.0,-8.0,-20.0,0.6521739130434783,1.0434782608695652,-0.3913043478260869,-1.2608695652173914,-0.391304347826087,-0.8695652173913044,0
2022-02-21,20:15,Santa Clara,Portimonense,1.0,1.0,D,1.0,0.0,H,1.0,1.0,0.0,0.0,21-22,11,9,24,27,6,7,-15.0,-2.0,22,22,70.0,84.0,7.0,2.0,19,6.0,14.0,1.8,1.4,20.0,0.8,1.2,10.0,2,-8.0,10.0,-13.0,1.0909090909090908,1.2272727272727273,-0.13636363636363646,-0.6818181818181818,-0.09090909090909091,-0.5909090909090908,0
2022-02-20,20:45,Tondela,Sp Braga,0.0,1.0,A,0.0,0.0,D,2.0,1.0,0.0,0.0,21-22,16,4,20,41,6,12,-15.0,16.0,22,22,59.0,57.0,3.0,3.0,15,13.0,4.0,1.4,2.0,10.0,1.4,1.0,30.0,12,9.0,-20.0,-31.0,0.9090909090909091,1.8636363636363635,-0.9545454545454545,-0.6818181818181818,0.7272727272727273,-1.4090909090909092,0
2022-02-20,20:00,Moreirense,Porto,0.0,1.0,A,0.0,1.0,A,7.0,4.0,1.0,1.0,21-22,17,1,19,60,4,19,-15.0,41.0,22,22,65.0,62.0,2.0,5.0,12,7.0,2.0,1.0,2.2,13.0,2.6,1.0,35.0,16,5.0,-22.0,-56.0,0.8636363636363636,2.727272727272727,-1.8636363636363633,-0.6818181818181818,1.8636363636363635,-2.5454545454545454,0
2022-02-20,18:00,Sp Lisbon,Estoril,3.0,0.0,H,1.0,0.0,H,3.0,3.0,0.0,1.0,21-22,2,7,54,30,17,7,28.0,2.0,22,22,71.0,70.0,6.0,2.0,9,1.0,19.0,2.2,1.0,29.0,0.6,1.0,22.0,-5,-18.0,7.0,26.0,2.4545454545454546,1.3636363636363635,1.090909090909091,1.2727272727272727,0.09090909090909091,1.1818181818181819,0
2022-02-20,15:30,Maritimo,Famalicao,0.0,1.0,A,0.0,1.0,A,3.0,3.0,1.0,0.0,21-22,8,15,28,20,7,4,-2.0,-9.0,22,22,76.0,66.0,6.0,3.0,5,15.0,9.0,1.2,0.6,24.0,1.2,1.0,19.0,-7,6.0,5.0,7.0,1.2727272727272727,0.9090909090909091,0.36363636363636365,-0.09090909090909091,-0.4090909090909091,0.31818181818181823,0
2022-02-19,20:30,Guimaraes,Arouca,1.0,3.0,A,1.0,3.0,A,3.0,4.0,0.0,0.0,21-22,6,17,30,18,8,4,5.0,-22.0,22,22,79.0,66.0,4.0,5.0,8,8.0,19.0,1.6,1.4,19.0,0.4,1.6,9.0,-11,-11.0,10.0,27.0,1.3636363636363635,0.8181818181818182,0.5454545454545453,0.22727272727272727,-1.0,1.2272727272727273,0
2022-02-19,18:00,Pacos Ferreira,Vizela,2.0,1.0,H,1.0,1.0,D,7.0,4.0,0.0,2.0,21-22,13,11,21,23,4,5,-10.0,-13.0,22,22,69.0,66.0,3.0,5.0,13,5.0,19.0,0.6,0.8,10.0,1.6,1.8,19.0,2,-14.0,-9.0,3.0,0.9545454545454546,1.0454545454545454,-0.09090909090909083,-0.45454545454545453,-0.5909090909090909,0.1363636363636364,0
2022-02-19,15:30,Gil Vicente,Belenenses,2.0,0.0,H,0.0,0.0,D,2.0,4.0,0.0,0.0,21-22,5,18,37,15,10,3,9.0,-27.0,22,22,65.0,76.0,2.0,7.0,20,11.0,10.0,1.4,0.8,35.0,1.0,2.6,17.0,-13,1.0,18.0,36.0,1.6818181818181819,0.6818181818181818,1.0,0.4090909090909091,-1.2272727272727273,1.6363636363636365,0
2022-02-18,20:15,Boavista,Benfica,2.0,2.0,D,0.0,2.0,A,5.0,3.0,0.0,0.0,21-22,12,3,21,50,3,16,-9.0,38.0,22,22,77.0,47.0,6.0,2.0,11,12.0,3.0,1.2,1.4,12.0,1.8,1.0,34.0,9,9.0,-22.0,-47.0,0.9545454545454546,2.272727272727273,-1.3181818181818183,-0.4090909090909091,1.7272727272727273,-2.1363636363636362,0
2022-02-14,20:15,Arouca,Maritimo,0.0,3.0,A,0.0,2.0,A,2.0,4.0,0.0,1.0,21-22,17,9,18,25,4,6,-19.0,-5.0,21,21,64.0,72.0,5.0,5.0,23,19.0,15.0,0.6,1.4,13.0,1.0,0.8,17.0,8,4.0,-4.0,-14.0,0.8571428571428571,1.1904761904761905,-0.33333333333333337,-0.9047619047619048,-0.23809523809523808,-0.6666666666666667,0
2022-02-13,20:30,Vizela,Gil Vicente,0.0,1.0,A,0.0,1.0,A,3.0,4.0,0.0,0.0,21-22,11,5,23,34,5,9,-12.0,8.0,21,21,63.0,61.0,5.0,2.0,24,19.0,11.0,1.6,1.8,26.0,1.8,1.2,31.0,6,8.0,-5.0,-20.0,1.0952380952380953,1.619047619047619,-0.5238095238095237,-0.5714285714285714,0.38095238095238093,-0.9523809523809523,0
2022-02-13,18:00,Belenenses,Guimaraes,1.0,0.0,H,0.0,0.0,D,6.0,4.0,0.0,0.0,21-22,18,6,12,30,2,8,-28.0,6.0,21,21,70.0,75.0,7.0,4.0,10,10.0,8.0,0.8,2.8,3.0,2.0,1.8,26.0,12,2.0,-23.0,-34.0,0.5714285714285714,1.4285714285714286,-0.8571428571428572,-1.3333333333333333,0.2857142857142857,-1.619047619047619,0
2022-02-13,15:30,Famalicao,Moreirense,5.0,0.0,H,4.0,0.0,H,4.0,4.0,0.0,0.0,21-22,17,15,17,19,3,4,-14.0,-10.0,21,21,62.0,61.0,3.0,2.0,21,9.0,7.0,0.4,1.0,9.0,1.2,1.2,20.0,2,2.0,-11.0,-4.0,0.8095238095238095,0.9047619047619048,-0.09523809523809523,-0.6666666666666666,-0.47619047619047616,-0.19047619047619047,0
2022-02-12,20:30,Estoril,Tondela,1.0,0.0,H,0.0,0.0,D,2.0,2.0,0.0,0.0,21-22,7,14,27,20,6,6,1.0,-14.0,21,21,68.0,57.0,2.0,3.0,17,19.0,13.0,0.8,1.6,9.0,1.6,2.0,15.0,-7,6.0,-6.0,15.0,1.2857142857142858,0.9523809523809523,0.3333333333333335,0.047619047619047616,-0.6666666666666666,0.7142857142857142,0
2022-02-12,18:00,Portimonense,Boavista,1.0,1.0,D,1.0,1.0,D,4.0,3.0,0.0,1.0,21-22,8,13,26,20,7,3,-2.0,-9.0,21,21,80.0,74.0,2.0,5.0,3,14.0,12.0,0.8,1.4,7.0,1.2,1.4,11.0,-5,2.0,-4.0,7.0,1.2380952380952381,0.9523809523809523,0.2857142857142858,-0.09523809523809523,-0.42857142857142855,0.3333333333333333,0
2022-02-12,18:00,Benfica,Santa Clara,2.0,1.0,H,0.0,1.0,A,3.0,5.0,0.0,0.0,21-22,3,10,47,24,15,6,37.0,-14.0,21,21,44.0,65.0,2.0,7.0,6,3.0,6.0,1.8,0.8,29.0,2.2,1.4,31.0,-7,-3.0,-2.0,51.0,2.238095238095238,1.1428571428571428,1.0952380952380953,1.7619047619047619,-0.6666666666666666,2.4285714285714284,0
2022-02-12,15:30,Sp Braga,Pacos Ferreira,2.0,1.0,H,0.0,1.0,A,4.0,2.0,1.0,0.0,21-22,4,12,38,21,11,4,15.0,-9.0,21,21,53.0,67.0,2.0,3.0,14,4.0,5.0,1.4,1.2,22.0,0.4,0.8,14.0,-8,-1.0,8.0,24.0,1.8095238095238095,1.0,0.8095238095238095,0.7142857142857143,-0.42857142857142855,1.1428571428571428,0
2022-02-11,20:15,Porto,Sp Lisbon,2.0,2.0,D,1.0,2.0,A,4.0,7.0,2.0,3.0,21-22,1,2,59,53,19,17,41.0,28.0,21,21,58.0,64.0,3.0,3.0,7,2.0,1.0,2.8,1.0,45.0,2.2,1.2,33.0,-1,1.0,12.0,13.0,2.8095238095238093,2.5238095238095237,0.2857142857142856,1.9523809523809523,1.3333333333333333,0.6190476190476191,0
2022-02-07,21:15,Moreirense,Belenenses,4.0,1.0,H,2.0,1.0,H,2.0,1.0,0.0,1.0,21-22,17,18,16,12,3,2,-13.0,-25.0,20,20,59.0,69.0,2.0,6.0,12,7.0,10.0,0.6,1.4,9.0,1.0,2.2,7.0,-1,-3.0,2.0,12.0,0.8,0.6,0.20000000000000007,-0.65,-1.25,0.6,0
2022-02-07,19:00,Tondela,Benfica,1.0,3.0,A,0.0,2.0,A,2.0,1.0,1.0,0.0,21-22,14,3,20,44,6,14,-12.0,35.0,20,20,55.0,43.0,2.0,2.0,15,13.0,3.0,1.8,1.6,23.0,1.4,1.2,21.0,11,10.0,2.0,-47.0,1.0,2.2,-1.2000000000000002,-0.6,1.75,-2.35,0
2022-02-06,20:30,Sp Lisbon,Famalicao,2.0,0.0,H,1.0,0.0,H,2.0,2.0,0.0,0.0,21-22,2,16,50,17,16,3,26.0,-12.0,20,20,62.0,60.0,3.0,3.0,9,1.0,9.0,2.4,1.6,27.0,0.8,1.0,15.0,-14,-8.0,12.0,38.0,2.5,0.85,1.65,1.3,-0.6,1.9,0
2022-02-06,18:00,Arouca,Porto,0.0,2.0,A,0.0,0.0,D,5.0,4.0,0.0,0.0,21-22,15,1,18,56,4,18,-17.0,39.0,20,20,59.0,54.0,5.0,3.0,23,19.0,2.0,0.6,2.2,17.0,3.0,1.2,45.0,14,17.0,-28.0,-56.0,0.9,2.8,-1.9,-0.85,1.95,-2.8,0
2022-02-06,15:30,Gil Vicente,Santa Clara,2.0,2.0,D,1.0,1.0,D,3.0,5.0,0.0,2.0,21-22,5,11,33,23,9,6,8.0,-14.0,20,20,58.0,60.0,2.0,5.0,20,11.0,6.0,2.0,0.8,39.0,2.0,1.4,36.0,-6,5.0,3.0,22.0,1.65,1.15,0.5,0.4,-0.7,1.1,0
2022-02-06,15:30,Boavista,Vizela,2.0,2.0,D,0.0,1.0,A,5.0,6.0,1.0,1.0,21-22,14,11,19,22,3,5,-9.0,-12.0,20,20,69.0,57.0,4.0,4.0,11,12.0,19.0,1.0,1.2,10.0,1.6,1.4,30.0,3,-7.0,-20.0,3.0,0.95,1.1,-0.15000000000000013,-0.45,-0.6,0.14999999999999997,0
2022-02-05,20:30,Guimaraes,Sp Braga,2.0,1.0,H,1.0,0.0,H,4.0,1.0,1.0,0.0,21-22,6,4,27,38,7,11,5.0,16.0,20,20,71.0,52.0,3.0,2.0,8,8.0,4.0,1.8,1.8,16.0,2.4,0.8,32.0,2,4.0,-16.0,-11.0,1.35,1.9,-0.5499999999999998,0.25,0.8,-0.55,0
2022-02-05,18:00,Pacos Ferreira,Portimonense,1.0,1.0,D,1.0,0.0,H,5.0,5.0,0.0,0.0,21-22,12,8,20,25,4,7,-9.0,-2.0,20,20,62.0,75.0,3.0,2.0,13,5.0,14.0,0.6,0.8,15.0,1.0,1.8,3.0,4,-9.0,12.0,-7.0,1.0,1.25,-0.25,-0.45,-0.1,-0.35,0
2022-02-05,15:30,Maritimo,Estoril,0.0,0.0,D,0.0,0.0,D,3.0,2.0,0.0,1.0,21-22,9,7,24,26,6,6,-5.0,1.0,20,20,69.0,66.0,5.0,1.0,5,15.0,19.0,1.4,0.8,22.0,0.8,1.8,5.0,2,-4.0,17.0,-6.0,1.2,1.3,-0.10000000000000009,-0.25,0.05,-0.3,0
2022-02-02,20:45,Belenenses,Sp Lisbon,1.0,4.0,A,1.0,3.0,A,5.0,1.0,0.0,0.0,21-22,18,2,12,47,2,15,-22.0,23.0,19,19,64.0,61.0,6.0,3.0,10,10.0,1.0,0.8,1.8,11.0,2.2,1.4,21.0,16,9.0,-10.0,-45.0,0.631578947368421,2.473684210526316,-1.842105263157895,-1.1578947368421053,1.2105263157894737,-2.3684210526315788,0
2022-02-02,19:00,Benfica,Gil Vicente,1.0,2.0,A,0.0,1.0,A,4.0,3.0,0.0,0.0,21-22,3,5,44,30,14,8,36.0,7.0,19,19,39.0,55.0,2.0,2.0,6,3.0,11.0,2.6,1.0,31.0,1.6,1.2,34.0,-2,-8.0,-3.0,29.0,2.3157894736842106,1.5789473684210527,0.736842105263158,1.894736842105263,0.3684210526315789,1.526315789473684,0
2022-02-01,20:15,Santa Clara,Boavista,2.0,1.0,H,1.0,1.0,D,3.0,4.0,0.0,0.0,21-22,13,14,20,19,5,3,-15.0,-8.0,19,19,57.0,65.0,5.0,4.0,19,6.0,12.0,1.8,1.2,31.0,1.0,0.8,17.0,-1,-6.0,14.0,-7.0,1.0526315789473684,1.0,0.05263157894736836,-0.7894736842105263,-0.42105263157894735,-0.368421052631579,0
2022-01-31,21:15,Famalicao,Arouca,0.0,0.0,D,0.0,0.0,D,2.0,3.0,0.0,0.0,21-22,16,15,16,17,3,4,-12.0,-17.0,19,19,58.0,56.0,3.0,5.0,21,9.0,19.0,1.2,1.4,16.0,0.8,2.4,16.0,1,-10.0,0.0,5.0,0.8421052631578947,0.8947368421052632,-0.052631578947368474,-0.631578947368421,-0.8947368421052632,0.26315789473684215,0
2022-01-31,19:00,Estoril,Pacos Ferreira,0.0,0.0,D,0.0,0.0,D,6.0,2.0,1.0,0.0,21-22,7,14,25,19,6,4,1.0,-9.0,19,19,60.0,60.0,0.0,3.0,17,19.0,5.0,1.2,2.2,1.0,0.8,0.8,18.0,-7,14.0,-17.0,10.0,1.3157894736842106,1.0,0.3157894736842106,0.05263157894736842,-0.47368421052631576,0.5263157894736842,0
2022-01-30,20:30,Porto,Maritimo,2.0,1.0,H,1.0,0.0,H,4.0,5.0,0.0,0.0,21-22,1,9,53,24,17,6,38.0,-4.0,19,19,50.0,64.0,3.0,5.0,7,2.0,15.0,3.4,1.0,45.0,1.4,1.8,32.0,-8,-13.0,13.0,42.0,2.789473684210526,1.263157894736842,1.526315789473684,2.0,-0.21052631578947367,2.2105263157894735,0
2022-01-30,18:00,Sp Braga,Moreirense,2.0,0.0,H,0.0,0.0,D,3.0,1.0,0.0,0.0,21-22,4,16,35,16,10,3,14.0,-11.0,19,19,49.0,58.0,2.0,2.0,14,4.0,7.0,2.2,0.8,27.0,0.8,1.0,16.0,-12,-3.0,11.0,25.0,1.8421052631578947,0.8421052631578947,1.0,0.7368421052631579,-0.5789473684210527,1.3157894736842106,0
2022-01-30,15:30,Vizela,Guimaraes,3.0,2.0,H,1.0,1.0,D,3.0,3.0,0.0,0.0,21-22,13,6,19,27,4,7,-13.0,6.0,19,19,54.0,68.0,4.0,3.0,24,19.0,8.0,1.0,1.4,21.0,1.4,1.4,21.0,7,11.0,0.0,-19.0,1.0,1.4210526315789473,-0.42105263157894735,-0.6842105263157895,0.3157894736842105,-1.0,0
2022-01-30,15:30,Portimonense,Tondela,1.0,2.0,A,1.0,0.0,H,5.0,0.0,0.0,0.0,21-22,8,14,25,17,7,5,-1.0,-13.0,19,19,70.0,55.0,2.0,2.0,3,14.0,13.0,1.0,1.6,5.0,1.4,2.0,13.0,-6,1.0,-8.0,12.0,1.3157894736842106,0.8947368421052632,0.42105263157894746,-0.05263157894736842,-0.6842105263157895,0.631578947368421,0
2022-01-27,20:15,Estoril,Arouca,1.0,2.0,A,1.0,0.0,H,3.0,2.0,0.0,0.0,21-22,7,17,25,14,6,3,2.0,-18.0,18,18,57.0,54.0,0.0,5.0,17,19.0,19.0,1.2,1.8,5.0,0.6,3.0,2.0,-10,0.0,3.0,20.0,1.3888888888888888,0.7777777777777778,0.611111111111111,0.1111111111111111,-1.0,1.1111111111111112,0
2022-01-23,20:30,Porto,Famalicao,3.0,1.0,H,2.0,0.0,H,0.0,4.0,1.0,0.0,21-22,1,15,50,16,16,3,36.0,-10.0,18,18,50.0,54.0,2.0,3.0,7,2.0,9.0,3.0,0.8,45.0,1.2,1.6,22.0,-14,-7.0,23.0,46.0,2.7777777777777777,0.8888888888888888,1.8888888888888888,2.0,-0.5555555555555556,2.5555555555555554,0
2022-01-23,18:00,Gil Vicente,Portimonense,1.0,0.0,H,0.0,0.0,D,3.0,6.0,0.0,1.0,21-22,6,8,27,25,7,7,6.0,0.0,18,18,52.0,64.0,2.0,1.0,20,11.0,14.0,1.6,1.2,29.0,1.2,1.4,10.0,-2,-3.0,19.0,6.0,1.5,1.3888888888888888,0.11111111111111116,0.3333333333333333,0.0,0.3333333333333333,0
2022-01-23,15:30,Maritimo,Belenenses,1.0,1.0,D,1.0,1.0,D,0.0,4.0,1.0,1.0,21-22,9,18,23,11,6,2,-4.0,-22.0,18,18,64.0,60.0,4.0,5.0,5,15.0,10.0,2.0,1.8,39.0,0.6,1.8,9.0,-9,5.0,30.0,18.0,1.2777777777777777,0.6111111111111112,0.6666666666666665,-0.2222222222222222,-1.2222222222222223,1.0,0
2022-01-23,15:30,Guimaraes,Estoril,3.0,1.0,H,0.0,1.0,A,4.0,3.0,0.0,0.0,21-22,8,6,24,25,6,6,4.0,4.0,18,17,64.0,54.0,3.0,0.0,8,8.0,19.0,1.8,1.6,11.0,1.0,1.6,9.0,2,-11.0,2.0,0.0,1.3333333333333333,1.4705882352941178,-0.1372549019607845,0.2222222222222222,0.23529411764705882,-0.01307189542483661,0
2022-01-22,20:30,Sp Lisbon,Sp Braga,1.0,2.0,A,1.0,0.0,H,3.0,3.0,0.0,0.0,21-22,2,4,47,32,15,9,24.0,13.0,18,18,58.0,46.0,3.0,2.0,9,1.0,4.0,2.4,1.0,33.0,1.8,0.8,19.0,-2,-3.0,14.0,11.0,2.611111111111111,1.7777777777777777,0.8333333333333335,1.3333333333333333,0.7222222222222222,0.611111111111111,0
2022-01-22,18:00,Tondela,Vizela,2.0,3.0,A,2.0,1.0,H,4.0,6.0,0.0,0.0,21-22,13,16,17,16,5,3,-12.0,-14.0,18,18,51.0,48.0,2.0,4.0,15,13.0,19.0,1.0,1.6,18.0,0.4,1.8,9.0,-3,-6.0,9.0,2.0,0.9444444444444444,0.8888888888888888,0.05555555555555558,-0.6666666666666666,-0.7777777777777778,0.11111111111111116,0
2022-01-22,15:30,Moreirense,Santa Clara,0.0,2.0,A,0.0,1.0,A,2.0,2.0,1.0,0.0,21-22,14,13,16,17,3,4,-9.0,-17.0,18,18,56.0,55.0,1.0,5.0,12,7.0,6.0,0.8,0.8,23.0,1.6,2.0,23.0,1,1.0,0.0,8.0,0.8888888888888888,0.9444444444444444,-0.05555555555555558,-0.5,-0.9444444444444444,0.4444444444444444,0
2022-01-21,21:15,Pacos Ferreira,Boavista,1.0,1.0,D,1.0,0.0,H,4.0,6.0,0.0,0.0,21-22,11,10,18,18,4,3,-9.0,-8.0,18,18,56.0,59.0,3.0,4.0,13,5.0,12.0,0.6,0.8,20.0,0.8,1.0,18.0,1,-7.0,2.0,-1.0,1.0,1.0,0.0,-0.5,-0.4444444444444444,-0.05555555555555558,0
2022-01-21,19:00,Arouca,Benfica,0.0,2.0,A,0.0,1.0,A,5.0,1.0,0.0,0.0,21-22,17,3,14,41,3,13,-16.0,34.0,17,18,49.0,38.0,5.0,2.0,23,19.0,3.0,0.8,3.0,3.0,3.0,1.2,26.0,14,16.0,-23.0,-50.0,0.8235294117647058,2.2777777777777777,-1.4542483660130718,-0.9411764705882353,1.8888888888888888,-2.830065359477124,0
2022-01-17,20:15,Portimonense,Guimaraes,1.0,1.0,D,0.0,1.0,A,4.0,5.0,0.0,0.0,21-22,7,8,24,23,7,6,0.0,4.0,17,17,60.0,59.0,1.0,3.0,3,14.0,8.0,1.0,1.8,9.0,2.0,1.6,13.0,-1,6.0,-4.0,-4.0,1.411764705882353,1.3529411764705883,0.05882352941176472,0.0,0.23529411764705882,-0.23529411764705882,0
2022-01-16,20:30,Belenenses,Porto,1.0,4.0,A,1.0,1.0,D,5.0,3.0,2.0,0.0,21-22,18,1,11,47,2,15,-19.0,33.0,17,17,55.0,47.0,3.0,2.0,10,10.0,2.0,0.4,1.2,12.0,2.8,0.6,45.0,17,8.0,-33.0,-52.0,0.6470588235294118,2.764705882352941,-2.1176470588235294,-1.1176470588235294,1.9411764705882353,-3.0588235294117645,0
2022-01-16,18:30,Famalicao,Pacos Ferreira,0.0,0.0,D,0.0,0.0,D,4.0,3.0,1.0,0.0,21-22,16,11,15,17,3,4,-10.0,-9.0,17,17,50.0,53.0,2.0,3.0,21,9.0,5.0,1.2,2.4,22.0,0.8,1.2,21.0,5,4.0,1.0,-1.0,0.8823529411764706,1.0,-0.11764705882352944,-0.5882352941176471,-0.5294117647058824,-0.05882352941176472,0
2022-01-16,18:00,Vizela,Sp Lisbon,0.0,2.0,A,0.0,2.0,A,3.0,3.0,0.0,0.0,21-22,15,2,16,44,3,14,-12.0,22.0,17,17,45.0,55.0,4.0,3.0,24,19.0,1.0,1.2,1.6,15.0,2.6,1.2,30.0,13,18.0,-15.0,-34.0,0.9411764705882353,2.588235294117647,-1.647058823529412,-0.7058823529411765,1.2941176470588236,-2.0,0
2022-01-16,15:30,Santa Clara,Tondela,2.0,2.0,D,2.0,0.0,H,1.0,1.0,0.0,0.0,21-22,15,13,16,16,4,5,-17.0,-12.0,17,17,54.0,50.0,5.0,2.0,19,6.0,13.0,1.6,1.8,27.0,1.0,2.2,17.0,2,-7.0,10.0,-5.0,0.9411764705882353,0.9411764705882353,0.0,-1.0,-0.7058823529411765,-0.2941176470588235,0
2022-01-15,18:00,Sp Braga,Maritimo,0.0,1.0,A,0.0,0.0,D,2.0,1.0,0.0,0.0,21-22,4,9,32,20,9,5,14.0,-5.0,17,17,44.0,63.0,2.0,4.0,14,4.0,15.0,2.2,0.6,29.0,2.0,2.0,34.0,-5,-11.0,-5.0,19.0,1.8823529411764706,1.1764705882352942,0.7058823529411764,0.8235294117647058,-0.29411764705882354,1.1176470588235294,0
2022-01-15,18:00,Benfica,Moreirense,1.0,1.0,D,0.0,0.0,D,3.0,5.0,0.0,0.0,21-22,3,15,40,15,13,3,34.0,-9.0,17,17,35.0,51.0,2.0,1.0,6,3.0,7.0,3.0,1.6,30.0,0.6,0.8,24.0,-12,-4.0,6.0,43.0,2.3529411764705883,0.8823529411764706,1.4705882352941178,2.0,-0.5294117647058824,2.5294117647058822,0
2022-01-15,15:30,Boavista,Gil Vicente,1.0,1.0,D,1.0,0.0,H,3.0,2.0,0.0,0.0,21-22,10,5,17,26,3,7,-8.0,6.0,17,17,56.0,50.0,4.0,2.0,11,12.0,11.0,0.8,1.0,19.0,2.2,1.0,36.0,5,1.0,-17.0,-14.0,1.0,1.5294117647058822,-0.5294117647058822,-0.47058823529411764,0.35294117647058826,-0.8235294117647058,0
2022-01-13,18:00,Famalicao,Belenenses,1.0,0.0,H,0.0,0.0,D,1.0,2.0,0.0,0.0,21-22,17,18,12,11,2,2,-11.0,-18.0,16,16,49.0,53.0,2.0,3.0,21,9.0,10.0,1.0,3.0,9.0,0.4,2.4,15.0,-1,-1.0,-6.0,7.0,0.75,0.6875,0.0625,-0.6875,-1.125,0.4375,0
2022-01-10,20:15,Gil Vicente,Guimaraes,3.0,2.0,H,1.0,0.0,H,2.0,5.0,0.0,1.0,21-22,7,8,23,23,6,6,5.0,5.0,16,16,48.0,54.0,2.0,2.0,20,11.0,8.0,2.0,1.0,31.0,1.8,1.4,20.0,-1,3.0,11.0,0.0,1.4375,1.4375,0.0,0.3125,0.3125,0.0,0
2022-01-09,20:30,Belenenses,Arouca,2.0,1.0,H,0.0,1.0,A,8.0,3.0,1.0,2.0,21-22,18,16,8,14,1,3,-19.0,-15.0,15,16,45.0,46.0,2.0,3.0,10,10.0,19.0,0.0,2.6,0.0,1.0,2.8,7.0,2,-9.0,-7.0,-4.0,0.5333333333333333,0.875,-0.3416666666666667,-1.2666666666666666,-0.9375,-0.3291666666666666,0
2022-01-09,18:00,Sp Braga,Famalicao,2.0,2.0,D,1.0,1.0,D,2.0,4.0,1.0,0.0,21-22,4,17,31,11,9,2,14.0,-11.0,16,15,42.0,45.0,1.0,2.0,14,4.0,9.0,2.6,0.4,36.0,1.6,3.0,8.0,-13,-5.0,28.0,25.0,1.9375,0.7333333333333333,1.2041666666666666,0.875,-0.7333333333333333,1.6083333333333334,0
2022-01-09,18:00,Benfica,Pacos Ferreira,2.0,0.0,H,1.0,0.0,H,2.0,3.0,0.0,1.0,21-22,3,10,37,17,12,4,32.0,-7.0,16,16,33.0,50.0,2.0,2.0,6,3.0,5.0,4.0,1.6,24.0,0.8,1.2,27.0,-7,-2.0,-3.0,39.0,2.3125,1.0625,1.25,2.0,-0.4375,2.4375,0
2022-01-09,15:30,Portimonense,Maritimo,1.0,2.0,A,0.0,1.0,A,4.0,3.0,0.0,0.0,21-22,6,9,24,17,7,4,1.0,-6.0,16,16,56.0,60.0,1.0,4.0,3,14.0,15.0,1.4,1.4,16.0,2.0,1.8,29.0,-3,-1.0,-13.0,7.0,1.5,1.0625,0.4375,0.0625,-0.375,0.4375,0
2022-01-08,20:30,Boavista,Tondela,1.0,1.0,D,0.0,0.0,D,3.0,1.0,0.0,0.0,21-22,11,15,16,15,3,5,-8.0,-12.0,16,16,53.0,49.0,4.0,2.0,11,12.0,13.0,0.8,1.2,19.0,0.8,2.4,15.0,-4,-1.0,4.0,4.0,1.0,0.9375,0.0625,-0.5,-0.75,0.25,0
2022-01-08,18:00,Estoril,Porto,2.0,3.0,A,2.0,0.0,H,4.0,2.0,0.0,0.0,21-22,5,1,25,44,6,14,5.0,32.0,16,16,50.0,45.0,0.0,2.0,17,19.0,2.0,1.0,1.4,14.0,2.6,0.4,45.0,4,17.0,-31.0,-27.0,1.5625,2.75,-1.1875,0.3125,2.0,-1.6875,0
2022-01-08,15:30,Vizela,Moreirense,0.0,1.0,A,0.0,0.0,D,0.0,6.0,1.0,0.0,21-22,12,16,16,12,3,2,-11.0,-10.0,16,16,45.0,45.0,3.0,1.0,24,19.0,7.0,1.4,2.2,21.0,0.8,1.2,13.0,-4,12.0,8.0,-1.0,1.0,0.75,0.25,-0.6875,-0.625,-0.0625,0
2022-01-07,18:30,Santa Clara,Sp Lisbon,3.0,2.0,H,1.0,1.0,D,6.0,3.0,0.0,1.0,21-22,15,2,13,44,3,14,-18.0,23.0,16,16,48.0,52.0,5.0,2.0,19,6.0,1.0,1.4,1.8,19.0,2.6,0.6,45.0,13,5.0,-26.0,-41.0,0.8125,2.75,-1.9375,-1.125,1.4375,-2.5625,0
2022-01-03,20:15,Tondela,Moreirense,2.0,1.0,H,0.0,1.0,A,2.0,2.0,0.0,0.0,21-22,16,15,12,12,4,2,-13.0,-9.0,15,15,47.0,43.0,2.0,1.0,15,13.0,7.0,1.2,2.6,3.0,0.8,1.2,17.0,1,6.0,-14.0,-4.0,0.8,0.8,0.0,-0.8666666666666667,-0.6,-0.2666666666666667,0
2022-01-02,18:30,Vizela,Belenenses,2.0,0.0,H,2.0,0.0,H,2.0,4.0,0.0,0.0,21-22,13,18,13,8,2,1,-13.0,-17.0,15,14,43.0,41.0,3.0,2.0,24,19.0,10.0,1.2,2.4,10.0,0.4,2.4,3.0,-5,9.0,7.0,4.0,0.8666666666666667,0.5714285714285714,0.2952380952380953,-0.8666666666666667,-1.2142857142857142,0.3476190476190475,0
2021-12-30,21:00,Porto,Benfica,3.0,1.0,H,2.0,0.0,H,3.0,5.0,0.0,1.0,21-22,2,3,41,37,13,12,30.0,34.0,15,15,42.0,28.0,2.0,1.0,7,2.0,3.0,2.6,0.2,45.0,5.0,1.2,36.0,-1,-1.0,9.0,-4.0,2.7333333333333334,2.466666666666667,0.2666666666666666,2.0,2.2666666666666666,-0.2666666666666666,0
2021-12-30,19:00,Arouca,Sp Braga,0.0,6.0,A,0.0,3.0,A,1.0,2.0,0.0,0.0,21-22,12,4,14,28,3,8,-9.0,8.0,15,15,45.0,40.0,3.0,1.0,23,19.0,4.0,1.2,1.8,12.0,1.6,1.6,30.0,8,15.0,-18.0,-17.0,0.9333333333333333,1.8666666666666667,-0.9333333333333333,-0.6,0.5333333333333333,-1.1333333333333333,0
2021-12-30,17:00,Pacos Ferreira,Santa Clara,2.0,1.0,H,0.0,1.0,A,4.0,4.0,0.0,1.0,21-22,11,14,14,13,3,3,-8.0,-17.0,15,15,46.0,44.0,2.0,4.0,13,5.0,6.0,0.4,1.4,15.0,1.2,2.0,26.0,-3,-1.0,-11.0,9.0,0.9333333333333333,0.8666666666666667,0.06666666666666665,-0.5333333333333333,-1.1333333333333333,0.6,0
2021-12-29,21:00,Sp Lisbon,Portimonense,3.0,2.0,H,0.0,1.0,A,4.0,3.0,0.0,1.0,21-22,2,6,41,24,13,7,22.0,2.0,15,15,48.0,53.0,2.0,0.0,9,1.0,14.0,2.4,0.2,45.0,1.4,0.8,26.0,-4,-13.0,19.0,20.0,2.7333333333333334,1.6,1.1333333333333333,1.4666666666666666,0.13333333333333333,1.3333333333333333,0
2021-12-29,19:00,Guimaraes,Boavista,1.0,1.0,D,0.0,0.0,D,6.0,2.0,0.0,0.0,21-22,8,10,22,15,6,3,5.0,-8.0,15,15,48.0,51.0,2.0,4.0,8,8.0,12.0,2.0,1.4,24.0,1.0,2.0,18.0,-2,-4.0,6.0,13.0,1.4666666666666666,1.0,0.46666666666666656,0.3333333333333333,-0.5333333333333333,0.8666666666666667,0
2021-12-28,21:00,Moreirense,Estoril,1.0,0.0,H,1.0,0.0,H,2.0,4.0,0.0,0.0,21-22,17,5,9,25,1,6,-10.0,6.0,14,15,41.0,46.0,1.0,0.0,12,7.0,19.0,0.8,1.4,4.0,1.2,1.4,20.0,12,-12.0,-16.0,-16.0,0.6428571428571429,1.6666666666666667,-1.0238095238095237,-0.7142857142857143,0.4,-1.1142857142857143,0
2021-12-28,19:00,Maritimo,Vizela,2.0,0.0,H,0.0,0.0,D,2.0,4.0,0.0,1.0,21-22,10,13,14,13,3,2,-8.0,-11.0,15,14,58.0,39.0,4.0,2.0,5,15.0,19.0,2.0,2.6,21.0,1.4,2.2,15.0,-3,-4.0,6.0,3.0,0.9333333333333333,0.9285714285714286,0.004761904761904745,-0.5333333333333333,-0.7857142857142857,0.2523809523809524,0
2021-12-28,17:00,Tondela,Gil Vicente,0.0,3.0,A,0.0,0.0,D,5.0,2.0,0.0,0.0,21-22,15,8,12,20,4,5,-10.0,2.0,14,15,42.0,46.0,2.0,2.0,15,13.0,11.0,1.2,2.4,6.0,1.6,1.2,24.0,7,2.0,-18.0,-12.0,0.8571428571428571,1.3333333333333333,-0.47619047619047616,-0.7142857142857143,0.13333333333333333,-0.8476190476190476,0
2021-12-19,21:00,Sp Braga,Belenenses,1.0,0.0,H,1.0,0.0,H,4.0,4.0,0.0,0.0,21-22,4,18,25,8,7,1,7.0,-16.0,14,13,36.0,37.0,1.0,2.0,14,4.0,10.0,2.0,1.6,24.0,0.4,2.2,7.0,-14,-6.0,17.0,23.0,1.7857142857142858,0.6153846153846154,1.1703296703296704,0.5,-1.2307692307692308,1.7307692307692308,3
2021-12-19,19:00,Vizela,Porto,0.0,4.0,A,0.0,2.0,A,1.0,1.0,1.0,0.0,21-22,13,2,13,38,2,12,-7.0,26.0,13,14,38.0,41.0,1.0,2.0,24,19.0,2.0,1.4,1.6,20.0,2.6,0.4,45.0,11,17.0,-25.0,-33.0,1.0,2.7142857142857144,-1.7142857142857144,-0.5384615384615384,1.8571428571428572,-2.3956043956043955,3
2021-12-19,17:00,Boavista,Moreirense,1.0,0.0,H,1.0,0.0,H,2.0,2.0,1.0,0.0,21-22,14,17,12,9,2,1,-9.0,-9.0,14,13,49.0,39.0,3.0,1.0,11,12.0,7.0,1.0,2.8,4.0,0.8,1.4,6.0,-3,5.0,-2.0,0.0,0.8571428571428571,0.6923076923076923,0.1648351648351648,-0.6428571428571429,-0.6923076923076923,0.049450549450549386,3
2021-12-19,17:00,Benfica,Maritimo,7.0,1.0,H,3.0,0.0,H,1.0,2.0,0.0,0.0,21-22,3,9,34,14,11,3,28.0,-2.0,14,14,27.0,56.0,1.0,4.0,6,3.0,15.0,3.8,1.2,31.0,2.0,1.6,28.0,-6,-12.0,3.0,30.0,2.4285714285714284,1.0,1.4285714285714284,2.0,-0.14285714285714285,2.142857142857143,3
2021-12-18,20:30,Gil Vicente,Sp Lisbon,0.0,3.0,A,0.0,0.0,D,1.0,5.0,1.0,1.0,21-22,8,2,20,38,5,12,5.0,19.0,14,14,45.0,43.0,1.0,1.0,20,11.0,1.0,2.0,0.8,35.0,2.0,0.2,45.0,6,10.0,-10.0,-14.0,1.4285714285714286,2.7142857142857144,-1.2857142857142858,0.35714285714285715,1.3571428571428572,-1.0,3
2021-12-18,15:30,Tondela,Pacos Ferreira,0.0,1.0,A,0.0,0.0,D,2.0,4.0,0.0,0.0,21-22,13,15,12,11,4,2,-9.0,-9.0,13,14,40.0,42.0,2.0,2.0,15,13.0,5.0,1.4,2.8,9.0,0.4,1.6,1.0,-2,8.0,8.0,0.0,0.9230769230769231,0.7857142857142857,0.13736263736263743,-0.6923076923076923,-0.6428571428571429,-0.049450549450549386,3
2021-12-18,15:30,Portimonense,Arouca,1.0,1.0,D,0.0,0.0,D,3.0,4.0,0.0,0.0,21-22,6,11,23,13,7,3,2.0,-9.0,14,14,50.0,41.0,0.0,3.0,3,14.0,19.0,1.2,1.2,30.0,1.4,1.6,14.0,-5,-5.0,16.0,11.0,1.6428571428571428,0.9285714285714286,0.7142857142857142,0.14285714285714285,-0.6428571428571429,0.7857142857142858,3
2021-12-17,21:15,Estoril,Famalicao,2.0,2.0,D,2.0,1.0,H,3.0,5.0,0.0,0.0,21-22,5,16,24,10,6,2,6.0,-11.0,14,14,43.0,40.0,0.0,2.0,17,19.0,9.0,1.0,1.2,21.0,1.4,2.8,7.0,-11,10.0,14.0,17.0,1.7142857142857142,0.7142857142857143,0.9999999999999999,0.42857142857142855,-0.7857142857142857,1.2142857142857142,3
2021-12-17,19:00,Santa Clara,Guimaraes,1.0,0.0,H,1.0,0.0,H,2.0,3.0,0.0,0.0,21-22,16,7,10,22,2,6,-18.0,6.0,14,14,42.0,45.0,4.0,2.0,19,6.0,8.0,1.2,2.4,15.0,2.0,1.4,33.0,9,-2.0,-18.0,-24.0,0.7142857142857143,1.5714285714285714,-0.8571428571428571,-1.2857142857142858,0.42857142857142855,-1.7142857142857144,3
2021-12-13,20:15,Arouca,Vizela,1.0,4.0,A,0.0,4.0,A,2.0,4.0,0.0,0.0,21-22,10,14,13,10,3,1,-6.0,-10.0,13,12,39.0,34.0,3.0,1.0,23,19.0,19.0,1.2,0.8,22.0,0.8,1.6,8.0,-4,0.0,14.0,4.0,1.0,0.8333333333333334,0.16666666666666663,-0.46153846153846156,-0.8333333333333334,0.3717948717948718,3
2021-12-12,20:30,Porto,Sp Braga,1.0,0.0,H,1.0,0.0,H,3.0,5.0,0.0,0.0,21-22,2,4,35,25,11,7,25.0,8.0,13,13,38.0,31.0,2.0,1.0,7,2.0,4.0,3.0,0.6,45.0,2.2,1.4,36.0,-2,-2.0,9.0,17.0,2.6923076923076925,1.9230769230769231,0.7692307692307694,1.9230769230769231,0.6153846153846154,1.3076923076923077,3
2021-12-12,18:00,Famalicao,Benfica,1.0,4.0,A,1.0,2.0,A,2.0,2.0,0.0,0.0,21-22,14,3,10,31,2,10,-8.0,25.0,13,13,38.0,25.0,2.0,1.0,21,9.0,3.0,1.6,2.0,14.0,3.2,1.0,26.0,11,6.0,-12.0,-33.0,0.7692307692307693,2.3846153846153846,-1.6153846153846154,-0.6153846153846154,1.9230769230769231,-2.5384615384615383,3
2021-12-12,15:30,Moreirense,Portimonense,0.0,1.0,A,0.0,0.0,D,2.0,2.0,0.0,0.0,21-22,17,8,9,20,1,6,-8.0,1.0,12,13,37.0,48.0,1.0,0.0,12,7.0,14.0,0.8,1.2,9.0,1.0,1.6,21.0,9,-7.0,-12.0,-9.0,0.75,1.5384615384615385,-0.7884615384615385,-0.6666666666666666,0.07692307692307693,-0.7435897435897436,3
2021-12-12,15:30,Belenenses,Estoril,0.0,1.0,A,0.0,1.0,A,2.0,1.0,0.0,0.0,21-22,18,6,8,21,1,5,-15.0,5.0,12,13,35.0,42.0,2.0,0.0,10,10.0,19.0,0.4,2.4,11.0,1.2,1.2,12.0,12,-9.0,-1.0,-20.0,0.6666666666666666,1.6153846153846154,-0.9487179487179488,-1.25,0.38461538461538464,-1.6346153846153846,3
2021-12-11,20:30,Sp Lisbon,Boavista,2.0,0.0,H,0.0,0.0,D,0.0,1.0,0.0,0.0,21-22,2,11,35,12,11,2,17.0,-7.0,13,13,43.0,48.0,1.0,3.0,9,1.0,12.0,1.8,0.2,45.0,1.0,2.4,6.0,-9,-11.0,39.0,24.0,2.6923076923076925,0.9230769230769231,1.7692307692307694,1.3076923076923077,-0.5384615384615384,1.8461538461538463,3
2021-12-11,18:00,Guimaraes,Tondela,5.0,2.0,H,2.0,2.0,D,3.0,4.0,0.0,1.0,21-22,8,11,19,12,5,4,3.0,-6.0,13,12,42.0,36.0,2.0,1.0,8,8.0,13.0,1.4,1.2,27.0,1.4,1.8,15.0,-3,-5.0,12.0,9.0,1.4615384615384615,1.0,0.46153846153846145,0.23076923076923078,-0.5,0.7307692307692308,3
2021-12-11,15:30,Maritimo,Santa Clara,4.0,1.0,H,2.0,1.0,H,1.0,3.0,0.0,0.0,21-22,12,16,11,10,2,2,-5.0,-15.0,13,13,55.0,39.0,4.0,4.0,5,15.0,6.0,1.4,1.8,17.0,1.0,2.0,19.0,-4,9.0,-2.0,10.0,0.8461538461538461,0.7692307692307693,0.07692307692307687,-0.38461538461538464,-1.1538461538461537,0.7692307692307692,3
2021-12-10,20:15,Pacos Ferreira,Gil Vicente,0.0,1.0,A,0.0,0.0,D,3.0,2.0,0.0,0.0,21-22,13,8,11,17,2,4,-8.0,4.0,13,13,39.0,43.0,2.0,1.0,13,5.0,11.0,0.4,1.4,3.0,1.8,1.0,28.0,5,-6.0,-25.0,-12.0,0.8461538461538461,1.3076923076923077,-0.46153846153846156,-0.6153846153846154,0.3076923076923077,-0.9230769230769231,3
2021-12-05,20:30,Sp Braga,Estoril,2.0,0.0,H,2.0,0.0,H,6.0,3.0,1.0,0.0,21-22,4,5,22,21,6,5,6.0,7.0,12,12,25.0,39.0,0.0,0.0,14,4.0,19.0,2.2,1.8,31.0,1.6,1.2,19.0,-1,-15.0,12.0,-1.0,1.8333333333333333,1.75,0.08333333333333326,0.5,0.5833333333333334,-0.08333333333333337,3
2021-12-05,18:00,Gil Vicente,Famalicao,4.0,0.0,H,3.0,0.0,H,3.0,3.0,0.0,0.0,21-22,8,14,14,10,3,2,0.0,-4.0,12,12,40.0,35.0,1.0,2.0,20,11.0,9.0,1.4,1.4,19.0,1.8,1.6,21.0,-6,2.0,-2.0,4.0,1.1666666666666667,0.8333333333333334,0.33333333333333337,0.0,-0.3333333333333333,0.3333333333333333,3
2021-12-05,15:30,Santa Clara,Arouca,2.0,1.0,H,2.0,1.0,H,4.0,4.0,0.0,0.0,21-22,18,9,7,13,1,3,-16.0,-5.0,12,12,35.0,35.0,4.0,3.0,19,6.0,19.0,0.8,2.0,6.0,1.2,0.8,30.0,9,-13.0,-24.0,-11.0,0.5833333333333334,1.0833333333333333,-0.4999999999999999,-1.3333333333333333,-0.4166666666666667,-0.9166666666666665,3
2021-12-04,20:30,Pacos Ferreira,Guimaraes,1.0,2.0,A,1.0,0.0,H,2.0,4.0,0.0,0.0,21-22,13,7,11,16,2,4,-7.0,2.0,12,12,37.0,38.0,2.0,2.0,13,5.0,8.0,0.4,1.4,5.0,1.4,1.2,21.0,6,-3.0,-16.0,-9.0,0.9166666666666666,1.3333333333333333,-0.41666666666666663,-0.5833333333333334,0.16666666666666666,-0.75,3
2021-12-04,18:00,Boavista,Maritimo,1.0,1.0,D,1.0,0.0,H,5.0,6.0,1.0,1.0,21-22,11,14,11,10,2,2,-7.0,-5.0,12,12,43.0,49.0,2.0,3.0,11,12.0,15.0,1.2,2.6,3.0,1.2,1.6,16.0,-3,-3.0,-13.0,-2.0,0.9166666666666666,0.8333333333333334,0.08333333333333326,-0.5833333333333334,-0.4166666666666667,-0.16666666666666669,3
2021-12-03,21:15,Benfica,Sp Lisbon,1.0,3.0,A,0.0,1.0,A,3.0,6.0,0.0,0.0,21-22,3,2,31,32,10,10,27.0,15.0,12,12,22.0,37.0,1.0,1.0,6,3.0,1.0,3.0,0.6,36.0,1.6,0.2,45.0,1,2.0,-9.0,12.0,2.5833333333333335,2.6666666666666665,-0.08333333333333304,2.25,1.25,1.0,3
2021-12-03,19:00,Portimonense,Porto,0.0,3.0,A,0.0,1.0,A,3.0,1.0,0.0,0.0,21-22,6,1,20,32,6,10,4.0,22.0,12,12,45.0,37.0,0.0,2.0,3,14.0,2.0,1.2,1.0,30.0,2.8,0.8,45.0,5,12.0,-15.0,-18.0,1.6666666666666667,2.6666666666666665,-0.9999999999999998,0.3333333333333333,1.8333333333333333,-1.5,3
2021-11-30,20:15,Sp Braga,Vizela,4.0,1.0,H,2.0,0.0,H,1.0,0.0,0.0,0.0,21-22,6,15,19,10,5,1,3.0,-7.0,11,11,24.0,34.0,0.0,1.0,14,4.0,19.0,1.6,1.8,24.0,0.6,0.8,12.0,-9,-15.0,12.0,10.0,1.7272727272727273,0.9090909090909091,0.8181818181818182,0.2727272727272727,-0.6363636363636364,0.9090909090909091,3
2021-11-29,20:15,Estoril,Santa Clara,2.0,2.0,D,1.0,1.0,D,2.0,2.0,0.0,0.0,21-22,4,18,20,6,5,1,7.0,-16.0,11,11,37.0,33.0,0.0,4.0,17,19.0,6.0,1.4,1.0,21.0,0.6,1.8,3.0,-14,13.0,18.0,23.0,1.8181818181818181,0.5454545454545454,1.2727272727272727,0.6363636363636364,-1.4545454545454546,2.090909090909091,3
2021-11-28,20:30,Porto,Guimaraes,2.0,1.0,H,1.0,1.0,D,3.0,6.0,0.0,1.0,21-22,3,7,29,16,9,4,21.0,3.0,11,11,34.0,32.0,2.0,1.0,7,2.0,8.0,2.8,0.8,45.0,1.4,1.4,30.0,-4,-6.0,15.0,18.0,2.6363636363636362,1.4545454545454546,1.1818181818181817,1.9090909090909092,0.2727272727272727,1.6363636363636365,3
2021-11-28,18:00,Sp Lisbon,Tondela,2.0,0.0,H,1.0,0.0,H,3.0,3.0,0.0,0.0,21-22,3,10,29,12,9,4,13.0,-4.0,11,11,34.0,33.0,1.0,1.0,9,1.0,13.0,1.4,0.2,45.0,2.0,1.8,24.0,-7,-12.0,21.0,17.0,2.6363636363636362,1.0909090909090908,1.5454545454545454,1.1818181818181819,-0.36363636363636365,1.5454545454545454,3
2021-11-28,15:30,Maritimo,Pacos Ferreira,2.0,0.0,H,0.0,0.0,D,2.0,3.0,0.0,0.0,21-22,17,11,7,11,1,2,-7.0,-5.0,11,11,47.0,34.0,3.0,2.0,5,15.0,5.0,0.8,1.8,2.0,0.8,1.4,8.0,6,10.0,-6.0,-2.0,0.6363636363636364,1.0,-0.36363636363636365,-0.6363636363636364,-0.45454545454545453,-0.18181818181818182,3
2021-11-27,20:30,Belenenses,Benfica,0.0,7.0,A,0.0,7.0,A,0.0,0.0,0.0,0.0,21-22,16,3,8,28,1,9,-8.0,20.0,11,11,35.0,22.0,2.0,1.0,10,10.0,3.0,0.8,1.4,16.0,2.2,0.8,31.0,13,7.0,-15.0,-28.0,0.7272727272727273,2.5454545454545454,-1.8181818181818181,-0.7272727272727273,1.8181818181818181,-2.5454545454545454,3
2021-11-27,18:00,Arouca,Boavista,2.0,1.0,H,1.0,0.0,H,3.0,4.0,0.0,0.0,21-22,13,11,10,11,2,2,-6.0,-6.0,11,11,32.0,39.0,3.0,2.0,23,19.0,12.0,1.0,1.0,20.0,1.2,2.4,6.0,2,7.0,14.0,0.0,0.9090909090909091,1.0,-0.09090909090909094,-0.5454545454545454,-0.5454545454545454,0.0,3
2021-11-27,15:30,Famalicao,Portimonense,0.0,3.0,A,0.0,2.0,A,1.0,3.0,0.0,0.0,21-22,12,6,10,17,2,5,-1.0,1.0,11,11,34.0,42.0,2.0,0.0,21,9.0,14.0,2.2,1.6,28.0,0.6,1.0,22.0,6,-5.0,6.0,-2.0,0.9090909090909091,1.5454545454545454,-0.6363636363636364,-0.09090909090909091,0.09090909090909091,-0.18181818181818182,3
2021-11-26,20:15,Moreirense,Gil Vicente,2.0,2.0,D,0.0,0.0,D,3.0,6.0,0.0,0.0,21-22,15,8,8,13,1,3,-8.0,0.0,11,11,34.0,34.0,1.0,1.0,12,7.0,11.0,0.8,1.0,9.0,1.2,1.4,19.0,7,-4.0,-10.0,-8.0,0.7272727272727273,1.1818181818181819,-0.4545454545454546,-0.7272727272727273,0.0,-0.7272727272727273,3
2021-11-07,21:15,Benfica,Sp Braga,6.0,1.0,H,4.0,1.0,H,3.0,2.0,0.0,0.0,21-22,3,5,25,19,8,5,15.0,8.0,10,10,19.0,22.0,1.0,0.0,6,3.0,4.0,1.6,0.8,26.0,2.0,0.8,35.0,-2,-1.0,-9.0,7.0,2.5,1.9,0.6000000000000001,1.5,0.8,0.7,3
2021-11-07,19:00,Pacos Ferreira,Sp Lisbon,0.0,2.0,A,0.0,0.0,D,2.0,0.0,0.0,0.0,21-22,10,2,11,26,2,8,-3.0,11.0,10,10,32.0,34.0,2.0,1.0,13,5.0,1.0,1.0,1.2,12.0,1.2,0.2,45.0,8,4.0,-33.0,-14.0,1.1,2.6,-1.5,-0.3,1.1,-1.4000000000000001,3
2021-11-07,17:00,Santa Clara,Porto,0.0,3.0,A,0.0,1.0,A,3.0,2.0,1.0,0.0,21-22,18,1,6,26,1,8,-13.0,18.0,10,10,30.0,32.0,3.0,2.0,19,6.0,2.0,0.8,1.6,5.0,3.2,0.8,45.0,17,4.0,-40.0,-31.0,0.6,2.6,-2.0,-1.3,1.8,-3.1,3
2021-11-07,14:00,Tondela,Maritimo,4.0,2.0,H,3.0,0.0,H,3.0,8.0,0.0,1.0,21-22,14,17,9,7,3,1,-6.0,-5.0,10,10,30.0,39.0,1.0,2.0,15,13.0,15.0,1.4,2.0,15.0,0.4,1.0,4.0,-3,-2.0,11.0,-1.0,0.9,0.7,0.20000000000000007,-0.6,-0.5,-0.09999999999999998,3
2021-11-06,20:30,Guimaraes,Moreirense,2.0,1.0,H,1.0,0.0,H,2.0,1.0,0.0,0.0,21-22,7,15,13,8,3,1,2.0,-7.0,10,10,30.0,33.0,1.0,1.0,8,8.0,7.0,1.4,1.6,22.0,0.6,1.6,14.0,-8,1.0,8.0,9.0,1.3,0.8,0.5,0.2,-0.7,0.8999999999999999,3
2021-11-06,18:00,Portimonense,Belenenses,2.0,0.0,H,1.0,0.0,H,5.0,4.0,0.0,0.0,21-22,6,15,14,8,4,1,-1.0,-6.0,10,10,37.0,31.0,0.0,2.0,3,14.0,10.0,0.6,1.2,14.0,1.0,1.2,22.0,-9,4.0,-8.0,5.0,1.4,0.8,0.5999999999999999,-0.1,-0.6,0.5,3
2021-11-06,15:30,Vizela,Estoril,1.0,1.0,D,0.0,0.0,D,2.0,3.0,1.0,0.0,21-22,14,5,9,19,1,5,-7.0,7.0,10,10,32.0,34.0,0.0,0.0,24,19.0,19.0,0.6,0.8,11.0,1.2,1.0,22.0,9,0.0,-11.0,-14.0,0.9,1.9,-0.9999999999999999,-0.7,0.7,-1.4,3
2021-11-05,21:15,Boavista,Famalicao,2.0,5.0,A,1.0,3.0,A,5.0,3.0,2.0,0.0,21-22,9,16,11,7,2,1,-3.0,-4.0,10,10,34.0,31.0,0.0,2.0,11,12.0,9.0,1.0,2.0,9.0,1.2,1.2,18.0,-7,3.0,-9.0,1.0,1.1,0.7,0.40000000000000013,-0.3,-0.4,0.10000000000000003,3
2021-11-05,19:00,Gil Vicente,Arouca,1.0,1.0,D,0.0,1.0,A,1.0,5.0,0.0,1.0,21-22,8,12,12,9,3,2,0.0,-6.0,10,10,33.0,27.0,1.0,2.0,20,11.0,19.0,1.2,1.4,19.0,1.2,1.2,20.0,-4,-8.0,-1.0,6.0,1.2,0.9,0.29999999999999993,0.0,-0.6,0.6,3
2021-11-01,21:15,Moreirense,Pacos Ferreira,1.0,1.0,D,0.0,0.0,D,1.0,1.0,0.0,0.0,21-22,17,10,7,10,1,2,-7.0,-3.0,9,9,32.0,31.0,1.0,2.0,12,7.0,5.0,0.8,1.8,14.0,0.8,1.0,11.0,7,2.0,3.0,-4.0,0.7777777777777778,1.1111111111111112,-0.33333333333333337,-0.7777777777777778,-0.3333333333333333,-0.4444444444444445,3
2021-11-01,19:00,Sp Braga,Portimonense,3.0,0.0,H,1.0,0.0,H,3.0,6.0,0.0,0.0,21-22,5,6,16,14,4,4,5.0,2.0,9,9,19.0,31.0,0.0,0.0,14,4.0,14.0,1.4,0.8,29.0,0.8,0.8,22.0,-1,-10.0,7.0,3.0,1.7777777777777777,1.5555555555555556,0.2222222222222221,0.5555555555555556,0.2222222222222222,0.33333333333333337,3
2021-10-31,20:30,Famalicao,Vizela,1.0,1.0,D,0.0,0.0,D,1.0,1.0,0.0,0.0,21-22,17,14,6,8,1,1,-4.0,-7.0,9,9,30.0,31.0,2.0,0.0,21,9.0,19.0,1.4,1.4,18.0,0.8,1.0,10.0,3,-10.0,8.0,3.0,0.6666666666666666,0.8888888888888888,-0.2222222222222222,-0.4444444444444444,-0.7777777777777778,0.33333333333333337,3
2021-10-31,18:00,Belenenses,Santa Clara,2.0,1.0,H,1.0,0.0,H,0.0,0.0,0.0,0.0,21-22,18,17,5,6,0,1,-7.0,-12.0,9,9,31.0,30.0,2.0,3.0,10,10.0,6.0,0.6,1.0,11.0,0.6,2.2,7.0,1,4.0,4.0,5.0,0.5555555555555556,0.6666666666666666,-0.11111111111111105,-0.7777777777777778,-1.3333333333333333,0.5555555555555555,3
2021-10-31,15:30,Maritimo,Gil Vicente,1.0,2.0,A,1.0,1.0,D,1.0,4.0,0.0,0.0,21-22,14,10,7,9,1,2,-4.0,-1.0,9,9,38.0,29.0,2.0,1.0,5,15.0,11.0,0.6,1.0,7.0,1.2,1.6,7.0,4,4.0,0.0,-3.0,0.7777777777777778,1.0,-0.2222222222222222,-0.4444444444444444,-0.1111111111111111,-0.3333333333333333,3
2021-10-30,21:15,Sp Lisbon,Guimaraes,1.0,0.0,H,1.0,0.0,H,2.0,2.0,0.0,0.0,21-22,3,7,23,13,7,3,10.0,3.0,9,9,32.0,28.0,1.0,1.0,9,1.0,8.0,1.2,0.4,43.0,1.4,1.4,30.0,-4,-7.0,13.0,7.0,2.5555555555555554,1.4444444444444444,1.111111111111111,1.1111111111111112,0.3333333333333333,0.7777777777777779,3
2021-10-30,19:00,Estoril,Benfica,1.0,1.0,D,0.0,1.0,A,3.0,2.0,0.0,0.0,21-22,4,2,18,24,5,8,7.0,15.0,9,9,31.0,17.0,0.0,1.0,17,19.0,3.0,1.4,1.0,25.0,2.4,0.6,33.0,2,16.0,-8.0,-8.0,2.0,2.6666666666666665,-0.6666666666666665,0.7777777777777778,1.6666666666666667,-0.888888888888889,3
2021-10-30,17:00,Porto,Boavista,4.0,1.0,H,2.0,1.0,H,4.0,4.0,0.0,0.0,21-22,2,8,23,11,7,2,15.0,0.0,9,9,28.0,30.0,2.0,0.0,7,2.0,12.0,2.6,0.8,43.0,1.0,1.4,13.0,-6,-10.0,30.0,15.0,2.5555555555555554,1.2222222222222223,1.333333333333333,1.6666666666666667,0.0,1.6666666666666667,3
2021-10-29,20:15,Arouca,Tondela,2.0,0.0,H,1.0,0.0,H,5.0,4.0,1.0,0.0,21-22,16,11,6,9,1,3,-8.0,-4.0,9,9,22.0,26.0,1.0,1.0,23,19.0,13.0,1.2,1.6,8.0,1.6,2.0,21.0,5,6.0,-13.0,-4.0,0.6666666666666666,1.0,-0.33333333333333337,-0.8888888888888888,-0.4444444444444444,-0.4444444444444444,3
2021-10-25,21:15,Boavista,Belenenses,0.0,0.0,D,0.0,0.0,D,4.0,4.0,0.0,0.0,21-22,8,18,10,4,2,0,0.0,-7.0,8,8,26.0,27.0,0.0,2.0,11,12.0,10.0,1.2,1.6,12.0,0.8,1.2,10.0,-10,2.0,2.0,7.0,1.25,0.5,0.75,0.0,-0.875,0.875,3
2021-10-25,19:00,Gil Vicente,Sp Braga,0.0,1.0,A,0.0,1.0,A,1.0,4.0,0.0,0.0,21-22,10,6,9,13,2,3,0.0,4.0,8,8,28.0,15.0,1.0,0.0,20,11.0,4.0,1.2,1.6,10.0,1.2,0.8,21.0,4,7.0,-11.0,-4.0,1.125,1.625,-0.5,0.0,0.5,-0.5,3
2021-10-24,20:30,Portimonense,Estoril,0.0,2.0,A,0.0,0.0,D,1.0,3.0,0.0,0.0,21-22,5,4,14,15,4,4,4.0,5.0,8,8,30.0,28.0,0.0,0.0,3,14.0,19.0,0.8,0.6,30.0,1.4,1.2,18.0,1,-5.0,12.0,-1.0,1.75,1.875,-0.125,0.5,0.625,-0.125,3
2021-10-24,18:00,Vizela,Benfica,0.0,1.0,A,0.0,0.0,D,3.0,3.0,0.0,0.0,21-22,12,3,8,21,1,7,-6.0,14.0,8,8,28.0,14.0,0.0,1.0,24,19.0,3.0,1.0,1.0,15.0,2.6,0.8,30.0,9,16.0,-15.0,-20.0,1.0,2.625,-1.625,-0.75,1.75,-2.5,3
2021-10-24,15:30,Pacos Ferreira,Arouca,0.0,0.0,D,0.0,0.0,D,7.0,2.0,1.0,0.0,21-22,10,17,9,5,2,1,-3.0,-8.0,8,8,24.0,20.0,1.0,1.0,13,5.0,19.0,1.0,1.0,12.0,1.2,2.2,5.0,-7,-14.0,7.0,5.0,1.125,0.625,0.5,-0.375,-1.0,0.625,3
2021-10-23,20:30,Sp Lisbon,Moreirense,1.0,0.0,H,1.0,0.0,H,3.0,3.0,0.0,0.0,21-22,3,14,20,7,6,1,9.0,-6.0,8,8,29.0,29.0,1.0,1.0,9,1.0,7.0,1.2,0.6,39.0,1.0,1.8,20.0,-11,-6.0,19.0,15.0,2.5,0.875,1.625,1.125,-0.75,1.875,3
2021-10-23,18:00,Tondela,Porto,1.0,3.0,A,1.0,2.0,A,2.0,4.0,1.0,0.0,21-22,10,2,9,20,3,6,-2.0,13.0,8,8,24.0,24.0,0.0,2.0,15,13.0,2.0,1.6,1.8,27.0,2.6,0.6,41.0,8,11.0,-14.0,-15.0,1.125,2.5,-1.375,-0.25,1.625,-1.875,3
2021-10-23,15:30,Santa Clara,Famalicao,0.0,2.0,A,0.0,1.0,A,4.0,2.0,2.0,1.0,21-22,15,18,6,3,1,0,-10.0,-6.0,8,8,26.0,28.0,1.0,1.0,19,6.0,9.0,0.8,1.8,12.0,1.2,1.6,6.0,-3,-3.0,6.0,-4.0,0.75,0.375,0.375,-1.25,-0.75,-0.5,3
2021-10-22,20:15,Guimaraes,Maritimo,2.0,1.0,H,0.0,0.0,D,1.0,1.0,0.0,0.0,21-22,7,13,10,7,2,1,2.0,-3.0,8,8,27.0,37.0,1.0,2.0,8,8.0,15.0,1.0,1.2,21.0,0.6,1.0,10.0,-6,-7.0,11.0,5.0,1.25,0.875,0.375,0.25,-0.375,0.625,3
2021-10-03,20:30,Sp Braga,Boavista,2.0,2.0,D,1.0,1.0,D,2.0,5.0,0.0,0.0,21-22,6,9,12,9,3,2,4.0,0.0,7,7,13.0,21.0,0.0,0.0,14,4.0,12.0,1.4,0.8,25.0,1.2,1.2,13.0,-3,-8.0,12.0,4.0,1.7142857142857142,1.2857142857142858,0.4285714285714284,0.5714285714285714,0.0,0.5714285714285714,3
2021-10-03,18:00,Estoril,Gil Vicente,2.0,2.0,D,2.0,1.0,H,2.0,4.0,0.0,0.0,21-22,4,11,14,8,4,2,5.0,0.0,7,7,26.0,24.0,0.0,1.0,17,19.0,11.0,1.6,1.0,23.0,0.8,1.6,7.0,-7,8.0,16.0,5.0,2.0,1.1428571428571428,0.8571428571428572,0.7142857142857143,0.0,0.7142857142857143,3
2021-10-03,18:00,Benfica,Portimonense,0.0,1.0,A,0.0,0.0,D,2.0,5.0,0.0,0.0,21-22,1,6,21,11,7,3,15.0,3.0,7,7,12.0,25.0,1.0,0.0,6,3.0,14.0,3.0,0.6,45.0,1.2,0.6,23.0,-5,-11.0,22.0,12.0,3.0,1.5714285714285714,1.4285714285714286,2.142857142857143,0.42857142857142855,1.7142857142857142,3
2021-10-03,15:30,Belenenses,Tondela,0.0,2.0,A,0.0,1.0,A,5.0,2.0,0.0,0.0,21-22,17,14,4,6,0,2,-5.0,-4.0,7,7,22.0,22.0,2.0,0.0,10,10.0,13.0,0.8,1.2,14.0,1.2,2.4,15.0,3,-3.0,-1.0,-1.0,0.5714285714285714,0.8571428571428571,-0.2857142857142857,-0.7142857142857143,-0.5714285714285714,-0.1428571428571429,3
2021-10-02,20:30,Arouca,Sp Lisbon,1.0,2.0,A,0.0,1.0,A,3.0,5.0,0.0,0.0,21-22,16,3,5,17,1,5,-7.0,8.0,7,7,17.0,24.0,1.0,1.0,23,19.0,1.0,1.4,2.0,10.0,1.2,0.4,35.0,13,18.0,-25.0,-15.0,0.7142857142857143,2.4285714285714284,-1.714285714285714,-1.0,1.1428571428571428,-2.142857142857143,3
2021-10-02,18:00,Porto,Pacos Ferreira,2.0,1.0,H,1.0,1.0,D,4.0,5.0,1.0,0.0,21-22,2,9,17,9,5,2,12.0,-2.0,7,7,20.0,19.0,1.0,1.0,7,2.0,5.0,2.4,0.6,37.0,1.0,1.2,18.0,-7,-3.0,19.0,14.0,2.4285714285714284,1.2857142857142858,1.1428571428571426,1.7142857142857142,-0.2857142857142857,2.0,3
2021-10-02,15:30,Vizela,Santa Clara,1.0,1.0,D,0.0,0.0,D,6.0,4.0,0.0,0.0,21-22,13,16,7,5,1,1,-6.0,-10.0,7,7,22.0,22.0,0.0,1.0,24,19.0,6.0,0.8,1.6,14.0,0.6,2.0,11.0,-3,13.0,3.0,4.0,1.0,0.7142857142857143,0.2857142857142857,-0.8571428571428571,-1.4285714285714286,0.5714285714285715,3
2021-10-01,21:15,Famalicao,Guimaraes,1.0,2.0,A,1.0,1.0,D,2.0,5.0,0.0,0.0,21-22,18,10,3,7,0,1,-5.0,1.0,7,7,26.0,22.0,1.0,1.0,21,9.0,8.0,1.2,1.6,9.0,1.4,1.0,12.0,8,1.0,-3.0,-6.0,0.42857142857142855,1.0,-0.5714285714285714,-0.7142857142857143,0.14285714285714285,-0.8571428571428572,3
2021-10-01,19:00,Maritimo,Moreirense,0.0,0.0,D,0.0,0.0,D,5.0,3.0,0.0,0.0,21-22,12,14,6,6,1,1,-3.0,-6.0,7,7,32.0,26.0,2.0,1.0,5,15.0,7.0,0.8,1.2,8.0,1.4,2.4,20.0,-2,8.0,-12.0,3.0,0.8571428571428571,0.8571428571428571,0.0,-0.42857142857142855,-0.8571428571428571,0.42857142857142855,3
2021-09-27,21:15,Boavista,Estoril,1.0,1.0,D,1.0,0.0,H,3.0,2.0,0.0,0.0,21-22,9,4,8,13,2,4,0.0,5.0,6,6,18.0,24.0,0.0,0.0,11,12.0,19.0,1.6,1.0,16.0,1.4,0.8,28.0,5,-7.0,-12.0,-5.0,1.3333333333333333,2.1666666666666665,-0.8333333333333333,0.0,0.8333333333333334,-0.8333333333333334,3
2021-09-27,19:00,Pacos Ferreira,Belenenses,2.0,2.0,D,2.0,0.0,H,3.0,1.0,0.0,0.0,21-22,9,18,8,3,2,0,-2.0,-5.0,6,6,16.0,21.0,1.0,2.0,13,5.0,10.0,0.6,1.4,18.0,0.6,1.2,12.0,-9,-5.0,6.0,3.0,1.3333333333333333,0.5,0.8333333333333333,-0.3333333333333333,-0.8333333333333334,0.5,3
2021-09-26,20:30,Portimonense,Vizela,0.0,0.0,D,0.0,0.0,D,4.0,2.0,0.0,0.0,21-22,6,14,10,6,3,1,3.0,-6.0,6,6,21.0,20.0,0.0,0.0,3,14.0,19.0,1.2,0.8,25.0,1.2,1.8,15.0,-8,-5.0,10.0,9.0,1.6666666666666667,1.0,0.6666666666666667,0.5,-1.0,1.5,3
2021-09-26,18:00,Santa Clara,Sp Braga,1.0,1.0,D,0.0,0.0,D,3.0,1.0,0.0,0.0,21-22,16,5,4,11,1,3,-10.0,4.0,6,6,19.0,12.0,1.0,0.0,19,6.0,4.0,0.8,2.2,10.0,1.4,1.0,28.0,11,2.0,-18.0,-14.0,0.6666666666666666,1.8333333333333333,-1.1666666666666665,-1.6666666666666667,0.6666666666666666,-2.3333333333333335,3
2021-09-25,20:30,Tondela,Famalicao,3.0,2.0,H,1.0,1.0,D,5.0,5.0,0.0,1.0,21-22,17,16,3,3,1,0,-5.0,-4.0,6,6,17.0,21.0,0.0,0.0,15,13.0,9.0,0.8,2.4,0.0,1.0,1.4,12.0,1,4.0,-12.0,-1.0,0.5,0.5,0.0,-0.8333333333333334,-0.6666666666666666,-0.16666666666666674,3
2021-09-25,18:00,Guimaraes,Benfica,1.0,3.0,A,0.0,2.0,A,0.0,1.0,0.0,0.0,21-22,10,1,7,18,1,6,3.0,13.0,6,6,22.0,11.0,1.0,1.0,8,8.0,3.0,1.2,0.4,19.0,2.8,0.4,45.0,9,5.0,-26.0,-10.0,1.1666666666666667,3.0,-1.8333333333333333,0.5,2.1666666666666665,-1.6666666666666665,3
2021-09-25,15:30,Moreirense,Arouca,2.0,1.0,H,1.0,0.0,H,5.0,2.0,0.0,0.0,21-22,18,13,3,5,0,1,-7.0,-6.0,6,6,21.0,15.0,1.0,1.0,12,7.0,19.0,1.4,2.6,8.0,1.2,2.0,15.0,5,-12.0,-7.0,-1.0,0.5,0.8333333333333334,-0.33333333333333337,-1.1666666666666667,-1.0,-0.16666666666666674,3
2021-09-24,21:15,Gil Vicente,Porto,1.0,2.0,A,1.0,1.0,D,5.0,4.0,0.0,0.0,21-22,7,3,8,14,2,4,1.0,11.0,6,6,19.0,16.0,1.0,1.0,20,11.0,2.0,0.8,1.2,12.0,2.4,0.6,33.0,4,9.0,-21.0,-10.0,1.3333333333333333,2.3333333333333335,-1.0000000000000002,0.16666666666666666,1.8333333333333333,-1.6666666666666665,3
2021-09-24,19:00,Sp Lisbon,Maritimo,1.0,0.0,H,0.0,0.0,D,4.0,6.0,0.0,1.0,21-22,3,11,14,6,4,1,7.0,-2.0,6,6,20.0,26.0,1.0,1.0,9,1.0,15.0,1.4,0.6,31.0,1.2,1.2,14.0,-8,-14.0,17.0,9.0,2.3333333333333335,1.0,1.3333333333333335,1.1666666666666667,-0.3333333333333333,1.5,3
2021-09-20,21:15,Sp Braga,Tondela,3.0,1.0,H,0.0,0.0,D,2.0,4.0,0.0,0.0,21-22,6,15,8,3,2,1,2.0,-3.0,5,5,10.0,13.0,0.0,0.0,14,4.0,13.0,1.2,0.8,21.0,1.2,1.8,3.0,-9,-9.0,18.0,5.0,1.6,0.6,1.0,0.4,-0.6,1.0,2
2021-09-20,19:00,Benfica,Boavista,3.0,1.0,H,2.0,1.0,H,1.0,3.0,0.0,0.0,21-22,1,6,15,8,5,2,11.0,2.0,5,5,10.0,15.0,1.0,0.0,6,3.0,12.0,2.6,0.4,45.0,1.4,1.0,24.0,-5,-9.0,21.0,9.0,3.0,1.6,1.4,2.2,0.4,1.8000000000000003,2
2021-09-19,20:30,Estoril,Sp Lisbon,0.0,1.0,A,0.0,0.0,D,3.0,2.0,0.0,0.0,21-22,3,4,13,11,4,3,6.0,6.0,5,5,21.0,18.0,0.0,1.0,17,19.0,1.0,1.8,0.6,41.0,1.8,0.6,27.0,-1,18.0,14.0,0.0,2.6,2.2,0.3999999999999999,1.2,1.2,0.0,2
2021-09-19,18:00,Porto,Moreirense,5.0,0.0,H,1.0,0.0,H,2.0,3.0,0.0,0.0,21-22,4,15,11,3,3,0,6.0,-2.0,5,5,14.0,18.0,1.0,1.0,7,2.0,7.0,1.8,0.6,29.0,1.6,2.0,11.0,-11,-5.0,18.0,8.0,2.2,0.6,1.6,1.2,-0.4,1.6,2
2021-09-19,15:30,Vizela,Pacos Ferreira,1.0,1.0,D,1.0,0.0,H,5.0,2.0,0.0,1.0,21-22,13,10,5,7,1,2,-6.0,-2.0,5,5,15.0,14.0,0.0,0.0,24,19.0,5.0,1.0,2.2,15.0,0.8,1.2,20.0,3,14.0,-5.0,-4.0,1.0,1.4,-0.3999999999999999,-1.2,-0.4,-0.7999999999999999,2
2021-09-18,20:30,Arouca,Guimaraes,2.0,2.0,D,0.0,1.0,A,1.0,2.0,0.0,0.0,21-22,13,10,4,6,1,1,-6.0,3.0,5,5,14.0,20.0,1.0,1.0,23,19.0,8.0,0.8,2.0,14.0,0.8,0.2,20.0,3,11.0,-6.0,-9.0,0.8,1.2,-0.3999999999999999,-1.2,0.6,-1.7999999999999998,2
2021-09-18,18:00,Belenenses,Gil Vicente,1.0,1.0,D,0.0,0.0,D,3.0,3.0,0.0,0.0,21-22,18,8,2,7,0,2,-5.0,1.0,5,5,18.0,16.0,2.0,1.0,10,10.0,11.0,0.4,1.4,9.0,1.2,1.0,14.0,10,-1.0,-5.0,-6.0,0.4,1.4,-0.9999999999999999,-1.0,0.2,-1.2,2
2021-09-18,15:30,Famalicao,Maritimo,0.0,0.0,D,0.0,0.0,D,3.0,3.0,0.0,0.0,21-22,17,11,2,5,0,1,-4.0,-2.0,5,5,18.0,23.0,0.0,1.0,21,9.0,15.0,1.0,1.8,9.0,1.2,1.6,14.0,6,-6.0,-5.0,-2.0,0.4,1.0,-0.6,-0.8,-0.4,-0.4,2
2021-09-17,20:15,Portimonense,Santa Clara,2.0,1.0,H,2.0,1.0,H,4.0,3.0,0.0,0.0,21-22,7,14,7,4,2,1,2.0,-9.0,5,5,17.0,16.0,0.0,1.0,3,14.0,6.0,1.0,0.6,17.0,0.6,2.4,14.0,-7,8.0,3.0,11.0,1.4,0.8,0.5999999999999999,0.4,-1.8,2.2,2
2021-09-13,21:15,Tondela,Estoril,1.0,2.0,A,0.0,2.0,A,2.0,7.0,0.0,0.0,21-22,15,4,3,10,1,3,-2.0,5.0,4,4,11.0,14.0,0.0,0.0,15,13.0,19.0,1.25,1.75,6.0,1.75,0.5,36.0,11,-6.0,-30.0,-7.0,0.75,2.5,-1.75,-0.5,1.25,-1.75,2
2021-09-13,19:00,Maritimo,Arouca,2.0,2.0,D,2.0,1.0,H,5.0,6.0,1.0,0.0,21-22,12,16,4,3,1,1,-2.0,-6.0,4,4,18.0,8.0,0.0,1.0,5,15.0,19.0,1.0,1.5,13.0,0.5,2.0,12.0,-4,-4.0,1.0,4.0,1.0,0.75,0.25,-0.5,-1.5,1.0,2
2021-09-12,20:30,Guimaraes,Belenenses,0.0,0.0,D,0.0,0.0,D,5.0,4.0,0.0,0.0,21-22,10,18,5,1,1,0,3.0,-5.0,4,4,15.0,14.0,1.0,2.0,8,8.0,10.0,1.0,0.25,20.0,0.5,1.75,5.0,-8,-2.0,15.0,8.0,1.25,0.25,1.0,0.75,-1.25,2.0,2
2021-09-12,18:00,Gil Vicente,Vizela,2.0,2.0,D,0.0,1.0,A,3.0,3.0,0.0,0.0,21-22,9,12,6,4,2,1,1.0,-6.0,4,4,13.0,12.0,1.0,0.0,20,11.0,19.0,1.0,0.75,15.0,0.75,2.25,14.0,-3,-8.0,1.0,7.0,1.5,1.0,0.5,0.25,-1.5,1.75,2
2021-09-12,18:00,Boavista,Portimonense,1.0,1.0,D,0.0,1.0,A,3.0,5.0,0.0,0.0,21-22,6,8,7,6,2,2,2.0,2.0,4,4,12.0,12.0,0.0,0.0,11,12.0,14.0,1.5,1.0,26.0,1.0,0.5,18.0,-2,-2.0,8.0,0.0,1.75,1.5,0.25,0.5,0.5,0.0,2
2021-09-12,15:30,Moreirense,Famalicao,2.0,2.0,D,1.0,1.0,D,2.0,3.0,0.0,0.0,21-22,16,17,2,1,0,0,-2.0,-4.0,4,4,16.0,15.0,1.0,0.0,12,7.0,9.0,1.5,2.0,8.0,0.75,1.75,5.0,-1,-2.0,3.0,2.0,0.5,0.25,0.25,-0.5,-1.0,0.5,2
2021-09-11,20:30,Sp Lisbon,Porto,1.0,1.0,D,1.0,0.0,H,6.0,6.0,0.0,1.0,21-22,2,3,10,10,3,3,6.0,6.0,4,4,12.0,8.0,1.0,0.0,9,1.0,2.0,2.0,0.5,32.0,2.0,0.5,34.0,-1,-1.0,-2.0,0.0,2.5,2.5,0.0,1.5,1.5,0.0,2
2021-09-11,18:00,Santa Clara,Benfica,0.0,5.0,A,0.0,1.0,A,2.0,1.0,0.0,0.0,21-22,12,1,4,12,1,4,-4.0,6.0,4,4,14.0,9.0,1.0,1.0,19,6.0,3.0,0.75,1.75,18.0,2.0,0.5,42.0,11,3.0,-24.0,-10.0,1.0,3.0,-2.0,-1.0,1.5,-2.5,2
2021-09-11,15:30,Pacos Ferreira,Sp Braga,0.0,0.0,D,0.0,0.0,D,2.0,0.0,0.0,0.0,21-22,9,5,6,7,2,2,-2.0,2.0,4,4,12.0,10.0,0.0,0.0,13,5.0,4.0,1.0,1.5,21.0,1.5,1.0,23.0,4,1.0,-2.0,-4.0,1.5,1.75,-0.25,-0.5,0.5,-1.0,2
2021-08-29,20:30,Santa Clara,Gil Vicente,1.0,0.0,H,1.0,0.0,H,3.0,5.0,1.0,1.0,21-22,17,7,1,6,0,2,-5.0,2.0,3,3,11.0,8.0,0.0,0.0,19,6.0,11.0,0.6666666666666666,2.3333333333333335,4.0,1.3333333333333333,0.6666666666666666,21.0,10,-5.0,-17.0,-7.0,0.3333333333333333,2.0,-1.6666666666666667,-1.6666666666666667,0.6666666666666666,-2.3333333333333335,2
2021-08-29,20:30,Portimonense,Pacos Ferreira,0.0,1.0,A,0.0,1.0,A,2.0,5.0,0.0,0.0,21-22,7,13,6,3,2,1,3.0,-3.0,3,3,10.0,7.0,0.0,0.0,3,14.0,5.0,1.3333333333333333,0.3333333333333333,24.0,1.0,2.0,9.0,-6,9.0,15.0,6.0,2.0,1.0,1.0,1.0,-1.0,2.0,2
2021-08-29,18:00,Sp Braga,Guimaraes,0.0,0.0,D,0.0,0.0,D,2.0,5.0,0.0,0.0,21-22,7,9,6,4,2,1,2.0,3.0,3,3,8.0,10.0,0.0,1.0,14,4.0,8.0,2.0,1.3333333333333333,24.0,1.3333333333333333,0.3333333333333333,19.0,-2,-4.0,5.0,-1.0,2.0,1.3333333333333333,0.6666666666666667,0.6666666666666666,1.0,-0.33333333333333337,2
2021-08-29,18:00,Benfica,Tondela,2.0,1.0,H,0.0,1.0,A,2.0,3.0,0.0,0.0,21-22,4,12,9,3,3,1,5.0,-1.0,3,3,7.0,8.0,1.0,0.0,6,3.0,13.0,2.0,0.3333333333333333,36.0,1.3333333333333333,1.6666666666666667,9.0,-8,-10.0,27.0,6.0,3.0,1.0,2.0,1.6666666666666667,-0.3333333333333333,2.0,2
2021-08-28,20:30,Famalicao,Sp Lisbon,1.0,1.0,D,0.0,0.0,D,4.0,5.0,0.0,0.0,21-22,18,3,0,9,0,3,-4.0,6.0,3,3,11.0,7.0,0.0,1.0,21,9.0,1.0,0.6666666666666666,2.0,0.0,2.3333333333333335,0.3333333333333333,36.0,15,8.0,-36.0,-10.0,0.0,3.0,-3.0,-1.3333333333333333,2.0,-3.333333333333333,2
2021-08-28,18:00,Porto,Arouca,3.0,0.0,H,2.0,0.0,H,4.0,3.0,0.0,0.0,21-22,4,14,7,3,2,1,3.0,-3.0,3,3,4.0,5.0,0.0,1.0,7,2.0,19.0,1.6666666666666667,0.6666666666666666,26.0,0.6666666666666666,1.6666666666666667,15.0,-10,-17.0,11.0,6.0,2.3333333333333335,1.0,1.3333333333333335,1.0,-1.0,2.0,2
2021-08-28,15:30,Vizela,Boavista,1.0,1.0,D,0.0,0.0,D,3.0,3.0,0.0,0.0,21-22,14,7,3,6,1,2,-6.0,2.0,3,3,9.0,9.0,0.0,0.0,24,19.0,12.0,0.6666666666666666,2.6666666666666665,12.0,1.6666666666666667,1.0,27.0,7,7.0,-15.0,-8.0,1.0,2.0,-1.0,-2.0,0.6666666666666666,-2.6666666666666665,2
2021-08-27,21:15,Estoril,Maritimo,2.0,1.0,H,1.0,1.0,D,7.0,6.0,0.0,0.0,21-22,3,10,7,4,2,1,4.0,-1.0,3,3,7.0,12.0,0.0,0.0,17,19.0,15.0,1.6666666666666667,0.3333333333333333,28.0,1.0,1.3333333333333333,17.0,-7,4.0,11.0,5.0,2.3333333333333335,1.3333333333333333,1.0000000000000002,1.3333333333333333,-0.3333333333333333,1.6666666666666665,2
2021-08-27,19:00,Belenenses,Moreirense,1.0,1.0,D,1.0,0.0,H,5.0,4.0,1.0,0.0,21-22,18,15,0,1,0,0,-5.0,-2.0,3,3,9.0,12.0,1.0,1.0,10,10.0,7.0,0.3333333333333333,2.0,0.0,1.6666666666666667,2.3333333333333335,4.0,3,3.0,-4.0,-3.0,0.0,0.3333333333333333,-0.3333333333333333,-1.6666666666666667,-0.6666666666666666,-1.0,2
2021-08-23,21:15,Boavista,Santa Clara,2.0,0.0,H,1.0,0.0,H,3.0,3.0,0.0,0.0,21-22,10,16,3,1,1,0,0.0,-3.0,2,2,6.0,8.0,0.0,0.0,11,12.0,6.0,1.5,1.5,15.0,1.0,2.5,5.0,-6,6.0,10.0,3.0,1.5,0.5,1.0,0.0,-1.5,1.5,2
2021-08-23,19:00,Pacos Ferreira,Estoril,1.0,3.0,A,1.0,1.0,D,3.0,3.0,0.0,0.0,21-22,12,8,3,4,1,1,-1.0,2.0,2,2,4.0,4.0,0.0,0.0,13,5.0,19.0,1.0,1.5,12.0,1.0,0.0,17.0,4,-14.0,-5.0,-3.0,1.5,2.0,-0.5,-0.5,1.0,-1.5,2
2021-08-22,20:30,Guimaraes,Vizela,4.0,0.0,H,0.0,0.0,D,4.0,4.0,0.0,0.0,21-22,14,12,1,3,0,1,-1.0,-2.0,2,2,6.0,5.0,1.0,0.0,8,8.0,19.0,0.0,0.5,5.0,1.0,2.0,15.0,2,-11.0,-10.0,1.0,0.5,1.5,-1.0,-0.5,-1.0,0.5,2
2021-08-22,18:00,Maritimo,Porto,1.0,1.0,D,1.0,1.0,D,4.0,1.0,0.0,0.0,21-22,10,3,3,6,1,2,-1.0,3.0,2,2,8.0,3.0,0.0,0.0,5,15.0,2.0,1.0,1.5,15.0,2.0,0.5,27.0,7,13.0,-12.0,-4.0,1.5,3.0,-1.5,-0.5,1.5,-2.0,2
2021-08-22,15:30,Tondela,Portimonense,0.0,3.0,A,0.0,2.0,A,4.0,4.0,0.0,0.0,21-22,7,9,3,3,1,1,2.0,0.0,2,2,4.0,6.0,0.0,0.0,15,13.0,14.0,2.0,1.0,12.0,0.5,0.5,12.0,-2,-1.0,0.0,2.0,1.5,1.5,0.0,1.0,0.0,1.0,2
2021-08-21,20:30,Sp Lisbon,Belenenses,2.0,0.0,H,1.0,0.0,H,2.0,2.0,0.0,1.0,21-22,2,17,6,0,2,0,4.0,-3.0,2,2,5.0,7.0,1.0,0.0,9,1.0,10.0,2.5,0.5,27.0,0.5,2.0,0.0,-15,-9.0,27.0,7.0,3.0,0.0,3.0,2.0,-1.5,3.5,2
2021-08-21,18:00,Gil Vicente,Benfica,0.0,2.0,A,0.0,0.0,D,3.0,2.0,0.0,0.0,21-22,2,4,6,6,2,2,4.0,3.0,2,2,5.0,5.0,0.0,1.0,20,11.0,3.0,2.0,0.0,27.0,2.0,0.5,27.0,-2,8.0,0.0,1.0,3.0,3.0,0.0,2.0,1.5,0.5,2
2021-08-20,21:15,Moreirense,Sp Braga,2.0,3.0,A,0.0,2.0,A,4.0,2.0,0.0,0.0,21-22,14,7,1,3,0,1,-1.0,1.0,2,2,8.0,6.0,1.0,0.0,12,7.0,4.0,1.5,2.0,5.0,1.5,1.0,12.0,7,3.0,-7.0,-2.0,0.5,1.5,-1.0,-0.5,0.5,-1.0,2
2021-08-20,19:00,Arouca,Famalicao,2.0,1.0,H,0.0,1.0,A,4.0,4.0,0.0,0.0,21-22,18,16,0,0,0,0,-4.0,-3.0,2,2,1.0,7.0,1.0,0.0,23,19.0,9.0,0.0,2.0,0.0,0.5,2.0,0.0,2,10.0,0.0,-1.0,0.0,0.0,0.0,-2.0,-1.5,-0.5,2
2021-08-16,21:15,Belenenses,Maritimo,1.0,2.0,A,1.0,2.0,A,4.0,5.0,0.0,0.0,21-22,16,15,0,0,0,0,-2.0,-2.0,1,1,3.0,3.0,0.0,0.0,10,10.0,15.0,0.0,2.0,0.0,0.0,2.0,0.0,1,-5.0,0.0,0.0,0.0,0.0,0.0,-2.0,-2.0,0.0,2
2021-08-16,19:00,Boavista,Pacos Ferreira,3.0,0.0,H,1.0,0.0,H,3.0,2.0,0.0,0.0,21-22,17,7,0,3,0,1,-3.0,2.0,1,1,3.0,2.0,0.0,0.0,11,12.0,5.0,0.0,3.0,0.0,2.0,0.0,15.0,10,7.0,-15.0,-5.0,0.0,3.0,-3.0,-3.0,2.0,-5.0,2
2021-08-15,20:30,Santa Clara,Moreirense,2.0,2.0,D,0.0,0.0,D,5.0,4.0,0.0,1.0,21-22,16,12,0,0,0,0,-3.0,-1.0,1,1,3.0,4.0,0.0,0.0,19,6.0,7.0,0.0,3.0,0.0,1.0,2.0,0.0,4,-1.0,0.0,-2.0,0.0,0.0,0.0,-3.0,-1.0,-2.0,2
2021-08-15,18:00,Famalicao,Porto,1.0,2.0,A,0.0,2.0,A,3.0,1.0,0.0,0.0,21-22,14,6,0,3,0,1,-2.0,2.0,1,1,4.0,2.0,0.0,0.0,21,9.0,2.0,0.0,2.0,0.0,2.0,0.0,15.0,8,7.0,-15.0,-4.0,0.0,3.0,-3.0,-2.0,2.0,-4.0,2
2021-08-15,15:30,Portimonense,Gil Vicente,0.0,1.0,A,0.0,0.0,D,3.0,2.0,0.0,0.0,21-22,9,4,3,3,1,1,1.0,3.0,1,1,3.0,3.0,0.0,0.0,3,14.0,11.0,1.0,0.0,15.0,3.0,0.0,15.0,5,3.0,0.0,-2.0,3.0,3.0,0.0,1.0,3.0,-2.0,2
2021-08-14,20:30,Sp Braga,Sp Lisbon,1.0,2.0,A,0.0,1.0,A,3.0,4.0,0.0,1.0,21-22,8,3,3,3,1,1,2.0,3.0,1,1,3.0,1.0,0.0,0.0,14,4.0,1.0,2.0,0.0,15.0,3.0,0.0,15.0,5,3.0,0.0,-1.0,3.0,3.0,0.0,2.0,3.0,-1.0,2
2021-08-14,18:00,Benfica,Arouca,2.0,0.0,H,2.0,0.0,H,1.0,0.0,0.0,1.0,21-22,8,13,3,0,1,0,1.0,-2.0,1,1,4.0,1.0,1.0,0.0,6,3.0,19.0,2.0,1.0,15.0,0.0,2.0,0.0,-5,-16.0,15.0,3.0,3.0,0.0,3.0,1.0,-2.0,3.0,2
2021-08-14,15:30,Vizela,Tondela,2.0,1.0,H,0.0,1.0,A,2.0,3.0,0.0,0.0,21-22,16,3,0,3,0,1,-3.0,3.0,1,1,3.0,1.0,0.0,0.0,24,19.0,13.0,0.0,3.0,0.0,3.0,0.0,15.0,13,6.0,-15.0,-6.0,0.0,3.0,-3.0,-3.0,3.0,-6.0,2
2021-08-13,20:15,Estoril,Guimaraes,0.0,0.0,D,0.0,0.0,D,1.0,4.0,0.0,1.0,21-22,6,11,3,0,1,0,2.0,-1.0,1,1,3.0,2.0,0.0,0.0,17,19.0,8.0,2.0,0.0,15.0,0.0,1.0,0.0,-5,11.0,15.0,3.0,3.0,0.0,3.0,2.0,-1.0,3.0,2
2021-08-09,20:15,Gil Vicente,Boavista,3.0,0.0,H,2.0,0.0,H,3.0,3.0,0.0,0.0,21-22,9,10,0,0,0,0,0.0,0.0,0,0,0.0,0.0,0.0,0.0,20,11.0,12.0,0.0,0.0,0.0,0.0,0.0,0.0,-1,-1.0,0.0,0.0,0.0,0.0,0.0,0.0,0.0,0.0,2
2021-08-08,20:30,Pacos Ferreira,Famalicao,2.0,0.0,H,0.0,0.0,D,2.0,4.0,0.0,0.0,21-22,8,10,0,0,0,0,0.0,0.0,0,0,0.0,0.0,0.0,0.0,13,5.0,9.0,0.0,0.0,0.0,0.0,0.0,0.0,-2,-4.0,0.0,0.0,0.0,0.0,0.0,0.0,0.0,0.0,2
2021-08-08,18:00,Porto,Belenenses,2.0,0.0,H,1.0,0.0,H,2.0,3.0,0.0,0.0,21-22,7,12,0,0,0,0,0.0,0.0,0,0,0.0,0.0,0.0,0.0,7,2.0,10.0,0.0,0.0,0.0,0.0,0.0,0.0,-5,-8.0,0.0,0.0,0.0,0.0,0.0,0.0,0.0,0.0,2
2021-08-08,15:30,Tondela,Santa Clara,3.0,0.0,H,1.0,0.0,H,1.0,3.0,0.0,0.0,21-22,6,11,0,0,0,0,0.0,0.0,0,0,0.0,0.0,0.0,0.0,15,13.0,6.0,0.0,0.0,0.0,0.0,0.0,0.0,-5,7.0,0.0,0.0,0.0,0.0,0.0,0.0,0.0,0.0,2
2021-08-08,15:30,Guimaraes,Portimonense,0.0,1.0,A,0.0,0.0,D,2.0,3.0,0.0,0.0,21-22,5,10,0,0,0,0,0.0,0.0,0,0,0.0,0.0,0.0,0.0,8,8.0,14.0,0.0,0.0,0.0,0.0,0.0,0.0,-5,-6.0,0.0,0.0,0.0,0.0,0.0,0.0,0.0,0.0,2
2021-08-07,20:30,Maritimo,Sp Braga,0.0,2.0,A,0.0,0.0,D,3.0,3.0,0.0,0.0,21-22,4,10,0,0,0,0,0.0,0.0,0,0,0.0,0.0,0.0,0.0,5,15.0,4.0,0.0,0.0,0.0,0.0,0.0,0.0,-6,11.0,0.0,0.0,0.0,0.0,0.0,0.0,0.0,0.0,2
2021-08-07,18:00,Moreirense,Benfica,1.0,2.0,A,1.0,2.0,A,4.0,4.0,0.0,1.0,21-22,3,10,0,0,0,0,0.0,0.0,0,0,0.0,0.0,0.0,0.0,12,7.0,3.0,0.0,0.0,0.0,0.0,0.0,0.0,-7,4.0,0.0,0.0,0.0,0.0,0.0,0.0,0.0,0.0,2
2021-08-07,12:45,Arouca,Estoril,0.0,2.0,A,0.0,1.0,A,1.0,3.0,0.0,0.0,21-22,2,10,0,0,0,0,0.0,0.0,0,0,0.0,0.0,0.0,0.0,23,19.0,19.0,0.0,0.0,0.0,0.0,0.0,0.0,-8,0.0,0.0,0.0,0.0,0.0,0.0,0.0,0.0,0.0,2
2021-08-06,20:15,Sp Lisbon,Vizela,3.0,0.0,H,0.0,0.0,D,1.0,3.0,0.0,0.0,21-22,1,11,0,0,0,0,0.0,0.0,0,0,0.0,0.0,0.0,0.0,9,1.0,19.0,0.0,0.0,0.0,0.0,0.0,0.0,-10,-18.0,0.0,0.0,0.0,0.0,0.0,0.0,0.0,0.0,2
2021-05-19,21:45,Sp Lisbon,Maritimo,5.0,1.0,H,3.0,0.0,H,3.0,1.0,0.0,0.0,20-21,1,15,82,35,25,10,41.0,-16.0,33,33,80.0,100.0,4.0,3.0,9,4.0,11.0,1.8,0.8,30.0,0.6,0.4,18.0,-14,-7.0,12.0,57.0,2.484848484848485,1.0606060606060606,1.4242424242424243,1.2424242424242424,-0.48484848484848486,1.7272727272727273,1
2021-05-19,20:00,Santa Clara,Farense,4.0,0.0,H,2.0,0.0,H,3.0,3.0,0.0,0.0,20-21,6,17,43,31,12,7,4.0,-13.0,33,33,93.0,80.0,4.0,7.0,19,10.0,19.0,1.4,1.2,29.0,1.0,1.6,21.0,-11,-9.0,8.0,17.0,1.303030303030303,0.9393939393939394,0.36363636363636354,0.12121212121212122,-0.3939393939393939,0.5151515151515151,1
2021-05-19,20:00,Portimonense,Sp Braga,0.0,0.0,D,0.0,0.0,D,4.0,0.0,0.0,0.0,20-21,15,4,34,63,9,19,-7.0,20.0,33,33,80.0,58.0,1.0,4.0,3,17.0,3.0,0.4,1.0,3.0,0.8,1.0,22.0,11,14.0,-19.0,-27.0,1.0303030303030303,1.9090909090909092,-0.8787878787878789,-0.21212121212121213,0.6060606060606061,-0.8181818181818182,1
2021-05-19,20:00,Nacional,Rio Ave,1.0,2.0,A,1.0,0.0,H,1.0,1.0,0.0,0.0,20-21,18,17,25,31,6,6,-28.0,-16.0,33,33,95.0,70.0,5.0,5.0,18,19.0,5.0,0.8,2.0,6.0,0.2,1.4,3.0,1,14.0,3.0,-12.0,0.7575757575757576,0.9393939393939394,-0.18181818181818188,-0.8484848484848485,-0.48484848484848486,-0.36363636363636365,1
2021-05-19,20:00,Moreirense,Famalicao,3.0,0.0,H,2.0,0.0,H,3.0,3.0,0.0,0.0,20-21,9,8,40,40,9,10,-9.0,-5.0,33,33,80.0,95.0,1.0,4.0,12,8.0,6.0,1.2,1.6,16.0,2.0,1.2,37.0,1,2.0,-21.0,-4.0,1.2121212121212122,1.2121212121212122,0.0,-0.2727272727272727,-0.15151515151515152,-0.12121212121212119,1
2021-05-19,20:00,Guimaraes,Benfica,1.0,3.0,A,0.0,0.0,D,1.0,1.0,0.0,0.0,20-21,7,3,43,73,12,22,-5.0,40.0,33,33,76.0,82.0,3.0,0.0,8,7.0,2.0,1.0,1.0,14.0,2.4,1.2,39.0,4,5.0,-25.0,-45.0,1.303030303030303,2.212121212121212,-0.909090909090909,-0.15151515151515152,1.2121212121212122,-1.3636363636363638,1
2021-05-19,20:00,Gil Vicente,Boavista,1.0,2.0,A,1.0,0.0,H,2.0,2.0,1.0,1.0,20-21,11,15,39,33,11,7,-8.0,-11.0,33,33,67.0,81.0,4.0,8.0,20,9.0,12.0,1.0,0.6,30.0,1.0,1.2,20.0,-4,-3.0,10.0,3.0,1.1818181818181819,1.0,0.18181818181818188,-0.24242424242424243,-0.3333333333333333,0.09090909090909088,1
2021-05-19,18:00,Porto,Belenenses,4.0,0.0,H,2.0,0.0,H,2.0,1.0,0.0,0.0,20-21,2,9,77,40,23,9,41.0,-6.0,33,33,62.0,86.0,4.0,5.0,7,1.0,15.0,2.6,1.0,37.0,1.2,1.0,24.0,-7,-14.0,13.0,47.0,2.3333333333333335,1.2121212121212122,1.1212121212121213,1.2424242424242424,-0.18181818181818182,1.4242424242424243,1
2021-05-18,20:15,Tondela,Pacos Ferreira,2.0,3.0,A,2.0,2.0,D,3.0,1.0,0.0,0.0,20-21,12,5,36,50,10,14,-20.0,-2.0,33,33,76.0,68.0,6.0,3.0,15,14.0,13.0,0.8,1.8,4.0,0.8,1.0,14.0,7,1.0,-10.0,-18.0,1.0909090909090908,1.5151515151515151,-0.4242424242424243,-0.6060606060606061,-0.06060606060606061,-0.5454545454545454,1
2021-05-16,20:00,Maritimo,Guimaraes,0.0,0.0,D,0.0,0.0,D,4.0,2.0,0.0,0.0,20-21,14,7,34,42,10,12,-16.0,-5.0,32,32,96.0,74.0,3.0,3.0,5,11.0,7.0,0.8,0.4,23.0,1.0,1.2,13.0,7,4.0,10.0,-11.0,1.0625,1.3125,-0.25,-0.5,-0.15625,-0.34375,1
2021-05-16,17:00,Belenenses,Santa Clara,0.0,2.0,A,0.0,1.0,A,1.0,1.0,0.0,0.0,20-21,8,7,40,40,9,11,-4.0,2.0,32,32,85.0,92.0,5.0,4.0,10,15.0,10.0,1.6,1.0,34.0,1.0,1.2,19.0,1,5.0,15.0,-6.0,1.25,1.25,0.0,-0.125,0.0625,-0.1875,1
2021-05-16,15:00,Famalicao,Nacional,3.0,0.0,H,1.0,0.0,H,2.0,1.0,0.0,0.0,20-21,11,18,37,25,9,6,-8.0,-25.0,32,32,93.0,94.0,4.0,5.0,21,6.0,19.0,2.0,1.2,32.0,1.0,1.8,10.0,-7,-13.0,22.0,17.0,1.15625,0.78125,0.375,-0.25,-0.78125,0.53125,1
2021-05-15,20:30,Rio Ave,Porto,0.0,3.0,A,0.0,0.0,D,3.0,1.0,0.0,0.0,20-21,17,2,31,74,6,22,-13.0,38.0,32,32,67.0,61.0,5.0,4.0,4,5.0,1.0,0.2,1.0,5.0,2.2,1.0,33.0,15,4.0,-28.0,-51.0,0.96875,2.3125,-1.34375,-0.40625,1.1875,-1.59375,1
2021-05-15,18:00,Benfica,Sp Lisbon,4.0,3.0,H,3.0,1.0,H,6.0,4.0,0.0,0.0,20-21,3,1,70,82,21,25,39.0,42.0,32,32,76.0,76.0,0.0,4.0,6,2.0,4.0,2.6,0.8,37.0,1.6,0.4,43.0,2,-2.0,-6.0,-3.0,2.1875,2.5625,-0.375,1.21875,1.3125,-0.09375,1
2021-05-15,15:30,Farense,Tondela,1.0,0.0,H,0.0,0.0,D,4.0,2.0,0.0,1.0,20-21,17,12,28,36,6,10,-14.0,-19.0,32,32,76.0,74.0,7.0,5.0,22,19.0,14.0,1.2,1.6,12.0,1.2,1.8,9.0,5,5.0,3.0,5.0,0.875,1.125,-0.25,-0.4375,-0.59375,0.15625,1
2021-05-15,15:30,Boavista,Portimonense,1.0,0.0,H,0.0,0.0,D,4.0,4.0,0.0,0.0,20-21,16,13,30,34,6,9,-12.0,-6.0,32,32,77.0,76.0,8.0,1.0,11,12.0,17.0,1.0,1.6,7.0,0.6,1.8,5.0,3,-5.0,2.0,-6.0,0.9375,1.0625,-0.125,-0.375,-0.1875,-0.1875,1
2021-05-14,21:15,Sp Braga,Moreirense,2.0,1.0,H,1.0,0.0,H,2.0,4.0,0.0,0.0,20-21,4,9,60,40,18,9,19.0,-8.0,32,32,56.0,76.0,4.0,1.0,14,3.0,8.0,0.8,1.0,12.0,1.0,1.2,22.0,-5,-5.0,-10.0,27.0,1.875,1.25,0.625,0.59375,-0.25,0.84375,1
2021-05-14,19:00,Pacos Ferreira,Gil Vicente,0.0,2.0,A,0.0,1.0,A,2.0,0.0,0.0,0.0,20-21,5,11,50,36,14,10,0.0,-10.0,32,32,66.0,67.0,3.0,4.0,13,13.0,9.0,0.8,1.0,20.0,0.6,1.2,20.0,-6,4.0,0.0,10.0,1.5625,1.125,0.4375,0.0,-0.3125,0.3125,1
2021-05-12,20:15,Guimaraes,Famalicao,1.0,2.0,A,1.0,1.0,D,3.0,4.0,0.0,0.0,20-21,6,13,42,34,12,8,-4.0,-9.0,31,31,71.0,89.0,3.0,4.0,8,7.0,6.0,1.0,0.8,20.0,1.6,1.2,24.0,-7,1.0,-4.0,5.0,1.3548387096774193,1.096774193548387,0.25806451612903225,-0.12903225806451613,-0.2903225806451613,0.16129032258064518,1
2021-05-11,20:30,Sp Lisbon,Boavista,1.0,0.0,H,1.0,0.0,H,2.0,3.0,0.0,0.0,20-21,1,16,79,30,24,6,41.0,-11.0,31,31,74.0,74.0,4.0,8.0,9,4.0,12.0,1.6,0.4,41.0,1.4,1.4,12.0,-15,-8.0,29.0,52.0,2.5483870967741935,0.967741935483871,1.5806451612903225,1.3225806451612903,-0.3548387096774194,1.6774193548387095,1
2021-05-11,18:00,Nacional,Benfica,1.0,3.0,A,1.0,0.0,H,1.0,3.0,0.0,0.0,20-21,18,3,25,67,6,20,-23.0,37.0,31,31,93.0,73.0,5.0,0.0,18,19.0,2.0,0.8,1.4,14.0,2.2,1.0,32.0,15,17.0,-18.0,-60.0,0.8064516129032258,2.161290322580645,-1.3548387096774193,-0.7419354838709677,1.1935483870967742,-1.935483870967742,1
2021-05-11,16:00,Tondela,Belenenses,1.0,3.0,A,1.0,2.0,A,3.0,1.0,0.0,0.0,20-21,11,9,36,37,10,8,-17.0,-6.0,31,31,71.0,84.0,5.0,5.0,15,14.0,15.0,1.6,1.6,17.0,1.4,0.8,29.0,2,-1.0,-12.0,-11.0,1.1612903225806452,1.1935483870967742,-0.032258064516129004,-0.5483870967741935,-0.1935483870967742,-0.3548387096774193,1
2021-05-11,16:00,Santa Clara,Rio Ave,1.0,0.0,H,0.0,0.0,D,4.0,4.0,0.0,0.0,20-21,8,15,37,31,10,6,1.0,-12.0,31,31,88.0,63.0,4.0,5.0,19,10.0,5.0,0.8,1.4,6.0,0.2,0.8,8.0,-7,5.0,-2.0,13.0,1.1935483870967742,1.0,0.19354838709677424,0.03225806451612903,-0.3870967741935484,0.4193548387096774,1
2021-05-10,20:15,Porto,Farense,5.0,1.0,H,3.0,0.0,H,4.0,4.0,0.0,1.0,20-21,2,17,71,28,21,6,34.0,-10.0,31,31,57.0,72.0,4.0,6.0,7,1.0,19.0,1.4,0.8,29.0,1.0,0.8,18.0,-15,-18.0,11.0,44.0,2.2903225806451615,0.9032258064516129,1.3870967741935485,1.096774193548387,-0.3225806451612903,1.4193548387096773,1
2021-05-10,18:00,Portimonense,Moreirense,1.0,2.0,A,1.0,1.0,D,1.0,1.0,0.0,0.0,20-21,12,9,34,37,9,8,-5.0,-9.0,31,31,75.0,75.0,1.0,1.0,3,17.0,8.0,0.6,1.4,10.0,1.0,1.6,10.0,3,9.0,0.0,4.0,1.096774193548387,1.1935483870967742,-0.09677419354838723,-0.16129032258064516,-0.2903225806451613,0.12903225806451615,1
2021-05-09,20:00,Gil Vicente,Sp Braga,1.0,1.0,D,1.0,1.0,D,1.0,2.0,0.0,0.0,20-21,11,4,35,59,10,18,-10.0,19.0,31,31,66.0,54.0,4.0,4.0,20,9.0,3.0,0.8,1.2,22.0,0.6,0.8,12.0,7,6.0,10.0,-29.0,1.1290322580645162,1.903225806451613,-0.7741935483870968,-0.3225806451612903,0.6129032258064516,-0.935483870967742,1
2021-05-09,15:00,Pacos Ferreira,Maritimo,1.0,1.0,D,1.0,1.0,D,3.0,1.0,0.0,0.0,20-21,5,14,49,33,14,10,0.0,-16.0,31,31,63.0,95.0,3.0,3.0,13,13.0,11.0,0.6,1.2,20.0,0.6,0.6,27.0,-9,2.0,-7.0,16.0,1.5806451612903225,1.064516129032258,0.5161290322580645,0.0,-0.5161290322580645,0.5161290322580645,1
2021-05-07,21:15,Boavista,Tondela,1.0,1.0,D,0.0,0.0,D,1.0,3.0,0.0,0.0,20-21,16,11,29,35,6,10,-11.0,-17.0,30,30,73.0,68.0,8.0,5.0,11,12.0,14.0,1.8,1.8,12.0,1.4,1.8,19.0,5,-2.0,-7.0,6.0,0.9666666666666667,1.1666666666666667,-0.20000000000000007,-0.36666666666666664,-0.5666666666666667,0.2,1
2021-05-07,19:00,Famalicao,Santa Clara,1.0,0.0,H,0.0,0.0,D,4.0,6.0,0.0,2.0,20-21,14,7,31,37,7,10,-10.0,2.0,30,30,85.0,82.0,4.0,2.0,21,6.0,10.0,1.6,1.4,14.0,1.8,1.4,11.0,7,-4.0,3.0,-12.0,1.0333333333333334,1.2333333333333334,-0.19999999999999996,-0.3333333333333333,0.06666666666666667,-0.39999999999999997,1
2021-05-06,20:30,Farense,Guimaraes,2.0,2.0,D,2.0,1.0,H,3.0,4.0,0.0,1.0,20-21,17,6,27,41,6,12,-10.0,-4.0,30,30,69.0,67.0,6.0,2.0,22,19.0,7.0,0.6,0.6,18.0,0.6,1.0,21.0,11,12.0,-3.0,-6.0,0.9,1.3666666666666667,-0.4666666666666667,-0.3333333333333333,-0.13333333333333333,-0.19999999999999998,1
2021-05-06,18:30,Benfica,Porto,1.0,1.0,D,1.0,0.0,H,8.0,3.0,0.0,0.0,20-21,3,2,66,70,20,21,37.0,34.0,30,30,65.0,54.0,0.0,4.0,6,2.0,1.0,3.0,0.8,39.0,1.6,0.6,37.0,1,1.0,2.0,3.0,2.2,2.3333333333333335,-0.1333333333333333,1.2333333333333334,1.1333333333333333,0.10000000000000009,1
2021-05-06,17:00,Belenenses,Portimonense,1.0,0.0,H,1.0,0.0,H,3.0,1.0,0.0,0.0,20-21,12,11,34,34,7,9,-7.0,-4.0,30,30,81.0,74.0,5.0,1.0,10,15.0,17.0,1.4,1.0,22.0,1.2,1.2,18.0,1,-2.0,4.0,-3.0,1.1333333333333333,1.1333333333333333,0.0,-0.23333333333333334,-0.13333333333333333,-0.1,1
2021-05-06,15:00,Moreirense,Nacional,2.0,2.0,D,0.0,1.0,A,5.0,5.0,0.0,0.0,20-21,8,18,36,24,8,6,-9.0,-23.0,30,30,70.0,88.0,1.0,5.0,12,8.0,19.0,1.0,1.4,10.0,0.6,2.0,12.0,-10,-11.0,-2.0,14.0,1.2,0.8,0.3999999999999999,-0.3,-0.7666666666666667,0.46666666666666673,1
2021-05-05,21:15,Rio Ave,Sp Lisbon,0.0,2.0,A,0.0,1.0,A,4.0,5.0,1.0,0.0,20-21,15,1,31,76,6,23,-10.0,39.0,30,30,59.0,69.0,4.0,4.0,4,5.0,4.0,0.8,1.0,12.0,1.4,0.6,37.0,14,1.0,-25.0,-49.0,1.0333333333333334,2.533333333333333,-1.4999999999999998,-0.3333333333333333,1.3,-1.6333333333333333,1
2021-05-05,19:00,Sp Braga,Pacos Ferreira,1.0,1.0,D,0.0,1.0,A,1.0,3.0,0.0,0.0,20-21,4,5,58,48,18,14,19.0,0.0,30,30,53.0,60.0,4.0,3.0,14,3.0,13.0,0.6,0.8,12.0,0.4,2.0,19.0,-1,-10.0,-7.0,19.0,1.9333333333333333,1.6,0.33333333333333326,0.6333333333333333,0.0,0.6333333333333333,1
2021-05-05,19:00,Maritimo,Gil Vicente,0.0,1.0,A,0.0,1.0,A,7.0,3.0,0.0,0.0,20-21,12,13,33,32,10,9,-15.0,-11.0,30,30,88.0,63.0,3.0,4.0,5,11.0,9.0,0.8,0.4,39.0,0.8,1.6,11.0,-1,2.0,28.0,-4.0,1.1,1.0666666666666667,0.03333333333333344,-0.5,-0.36666666666666664,-0.13333333333333336,1
2021-05-01,20:30,Sp Lisbon,Nacional,2.0,0.0,H,0.0,0.0,D,2.0,5.0,0.0,1.0,20-21,1,18,73,24,22,6,37.0,-21.0,29,29,67.0,83.0,4.0,4.0,9,4.0,19.0,1.2,0.8,31.0,0.8,2.6,15.0,-17,-15.0,16.0,58.0,2.5172413793103448,0.8275862068965517,1.6896551724137931,1.2758620689655173,-0.7241379310344828,2.0,1
2021-05-01,18:00,Santa Clara,Boavista,3.0,3.0,D,1.0,1.0,D,3.0,2.0,0.0,0.0,20-21,7,16,36,28,10,6,2.0,-11.0,29,29,79.0,71.0,2.0,8.0,19,10.0,12.0,1.4,1.2,10.0,1.6,1.2,14.0,-9,-2.0,-4.0,13.0,1.2413793103448276,0.9655172413793104,0.27586206896551724,0.06896551724137931,-0.3793103448275862,0.4482758620689655,1
2021-05-01,18:00,Portimonense,Rio Ave,0.0,0.0,D,0.0,0.0,D,2.0,0.0,0.0,0.0,20-21,11,15,33,30,9,6,-4.0,-10.0,29,29,72.0,59.0,1.0,4.0,3,17.0,5.0,2.2,1.4,23.0,0.8,1.4,10.0,-4,12.0,13.0,6.0,1.1379310344827587,1.0344827586206897,0.10344827586206895,-0.13793103448275862,-0.3448275862068966,0.20689655172413796,1
2021-05-01,15:30,Gil Vicente,Farense,0.0,0.0,D,0.0,0.0,D,3.0,2.0,0.0,0.0,20-21,14,17,31,26,9,6,-11.0,-10.0,29,29,60.0,67.0,4.0,6.0,20,9.0,19.0,1.2,1.6,12.0,0.8,1.0,17.0,-3,-10.0,-5.0,-1.0,1.0689655172413792,0.896551724137931,0.17241379310344818,-0.3793103448275862,-0.3448275862068966,-0.03448275862068961,1
2021-04-30,21:15,Porto,Famalicao,3.0,2.0,H,1.0,1.0,D,1.0,3.0,0.0,0.0,20-21,2,13,67,31,20,7,33.0,-9.0,29,29,53.0,82.0,4.0,4.0,7,1.0,6.0,1.4,0.4,35.0,1.6,0.8,22.0,-11,-5.0,13.0,42.0,2.310344827586207,1.0689655172413792,1.2413793103448276,1.1379310344827587,-0.3103448275862069,1.4482758620689655,1
2021-04-30,19:00,Tondela,Benfica,0.0,2.0,A,0.0,2.0,A,0.0,1.0,0.0,0.0,20-21,9,3,35,63,10,19,-15.0,35.0,29,29,68.0,64.0,5.0,0.0,15,14.0,2.0,1.8,1.6,29.0,2.8,0.8,36.0,6,12.0,-7.0,-50.0,1.206896551724138,2.1724137931034484,-0.9655172413793105,-0.5172413793103449,1.206896551724138,-1.7241379310344827,1
2021-04-30,17:00,Guimaraes,Moreirense,2.0,0.0,H,2.0,0.0,H,3.0,1.0,0.0,0.0,20-21,6,8,38,36,11,8,-6.0,-7.0,29,29,64.0,69.0,2.0,1.0,8,7.0,8.0,0.4,1.4,9.0,1.2,1.2,16.0,-2,-1.0,-7.0,1.0,1.3103448275862069,1.2413793103448276,0.06896551724137923,-0.20689655172413793,-0.2413793103448276,0.03448275862068967,1
2021-04-30,15:00,Pacos Ferreira,Belenenses,1.0,0.0,H,0.0,0.0,D,3.0,2.0,1.0,0.0,20-21,5,10,45,34,13,7,-1.0,-6.0,29,29,57.0,79.0,2.0,5.0,13,13.0,15.0,0.2,2.4,5.0,1.4,1.2,30.0,-5,-2.0,-25.0,5.0,1.5517241379310345,1.1724137931034482,0.3793103448275863,-0.034482758620689655,-0.20689655172413793,0.1724137931034483,1
2021-04-29,20:30,Maritimo,Sp Braga,1.0,0.0,H,0.0,0.0,D,5.0,2.0,0.0,0.0,20-21,15,4,30,58,9,18,-16.0,20.0,29,29,83.0,51.0,3.0,4.0,5,11.0,3.0,0.6,0.6,33.0,1.0,0.8,20.0,11,8.0,13.0,-36.0,1.0344827586206897,2.0,-0.9655172413793103,-0.5517241379310345,0.6896551724137931,-1.2413793103448276,1
2021-04-27,21:45,Farense,Portimonense,1.0,1.0,D,1.0,0.0,H,2.0,2.0,0.0,0.0,20-21,17,11,25,32,6,9,-10.0,-4.0,28,28,65.0,70.0,6.0,1.0,22,19.0,17.0,0.8,0.8,18.0,2.2,1.6,27.0,6,2.0,-9.0,-6.0,0.8928571428571429,1.1428571428571428,-0.2499999999999999,-0.35714285714285715,-0.14285714285714285,-0.2142857142857143,1
2021-04-26,21:15,Moreirense,Porto,1.0,1.0,D,1.0,0.0,H,2.0,4.0,0.0,0.0,20-21,8,2,35,66,8,20,-7.0,33.0,28,28,67.0,49.0,1.0,4.0,12,8.0,1.0,1.0,1.6,16.0,1.6,0.4,45.0,6,7.0,-29.0,-40.0,1.25,2.357142857142857,-1.1071428571428572,-0.25,1.1785714285714286,-1.4285714285714286,1
2021-04-26,19:00,Nacional,Guimaraes,1.0,0.0,H,1.0,0.0,H,3.0,3.0,0.0,0.0,20-21,18,6,21,38,5,11,-22.0,-5.0,28,28,80.0,61.0,4.0,2.0,18,19.0,7.0,0.6,3.0,0.0,0.4,1.4,12.0,12,12.0,-12.0,-17.0,0.75,1.3571428571428572,-0.6071428571428572,-0.7857142857142857,-0.17857142857142858,-0.6071428571428571,1
2021-04-26,19:00,Famalicao,Tondela,2.0,2.0,D,2.0,2.0,D,3.0,1.0,0.0,0.0,20-21,13,10,30,34,7,10,-9.0,-15.0,28,28,79.0,67.0,4.0,5.0,21,6.0,14.0,2.0,0.4,27.0,1.6,1.4,34.0,3,-8.0,-7.0,6.0,1.0714285714285714,1.2142857142857142,-0.1428571428571428,-0.32142857142857145,-0.5357142857142857,0.21428571428571425,1
2021-04-26,19:00,Benfica,Santa Clara,2.0,1.0,H,1.0,0.0,H,2.0,0.0,0.0,0.0,20-21,3,7,60,36,18,10,34.0,3.0,28,28,62.0,79.0,0.0,2.0,6,2.0,10.0,2.8,0.6,33.0,1.4,1.0,15.0,-4,-8.0,18.0,31.0,2.142857142857143,1.2857142857142858,0.857142857142857,1.2142857142857142,0.10714285714285714,1.107142857142857,1
2021-04-26,17:00,Belenenses,Gil Vicente,2.0,1.0,H,0.0,1.0,A,3.0,2.0,0.0,0.0,20-21,11,12,31,31,6,9,-7.0,-10.0,28,28,76.0,58.0,5.0,4.0,10,15.0,9.0,1.0,1.0,21.0,1.4,1.2,21.0,-1,6.0,0.0,3.0,1.1071428571428572,1.1071428571428572,0.0,-0.25,-0.35714285714285715,0.10714285714285715,1
2021-04-25,20:00,Sp Braga,Sp Lisbon,0.0,1.0,A,0.0,0.0,D,4.0,5.0,0.0,1.0,20-21,4,1,58,70,18,21,21.0,36.0,28,28,47.0,62.0,4.0,3.0,14,3.0,4.0,1.0,1.0,28.0,1.2,0.8,25.0,3,-1.0,3.0,-15.0,2.0714285714285716,2.5,-0.4285714285714284,0.75,1.2857142857142858,-0.5357142857142858,1
2021-04-25,17:30,Rio Ave,Pacos Ferreira,1.0,1.0,D,0.0,1.0,A,2.0,1.0,1.0,0.0,20-21,15,5,29,44,6,13,-10.0,-1.0,28,28,57.0,56.0,3.0,2.0,4,5.0,13.0,0.6,1.2,8.0,0.6,2.2,3.0,10,-8.0,5.0,-9.0,1.0357142857142858,1.5714285714285714,-0.5357142857142856,-0.35714285714285715,-0.03571428571428571,-0.32142857142857145,1
2021-04-25,15:00,Boavista,Maritimo,0.0,1.0,A,0.0,0.0,D,2.0,1.0,0.0,0.0,20-21,15,16,28,27,6,8,-10.0,-17.0,28,28,69.0,82.0,8.0,3.0,11,12.0,11.0,1.6,1.2,21.0,0.4,1.4,24.0,-1,1.0,-3.0,7.0,1.0,0.9642857142857143,0.0357142857142857,-0.35714285714285715,-0.6071428571428571,0.24999999999999994,1
2021-04-22,21:00,Porto,Guimaraes,1.0,0.0,H,0.0,0.0,D,1.0,0.0,0.0,0.0,20-21,2,6,63,38,19,11,32.0,-4.0,27,27,48.0,61.0,4.0,2.0,7,1.0,7.0,1.8,0.4,45.0,0.8,2.0,15.0,-4,-6.0,30.0,36.0,2.3333333333333335,1.4074074074074074,0.925925925925926,1.1851851851851851,-0.14814814814814814,1.3333333333333333,1
2021-04-22,19:00,Portimonense,Benfica,1.0,5.0,A,1.0,1.0,D,1.0,2.0,0.0,0.0,20-21,10,4,32,57,9,17,0.0,30.0,27,27,69.0,60.0,1.0,0.0,3,17.0,2.0,2.0,1.0,36.0,2.2,0.4,30.0,6,15.0,6.0,-30.0,1.1851851851851851,2.111111111111111,-0.925925925925926,0.0,1.1111111111111112,-1.1111111111111112,1
2021-04-22,17:00,Gil Vicente,Famalicao,0.0,3.0,A,0.0,0.0,D,1.0,2.0,1.0,0.0,20-21,11,15,31,27,9,6,-7.0,-12.0,27,27,57.0,77.0,3.0,4.0,20,9.0,6.0,2.2,1.0,33.0,1.8,0.8,20.0,-4,3.0,13.0,5.0,1.1481481481481481,1.0,0.14814814814814814,-0.25925925925925924,-0.4444444444444444,0.18518518518518517,1
2021-04-22,15:00,Tondela,Nacional,2.0,1.0,H,1.0,1.0,D,2.0,4.0,0.0,1.0,20-21,12,18,31,21,9,5,-16.0,-21.0,27,27,65.0,76.0,5.0,3.0,15,14.0,19.0,1.2,1.4,26.0,0.6,3.0,0.0,-6,-5.0,26.0,5.0,1.1481481481481481,0.7777777777777778,0.37037037037037035,-0.5925925925925926,-0.7777777777777778,0.18518518518518523,1
2021-04-21,21:15,Sp Lisbon,Belenenses,2.0,2.0,D,0.0,1.0,A,1.0,3.0,0.0,0.0,20-21,1,12,69,30,21,6,36.0,-7.0,27,27,61.0,73.0,3.0,5.0,9,4.0,15.0,1.0,0.4,31.0,0.8,0.6,24.0,-11,-11.0,7.0,43.0,2.5555555555555554,1.1111111111111112,1.4444444444444442,1.3333333333333333,-0.25925925925925924,1.5925925925925926,1
2021-04-21,19:00,Sp Braga,Boavista,2.0,1.0,H,1.0,1.0,D,0.0,3.0,0.0,1.0,20-21,4,14,55,28,17,6,20.0,-9.0,27,27,47.0,66.0,4.0,7.0,14,3.0,12.0,1.0,1.2,19.0,1.4,1.2,28.0,-10,-9.0,-9.0,29.0,2.037037037037037,1.037037037037037,1.0000000000000002,0.7407407407407407,-0.3333333333333333,1.074074074074074,1
2021-04-21,17:00,Maritimo,Rio Ave,1.0,0.0,H,1.0,0.0,H,0.0,0.0,0.0,0.0,20-21,17,13,24,29,7,6,-18.0,-9.0,27,27,82.0,57.0,3.0,3.0,5,11.0,5.0,0.6,1.6,15.0,0.8,1.2,12.0,4,6.0,3.0,-9.0,0.8888888888888888,1.0740740740740742,-0.18518518518518534,-0.6666666666666666,-0.3333333333333333,-0.3333333333333333,1
2021-04-21,15:30,Santa Clara,Moreirense,0.0,0.0,D,0.0,0.0,D,5.0,3.0,0.0,0.0,20-21,7,8,35,34,10,8,3.0,-7.0,27,27,74.0,64.0,2.0,1.0,19,10.0,8.0,1.8,1.0,17.0,1.2,1.8,16.0,-1,2.0,1.0,10.0,1.2962962962962963,1.2592592592592593,0.03703703703703698,0.1111111111111111,-0.25925925925925924,0.37037037037037035,1
2021-04-20,20:00,Pacos Ferreira,Farense,0.0,2.0,A,0.0,0.0,D,1.0,1.0,0.0,0.0,20-21,5,17,44,22,13,5,1.0,-12.0,27,27,55.0,64.0,2.0,6.0,13,13.0,19.0,0.6,2.2,6.0,0.4,1.0,6.0,-12,-6.0,0.0,13.0,1.6296296296296295,0.8148148148148148,0.8148148148148148,0.037037037037037035,-0.4444444444444444,0.48148148148148145,1
2021-04-18,17:30,Nacional,Porto,0.0,1.0,A,0.0,1.0,A,3.0,1.0,0.0,0.0,20-21,18,2,21,60,5,18,-20.0,31.0,26,26,73.0,47.0,3.0,4.0,18,19.0,1.0,0.8,3.2,0.0,2.0,0.4,45.0,16,18.0,-45.0,-51.0,0.8076923076923077,2.3076923076923075,-1.4999999999999998,-0.7692307692307693,1.1923076923076923,-1.9615384615384617,1
2021-04-18,15:00,Famalicao,Portimonense,0.0,1.0,A,0.0,1.0,A,1.0,5.0,0.0,0.0,20-21,15,12,27,29,6,8,-11.0,-1.0,26,26,76.0,64.0,4.0,1.0,21,6.0,17.0,1.8,1.2,28.0,2.4,1.0,30.0,3,-11.0,-2.0,-10.0,1.0384615384615385,1.1153846153846154,-0.07692307692307687,-0.4230769230769231,-0.038461538461538464,-0.3846153846153846,1
2021-04-17,20:30,Rio Ave,Sp Braga,0.0,0.0,D,0.0,0.0,D,3.0,2.0,1.0,0.0,20-21,14,4,28,54,6,17,-9.0,20.0,26,26,54.0,45.0,2.0,4.0,4,5.0,3.0,1.2,1.2,13.0,1.6,1.2,22.0,10,2.0,-9.0,-29.0,1.0769230769230769,2.076923076923077,-1.0000000000000002,-0.34615384615384615,0.7692307692307693,-1.1153846153846154,1
2021-04-17,18:00,Benfica,Gil Vicente,1.0,2.0,A,0.0,1.0,A,1.0,1.0,0.0,0.0,20-21,3,11,57,28,17,8,31.0,-8.0,26,26,59.0,56.0,0.0,3.0,6,2.0,9.0,2.6,0.0,45.0,1.8,1.2,27.0,-8,-7.0,18.0,39.0,2.1923076923076925,1.0769230769230769,1.1153846153846156,1.1923076923076923,-0.3076923076923077,1.5,1
2021-04-17,18:00,Belenenses,Maritimo,2.0,0.0,H,1.0,0.0,H,4.0,3.0,0.0,0.0,20-21,14,16,27,24,5,7,-9.0,-16.0,26,26,69.0,79.0,5.0,3.0,10,15.0,11.0,0.4,1.2,14.0,0.6,1.6,21.0,-2,4.0,-7.0,7.0,1.0384615384615385,0.9230769230769231,0.11538461538461542,-0.34615384615384615,-0.6153846153846154,0.2692307692307693,1
2021-04-17,15:30,Moreirense,Tondela,2.0,3.0,A,2.0,3.0,A,5.0,4.0,1.0,0.0,20-21,8,13,34,28,8,8,-6.0,-17.0,26,26,59.0,61.0,0.0,5.0,12,8.0,14.0,1.2,1.2,24.0,0.6,1.6,15.0,-5,-6.0,9.0,11.0,1.3076923076923077,1.0769230769230769,0.23076923076923084,-0.23076923076923078,-0.6538461538461539,0.4230769230769231,1
2021-04-17,15:30,Guimaraes,Santa Clara,1.0,0.0,H,1.0,0.0,H,1.0,1.0,0.0,0.0,20-21,7,6,35,35,10,10,-5.0,4.0,26,26,60.0,73.0,2.0,2.0,8,7.0,10.0,0.6,2.6,0.0,2.0,1.2,24.0,1,-3.0,-24.0,-9.0,1.3461538461538463,1.3461538461538463,0.0,-0.19230769230769232,0.15384615384615385,-0.34615384615384615,1
2021-04-16,21:00,Farense,Sp Lisbon,0.0,1.0,A,0.0,1.0,A,1.0,2.0,0.0,0.0,20-21,17,1,22,66,5,20,-11.0,35.0,26,26,63.0,59.0,6.0,3.0,22,19.0,4.0,0.4,1.2,9.0,1.2,0.6,27.0,16,15.0,-18.0,-46.0,0.8461538461538461,2.5384615384615383,-1.692307692307692,-0.4230769230769231,1.3461538461538463,-1.7692307692307694,1
2021-04-16,18:45,Boavista,Pacos Ferreira,2.0,0.0,H,2.0,0.0,H,3.0,1.0,0.0,0.0,20-21,15,5,25,44,5,13,-11.0,3.0,26,26,63.0,54.0,7.0,2.0,11,12.0,13.0,1.6,1.2,20.0,1.0,2.0,12.0,10,-1.0,8.0,-14.0,0.9615384615384616,1.6923076923076923,-0.7307692307692307,-0.4230769230769231,0.11538461538461539,-0.5384615384615384,1
2021-04-11,20:00,Sp Lisbon,Famalicao,1.0,1.0,D,1.0,1.0,D,3.0,3.0,0.0,0.0,20-21,1,14,65,26,20,6,35.0,-11.0,25,25,56.0,73.0,3.0,4.0,9,4.0,6.0,1.0,0.4,33.0,1.6,1.0,31.0,-13,-2.0,2.0,46.0,2.6,1.04,1.56,1.4,-0.44,1.8399999999999999,1
2021-04-11,17:30,Sp Braga,Belenenses,1.0,1.0,D,1.0,0.0,H,4.0,3.0,0.0,0.0,20-21,4,13,53,26,17,5,20.0,-9.0,25,25,41.0,66.0,4.0,5.0,14,3.0,15.0,1.8,1.2,27.0,0.6,1.4,14.0,-9,-12.0,13.0,29.0,2.12,1.04,1.08,0.8,-0.36,1.1600000000000001,1
2021-04-11,15:30,Santa Clara,Nacional,5.0,1.0,H,2.0,0.0,H,2.0,3.0,0.0,0.0,20-21,8,18,32,21,9,5,0.0,-16.0,25,25,71.0,70.0,2.0,3.0,19,10.0,19.0,1.6,1.0,16.0,0.8,2.6,0.0,-10,-9.0,16.0,16.0,1.28,0.84,0.44000000000000006,0.0,-0.64,0.64,1
2021-04-11,15:00,Gil Vicente,Moreirense,1.0,2.0,A,0.0,1.0,A,2.0,1.0,0.0,0.0,20-21,10,8,28,31,8,7,-7.0,-7.0,25,25,54.0,58.0,3.0,0.0,20,9.0,8.0,1.6,1.0,36.0,1.2,1.4,15.0,2,1.0,21.0,0.0,1.12,1.24,-0.11999999999999988,-0.28,-0.28,0.0,1
2021-04-10,20:30,Pacos Ferreira,Benfica,0.0,5.0,A,0.0,3.0,A,1.0,5.0,1.0,0.0,20-21,5,3,44,54,13,16,8.0,26.0,25,25,53.0,54.0,1.0,0.0,13,13.0,2.0,1.0,1.6,18.0,2.0,0.0,45.0,2,11.0,-27.0,-18.0,1.76,2.16,-0.40000000000000013,0.32,1.04,-0.72,1
2021-04-10,18:00,Tondela,Porto,0.0,2.0,A,0.0,1.0,A,4.0,1.0,0.0,0.0,20-21,12,2,28,57,8,17,-15.0,29.0,25,25,57.0,46.0,5.0,4.0,15,14.0,1.0,0.8,1.2,22.0,1.6,0.4,43.0,10,13.0,-21.0,-44.0,1.12,2.28,-1.1599999999999997,-0.6,1.16,-1.7599999999999998,1
2021-04-10,15:30,Boavista,Rio Ave,3.0,3.0,D,2.0,1.0,H,5.0,1.0,1.0,0.0,20-21,15,12,24,27,5,6,-11.0,-9.0,25,25,58.0,53.0,6.0,2.0,11,12.0,5.0,1.2,1.0,21.0,0.6,1.0,13.0,3,7.0,8.0,-2.0,0.96,1.08,-0.1200000000000001,-0.44,-0.36,-0.08000000000000002,1
2021-04-10,15:00,Maritimo,Farense,1.0,0.0,H,1.0,0.0,H,4.0,3.0,0.0,0.0,20-21,18,16,21,22,6,5,-17.0,-10.0,25,25,75.0,60.0,3.0,6.0,5,11.0,19.0,0.4,1.6,10.0,0.4,1.0,13.0,2,-8.0,-3.0,-7.0,0.84,0.88,-0.040000000000000036,-0.68,-0.4,-0.28,1
2021-04-09,20:00,Portimonense,Guimaraes,3.0,0.0,H,1.0,0.0,H,2.0,2.0,0.0,0.0,20-21,12,6,26,35,7,10,-4.0,-2.0,25,25,62.0,58.0,1.0,2.0,3,17.0,7.0,1.8,1.0,22.0,1.0,2.2,3.0,6,10.0,19.0,-2.0,1.04,1.4,-0.3599999999999999,-0.16,-0.08,-0.08,1
2021-04-05,21:00,Moreirense,Sp Lisbon,1.0,1.0,D,0.0,1.0,A,2.0,2.0,0.0,0.0,20-21,8,1,30,64,7,20,-7.0,35.0,24,24,56.0,54.0,0.0,3.0,12,8.0,4.0,1.0,1.4,15.0,1.2,0.2,41.0,7,4.0,-26.0,-42.0,1.25,2.6666666666666665,-1.4166666666666665,-0.2916666666666667,1.4583333333333333,-1.75,1
2021-04-05,19:00,Benfica,Maritimo,1.0,0.0,H,1.0,0.0,H,3.0,3.0,0.0,0.0,20-21,4,17,51,21,15,6,25.0,-16.0,24,24,51.0,72.0,0.0,3.0,6,2.0,11.0,1.8,0.0,43.0,0.6,1.8,14.0,-13,-9.0,29.0,41.0,2.125,0.875,1.25,1.0416666666666667,-0.6666666666666666,1.7083333333333335,1
2021-04-05,18:45,Farense,Sp Braga,1.0,2.0,A,1.0,1.0,D,0.0,1.0,0.0,0.0,20-21,16,4,22,50,5,16,-9.0,19.0,24,24,60.0,40.0,6.0,4.0,22,19.0,3.0,0.2,0.6,18.0,2.2,1.4,22.0,12,16.0,-4.0,-28.0,0.9166666666666666,2.0833333333333335,-1.166666666666667,-0.375,0.7916666666666666,-1.1666666666666665,1
2021-04-04,20:00,Famalicao,Pacos Ferreira,2.0,0.0,H,1.0,0.0,H,2.0,5.0,0.0,1.0,20-21,15,5,23,44,5,13,-13.0,10.0,24,24,71.0,48.0,4.0,0.0,21,6.0,13.0,1.4,1.0,24.0,1.4,1.4,27.0,10,-7.0,-3.0,-23.0,0.9583333333333334,1.8333333333333333,-0.8749999999999999,-0.5416666666666666,0.4166666666666667,-0.9583333333333333,1
2021-04-04,17:30,Guimaraes,Tondela,1.0,2.0,A,1.0,1.0,D,2.0,0.0,0.0,0.0,20-21,6,13,35,25,10,7,-1.0,-16.0,24,24,56.0,57.0,2.0,5.0,8,7.0,14.0,1.0,2.2,6.0,0.8,1.8,11.0,-7,-7.0,-5.0,15.0,1.4583333333333333,1.0416666666666667,0.4166666666666665,-0.041666666666666664,-0.6666666666666666,0.625,1
2021-04-04,15:00,Belenenses,Boavista,0.0,2.0,A,0.0,1.0,A,3.0,4.0,0.0,1.0,20-21,12,16,26,21,5,4,-7.0,-13.0,24,24,63.0,54.0,5.0,5.0,10,15.0,12.0,1.0,1.2,22.0,1.0,1.0,12.0,-4,3.0,10.0,6.0,1.0833333333333333,0.875,0.20833333333333326,-0.2916666666666667,-0.5416666666666666,0.24999999999999994,1
2021-04-03,20:30,Porto,Santa Clara,2.0,1.0,H,0.0,0.0,D,3.0,3.0,0.0,0.0,20-21,2,7,54,32,16,9,28.0,1.0,24,24,43.0,68.0,4.0,2.0,7,1.0,10.0,1.6,0.4,41.0,1.4,0.8,23.0,-5,-9.0,18.0,27.0,2.25,1.3333333333333333,0.9166666666666667,1.1666666666666667,0.041666666666666664,1.125,1
2021-04-03,18:00,Rio Ave,Gil Vicente,0.0,2.0,A,0.0,0.0,D,3.0,3.0,1.0,0.0,20-21,9,12,27,25,6,7,-7.0,-9.0,24,24,50.0,51.0,1.0,3.0,4,5.0,9.0,0.6,0.8,18.0,1.4,1.0,30.0,-3,-4.0,-12.0,2.0,1.125,1.0416666666666667,0.08333333333333326,-0.2916666666666667,-0.375,0.08333333333333331,1
2021-04-02,20:30,Nacional,Portimonense,1.0,5.0,A,0.0,2.0,A,3.0,1.0,0.0,0.0,20-21,16,13,21,23,5,6,-12.0,-8.0,24,24,67.0,61.0,3.0,1.0,18,19.0,17.0,0.8,2.0,0.0,0.8,1.2,11.0,3,2.0,-11.0,-4.0,0.875,0.9583333333333334,-0.08333333333333337,-0.5,-0.3333333333333333,-0.16666666666666669,1
2021-03-21,20:00,Sp Braga,Benfica,0.0,2.0,A,0.0,1.0,A,2.0,4.0,1.0,0.0,20-21,3,4,50,48,16,14,21.0,23.0,23,23,38.0,47.0,3.0,0.0,14,3.0,2.0,2.4,1.0,35.0,1.6,0.2,39.0,-1,1.0,-4.0,-2.0,2.1739130434782608,2.0869565217391304,0.08695652173913038,0.9130434782608695,1.0,-0.08695652173913049,1
2021-03-21,17:30,Maritimo,Famalicao,0.0,4.0,A,0.0,2.0,A,3.0,2.0,0.0,0.0,20-21,15,18,21,20,6,4,-12.0,-17.0,23,23,69.0,69.0,3.0,4.0,5,11.0,6.0,0.8,1.4,18.0,0.6,1.0,15.0,-3,5.0,3.0,5.0,0.9130434782608695,0.8695652173913043,0.04347826086956519,-0.5217391304347826,-0.7391304347826086,0.21739130434782605,1
2021-03-21,17:30,Boavista,Farense,0.0,1.0,A,0.0,1.0,A,2.0,1.0,0.0,0.0,20-21,16,18,21,19,4,4,-12.0,-10.0,23,23,52.0,59.0,5.0,6.0,11,12.0,19.0,1.4,1.2,19.0,0.4,1.0,6.0,-2,-7.0,13.0,-2.0,0.9130434782608695,0.8260869565217391,0.08695652173913038,-0.5217391304347826,-0.43478260869565216,-0.08695652173913043,1
2021-03-21,15:00,Rio Ave,Belenenses,0.0,0.0,D,0.0,0.0,D,3.0,0.0,0.0,1.0,20-21,9,10,26,25,6,5,-7.0,-7.0,23,23,47.0,63.0,1.0,4.0,4,5.0,15.0,1.2,1.0,20.0,1.0,1.2,25.0,-1,-10.0,-5.0,0.0,1.1304347826086956,1.0869565217391304,0.04347826086956519,-0.30434782608695654,-0.30434782608695654,0.0,1
2021-03-20,20:30,Sp Lisbon,Guimaraes,1.0,0.0,H,1.0,0.0,H,2.0,1.0,0.0,0.0,20-21,1,6,61,35,19,10,34.0,0.0,23,23,52.0,55.0,3.0,2.0,9,4.0,7.0,1.4,0.2,39.0,1.4,2.4,10.0,-5,-3.0,29.0,34.0,2.652173913043478,1.5217391304347827,1.1304347826086953,1.4782608695652173,0.0,1.4782608695652173,0
2021-03-20,18:00,Portimonense,Porto,1.0,2.0,A,0.0,1.0,A,4.0,2.0,1.0,0.0,20-21,13,2,23,51,6,15,-7.0,27.0,23,23,57.0,41.0,0.0,4.0,3,17.0,1.0,1.4,1.0,18.0,1.6,0.6,37.0,11,16.0,-19.0,-34.0,1.0,2.217391304347826,-1.2173913043478262,-0.30434782608695654,1.173913043478261,-1.4782608695652175,0
2021-03-20,15:30,Santa Clara,Tondela,1.0,1.0,D,0.0,1.0,A,4.0,1.0,2.0,0.0,20-21,7,12,31,24,9,7,1.0,-16.0,23,23,64.0,56.0,0.0,5.0,19,10.0,14.0,1.2,0.8,24.0,1.0,1.8,12.0,-5,-4.0,12.0,17.0,1.3478260869565217,1.0434782608695652,0.30434782608695654,0.043478260869565216,-0.6956521739130435,0.7391304347826086,0
2021-03-20,15:30,Pacos Ferreira,Moreirense,3.0,0.0,H,3.0,0.0,H,4.0,1.0,0.0,0.0,20-21,5,8,41,30,12,7,7.0,-4.0,23,23,44.0,55.0,0.0,0.0,13,13.0,8.0,0.8,1.8,18.0,1.2,1.0,21.0,-3,5.0,-3.0,11.0,1.7826086956521738,1.3043478260869565,0.4782608695652173,0.30434782608695654,-0.17391304347826086,0.4782608695652174,0
2021-03-19,20:30,Gil Vicente,Nacional,2.0,0.0,H,0.0,0.0,D,3.0,3.0,1.0,1.0,20-21,13,14,22,21,6,5,-11.0,-10.0,23,23,48.0,64.0,2.0,2.0,20,9.0,19.0,1.2,1.8,21.0,1.2,2.2,0.0,-1,-10.0,21.0,-1.0,0.9565217391304348,0.9130434782608695,0.0434782608695653,-0.4782608695652174,-0.43478260869565216,-0.043478260869565244,0
2021-03-15,20:15,Famalicao,Sp Braga,2.0,2.0,D,1.0,2.0,A,3.0,2.0,0.0,0.0,20-21,18,3,19,49,4,16,-17.0,21.0,22,22,66.0,36.0,4.0,3.0,21,6.0,3.0,0.2,1.0,15.0,2.4,1.0,43.0,15,3.0,-28.0,-38.0,0.8636363636363636,2.227272727272727,-1.3636363636363633,-0.7727272727272727,0.9545454545454546,-1.7272727272727273,0
2021-03-14,20:00,Porto,Pacos Ferreira,2.0,0.0,H,0.0,0.0,D,1.0,2.0,0.0,0.0,20-21,3,5,48,41,14,12,25.0,9.0,22,22,40.0,42.0,4.0,0.0,7,1.0,13.0,1.6,1.0,31.0,0.8,1.4,25.0,-2,-12.0,6.0,16.0,2.1818181818181817,1.8636363636363635,0.3181818181818181,1.1363636363636365,0.4090909090909091,0.7272727272727273,0
2021-03-14,17:30,Guimaraes,Gil Vicente,2.0,4.0,A,1.0,3.0,A,3.0,3.0,1.0,0.0,20-21,6,17,35,19,10,5,2.0,-13.0,22,22,52.0,45.0,1.0,2.0,8,7.0,9.0,1.2,2.2,14.0,0.6,1.8,9.0,-11,-2.0,5.0,15.0,1.5909090909090908,0.8636363636363636,0.7272727272727272,0.09090909090909091,-0.5909090909090909,0.6818181818181819,0
2021-03-14,15:00,Moreirense,Rio Ave,1.0,1.0,D,0.0,1.0,A,2.0,4.0,0.0,0.0,20-21,8,9,29,25,7,6,-4.0,-7.0,22,22,53.0,43.0,0.0,1.0,12,8.0,5.0,1.4,1.0,24.0,1.4,1.0,24.0,-1,3.0,0.0,3.0,1.3181818181818181,1.1363636363636365,0.18181818181818166,-0.18181818181818182,-0.3181818181818182,0.13636363636363635,0
2021-03-13,20:30,Tondela,Sp Lisbon,0.0,1.0,A,0.0,0.0,D,3.0,1.0,0.0,1.0,20-21,11,1,24,58,7,18,-15.0,33.0,22,22,53.0,51.0,5.0,2.0,15,14.0,4.0,1.2,2.0,18.0,1.6,0.4,37.0,10,10.0,-19.0,-48.0,1.0909090909090908,2.6363636363636362,-1.5454545454545454,-0.6818181818181818,1.5,-2.1818181818181817,0
2021-03-13,18:00,Santa Clara,Portimonense,2.0,0.0,H,1.0,0.0,H,2.0,4.0,0.0,0.0,20-21,8,12,28,23,8,6,-1.0,-5.0,22,22,62.0,53.0,0.0,0.0,19,10.0,17.0,1.2,1.0,15.0,1.4,0.6,26.0,-4,-7.0,-11.0,4.0,1.2727272727272727,1.0454545454545454,0.2272727272727273,-0.045454545454545456,-0.22727272727272727,0.18181818181818182,0
2021-03-13,18:00,Benfica,Boavista,2.0,0.0,H,1.0,0.0,H,2.0,0.0,0.0,1.0,20-21,4,14,45,21,13,4,21.0,-10.0,22,22,45.0,52.0,0.0,4.0,6,2.0,12.0,1.6,0.2,35.0,1.4,1.0,26.0,-10,-10.0,9.0,31.0,2.0454545454545454,0.9545454545454546,1.0909090909090908,0.9545454545454546,-0.45454545454545453,1.4090909090909092,0
2021-03-13,15:30,Farense,Belenenses,0.0,1.0,A,0.0,0.0,D,1.0,4.0,0.0,0.0,20-21,16,12,19,22,4,4,-9.0,-8.0,22,22,58.0,59.0,6.0,4.0,22,19.0,15.0,1.0,1.2,12.0,1.0,1.4,16.0,4,4.0,-4.0,-1.0,0.8636363636363636,1.0,-0.13636363636363635,-0.4090909090909091,-0.36363636363636365,-0.04545454545454547,0
2021-03-12,20:30,Nacional,Maritimo,1.0,2.0,A,1.0,0.0,H,4.0,4.0,0.0,0.0,20-21,13,18,21,18,5,5,-9.0,-13.0,22,22,60.0,65.0,2.0,3.0,18,19.0,11.0,1.2,1.8,3.0,0.6,1.6,4.0,-5,8.0,-1.0,4.0,0.9545454545454546,0.8181818181818182,0.13636363636363635,-0.4090909090909091,-0.5909090909090909,0.18181818181818182,0
2021-03-09,21:45,Sp Braga,Guimaraes,3.0,0.0,H,2.0,0.0,H,1.0,2.0,0.0,0.0,20-21,3,6,46,35,15,10,18.0,5.0,21,21,35.0,50.0,3.0,1.0,14,3.0,7.0,2.2,1.2,41.0,1.4,1.8,19.0,-3,-4.0,22.0,13.0,2.1904761904761907,1.6666666666666667,0.523809523809524,0.8571428571428571,0.23809523809523808,0.6190476190476191,0
2021-03-08,20:15,Belenenses,Benfica,0.0,3.0,A,0.0,0.0,D,1.0,0.0,0.0,0.0,20-21,12,4,22,42,4,12,-5.0,18.0,21,21,58.0,45.0,4.0,0.0,10,15.0,2.0,1.0,0.8,23.0,1.0,0.2,29.0,8,13.0,-6.0,-23.0,1.0476190476190477,2.0,-0.9523809523809523,-0.23809523809523808,0.8571428571428571,-1.0952380952380951,0
2021-03-07,20:00,Rio Ave,Farense,2.0,0.0,H,1.0,0.0,H,2.0,2.0,0.0,0.0,20-21,12,15,22,19,5,4,-9.0,-7.0,21,21,41.0,56.0,1.0,6.0,4,5.0,19.0,1.0,1.0,16.0,1.2,1.2,18.0,-3,-14.0,-2.0,-2.0,1.0476190476190477,0.9047619047619048,0.1428571428571429,-0.42857142857142855,-0.3333333333333333,-0.09523809523809523,0
2021-03-07,17:30,Maritimo,Moreirense,0.0,2.0,A,0.0,1.0,A,3.0,2.0,0.0,0.0,20-21,18,8,18,26,5,6,-11.0,-6.0,21,21,62.0,51.0,3.0,0.0,5,11.0,8.0,0.6,1.6,5.0,1.4,1.0,17.0,10,3.0,-12.0,-5.0,0.8571428571428571,1.2380952380952381,-0.38095238095238104,-0.5238095238095238,-0.2857142857142857,-0.23809523809523814,0
2021-03-06,20:30,Boavista,Famalicao,3.0,0.0,H,1.0,0.0,H,2.0,2.0,0.0,1.0,20-21,18,16,18,19,3,4,-13.0,-14.0,21,21,50.0,64.0,4.0,3.0,11,12.0,6.0,1.0,1.4,15.0,0.2,0.8,20.0,2,6.0,-5.0,1.0,0.8571428571428571,0.9047619047619048,-0.04761904761904767,-0.6190476190476191,-0.6666666666666666,0.04761904761904756,0
2021-03-06,18:00,Gil Vicente,Porto,0.0,2.0,A,0.0,1.0,A,0.0,0.0,0.0,0.0,20-21,15,3,19,45,5,13,-11.0,23.0,21,21,45.0,40.0,2.0,4.0,20,9.0,1.0,1.0,1.6,15.0,1.2,1.0,23.0,12,8.0,-8.0,-34.0,0.9047619047619048,2.142857142857143,-1.2380952380952381,-0.5238095238095238,1.0952380952380953,-1.619047619047619,0
2021-03-06,15:30,Portimonense,Tondela,3.0,0.0,H,2.0,0.0,H,1.0,1.0,0.0,0.0,20-21,13,9,20,24,5,7,-8.0,-12.0,21,21,52.0,52.0,0.0,5.0,3,17.0,14.0,1.0,1.0,16.0,1.4,1.8,24.0,4,3.0,-8.0,4.0,0.9523809523809523,1.1428571428571428,-0.19047619047619047,-0.38095238095238093,-0.5714285714285714,0.19047619047619047,0
2021-03-05,20:45,Sp Lisbon,Santa Clara,2.0,1.0,H,1.0,0.0,H,1.0,2.0,0.0,0.0,20-21,1,7,55,28,17,8,32.0,0.0,21,21,50.0,60.0,2.0,0.0,9,4.0,10.0,1.6,0.2,35.0,1.2,0.8,22.0,-6,-6.0,13.0,32.0,2.619047619047619,1.3333333333333333,1.2857142857142858,1.5238095238095237,0.0,1.5238095238095237,0
2021-03-05,18:30,Pacos Ferreira,Nacional,2.0,1.0,H,2.0,0.0,H,3.0,4.0,0.0,0.0,20-21,5,12,38,21,11,5,8.0,-8.0,21,21,39.0,56.0,0.0,2.0,13,13.0,19.0,0.8,1.4,17.0,1.0,1.4,7.0,-7,-6.0,10.0,16.0,1.8095238095238095,1.0,0.8095238095238095,0.38095238095238093,-0.38095238095238093,0.7619047619047619,0
2021-03-01,20:15,Moreirense,Belenenses,2.0,2.0,D,2.0,1.0,H,3.0,2.0,0.0,0.0,20-21,8,11,25,21,6,4,-6.0,-5.0,20,20,48.0,56.0,0.0,4.0,12,8.0,15.0,1.0,1.4,19.0,0.6,0.8,24.0,-3,-7.0,-5.0,-1.0,1.25,1.05,0.19999999999999996,-0.3,-0.25,-0.04999999999999999,0
2021-03-01,19:00,Benfica,Rio Ave,2.0,0.0,H,0.0,0.0,D,1.0,0.0,0.0,0.0,20-21,4,10,39,22,11,5,16.0,-7.0,20,20,44.0,41.0,0.0,1.0,6,2.0,5.0,0.6,0.4,20.0,1.0,1.0,23.0,-6,-3.0,-3.0,23.0,1.95,1.1,0.8499999999999999,0.8,-0.35,1.15,0
2021-02-28,20:00,Nacional,Sp Braga,1.0,2.0,A,0.0,2.0,A,1.0,0.0,0.0,0.0,20-21,12,3,21,43,5,14,-7.0,17.0,20,20,55.0,35.0,2.0,3.0,18,19.0,3.0,1.2,1.2,14.0,2.6,1.0,39.0,9,16.0,-25.0,-24.0,1.05,2.15,-1.0999999999999999,-0.35,0.85,-1.2,0
2021-02-28,17:30,Tondela,Gil Vicente,1.0,0.0,H,1.0,0.0,H,1.0,0.0,0.0,1.0,20-21,12,15,21,19,6,5,-13.0,-10.0,20,20,51.0,45.0,5.0,1.0,15,14.0,9.0,1.6,1.8,15.0,1.2,1.8,21.0,-3,5.0,-6.0,-3.0,1.05,0.95,0.10000000000000009,-0.65,-0.5,-0.15000000000000002,0
2021-02-28,15:00,Portimonense,Maritimo,0.0,0.0,D,0.0,0.0,D,1.0,2.0,0.0,0.0,20-21,14,18,19,17,5,5,-8.0,-11.0,20,20,51.0,60.0,0.0,3.0,3,17.0,11.0,1.2,1.4,15.0,0.6,1.8,0.0,-4,6.0,15.0,3.0,0.95,0.85,0.09999999999999998,-0.4,-0.55,0.15000000000000002,0
2021-02-27,20:30,Porto,Sp Lisbon,0.0,0.0,D,0.0,0.0,D,1.0,2.0,0.0,0.0,20-21,2,1,44,54,13,17,23.0,32.0,20,20,39.0,48.0,4.0,2.0,7,1.0,4.0,1.6,1.0,27.0,1.8,0.2,45.0,1,-3.0,-18.0,-9.0,2.2,2.7,-0.5,1.15,1.6,-0.4500000000000002,0
2021-02-27,18:00,Santa Clara,Pacos Ferreira,3.0,0.0,H,2.0,0.0,H,1.0,0.0,0.0,0.0,20-21,7,5,25,38,7,11,-3.0,11.0,20,20,59.0,39.0,0.0,0.0,19,10.0,13.0,1.0,0.8,14.0,1.2,1.0,27.0,2,-3.0,-13.0,-14.0,1.25,1.9,-0.6499999999999999,-0.15,0.55,-0.7000000000000001,0
2021-02-27,15:30,Famalicao,Farense,0.0,0.0,D,0.0,0.0,D,2.0,6.0,0.0,1.0,20-21,17,15,18,18,4,4,-14.0,-7.0,20,20,62.0,50.0,3.0,5.0,21,6.0,19.0,0.4,1.2,19.0,1.4,1.4,19.0,2,-13.0,0.0,-7.0,0.9,0.9,0.0,-0.7,-0.35,-0.35,0
2021-02-26,20:30,Guimaraes,Boavista,2.0,1.0,H,1.0,1.0,D,2.0,4.0,0.0,0.0,20-21,6,16,32,18,9,3,4.0,-12.0,20,20,48.0,46.0,1.0,4.0,8,7.0,12.0,1.0,1.6,7.0,1.2,1.2,22.0,-10,-5.0,-15.0,16.0,1.6,0.9,0.7000000000000001,0.2,-0.6,0.8,0
2021-02-22,19:00,Maritimo,Porto,1.0,2.0,A,1.0,1.0,D,6.0,2.0,0.0,0.0,20-21,18,3,17,41,5,12,-10.0,22.0,19,19,54.0,37.0,3.0,4.0,5,11.0,1.0,0.4,2.0,0.0,1.4,0.8,21.0,15,10.0,-21.0,-32.0,0.8947368421052632,2.1578947368421053,-1.263157894736842,-0.5263157894736842,1.1578947368421053,-1.6842105263157894,0
2021-02-21,20:15,Farense,Benfica,0.0,0.0,D,0.0,0.0,D,2.0,2.0,0.0,0.0,20-21,17,4,17,38,4,11,-7.0,16.0,19,19,48.0,42.0,5.0,0.0,22,19.0,2.0,1.4,1.8,19.0,0.8,0.6,21.0,13,17.0,-2.0,-23.0,0.8947368421052632,2.0,-1.1052631578947367,-0.3684210526315789,0.8421052631578947,-1.2105263157894737,0
2021-02-21,18:00,Sp Braga,Tondela,4.0,2.0,H,3.0,0.0,H,0.0,2.0,0.0,0.0,20-21,3,12,40,21,13,6,15.0,-11.0,19,19,35.0,49.0,3.0,5.0,14,3.0,14.0,2.0,0.6,37.0,1.2,1.4,21.0,-9,-11.0,16.0,26.0,2.1052631578947367,1.105263157894737,0.9999999999999998,0.7894736842105263,-0.5789473684210527,1.368421052631579,0
2021-02-21,15:00,Rio Ave,Famalicao,0.0,1.0,A,0.0,1.0,A,1.0,3.0,1.0,0.0,20-21,9,18,22,15,5,3,-6.0,-15.0,19,19,40.0,59.0,0.0,3.0,4,5.0,6.0,1.2,1.2,30.0,0.2,1.4,5.0,-9,-1.0,25.0,9.0,1.1578947368421053,0.7894736842105263,0.368421052631579,-0.3157894736842105,-0.7894736842105263,0.4736842105263158,0
2021-02-21,15:00,Pacos Ferreira,Guimaraes,2.0,1.0,H,1.0,1.0,D,0.0,2.0,0.0,0.0,20-21,5,6,35,32,10,9,10.0,5.0,19,19,39.0,46.0,0.0,1.0,13,13.0,7.0,1.4,0.8,22.0,1.0,1.2,13.0,-1,6.0,9.0,5.0,1.8421052631578947,1.6842105263157894,0.1578947368421053,0.5263157894736842,0.2631578947368421,0.2631578947368421,0
2021-02-20,20:30,Sp Lisbon,Portimonense,2.0,0.0,H,2.0,0.0,H,0.0,3.0,0.0,0.0,20-21,1,13,51,19,16,5,30.0,-6.0,19,19,48.0,48.0,2.0,0.0,9,4.0,17.0,1.8,0.2,45.0,1.6,1.4,20.0,-12,-13.0,25.0,36.0,2.6842105263157894,1.0,1.6842105263157894,1.5789473684210527,-0.3157894736842105,1.8947368421052633,0
2021-02-20,17:30,Gil Vicente,Santa Clara,1.0,0.0,H,0.0,0.0,D,4.0,3.0,0.0,0.0,20-21,17,7,16,25,4,7,-11.0,-2.0,19,19,41.0,56.0,1.0,0.0,20,9.0,10.0,1.0,2.0,9.0,1.4,0.8,24.0,10,-1.0,-15.0,-9.0,0.8421052631578947,1.3157894736842106,-0.47368421052631593,-0.5789473684210527,-0.10526315789473684,-0.4736842105263158,0
2021-02-20,15:30,Belenenses,Nacional,2.0,1.0,H,1.0,1.0,D,3.0,1.0,0.0,0.0,20-21,13,10,18,21,3,5,-6.0,-6.0,19,19,53.0,54.0,4.0,2.0,10,15.0,19.0,0.6,0.6,15.0,1.2,1.0,22.0,3,-4.0,-7.0,0.0,0.9473684210526315,1.105263157894737,-0.15789473684210542,-0.3157894736842105,-0.3157894736842105,0.0,0
2021-02-19,20:30,Boavista,Moreirense,1.0,0.0,H,0.0,0.0,D,3.0,2.0,0.0,0.0,20-21,17,8,15,25,2,6,-13.0,-5.0,19,19,43.0,46.0,4.0,0.0,11,12.0,8.0,1.0,1.6,11.0,1.4,1.6,27.0,9,4.0,-16.0,-8.0,0.7894736842105263,1.3157894736842106,-0.5263157894736843,-0.6842105263157895,-0.2631578947368421,-0.4210526315789474,0
2021-02-17,21:45,Guimaraes,Farense,2.0,2.0,D,2.0,1.0,H,0.0,3.0,0.0,1.0,20-21,6,15,31,16,9,4,5.0,-7.0,18,18,46.0,45.0,1.0,4.0,8,7.0,19.0,0.8,0.8,16.0,1.0,1.6,18.0,-9,-12.0,-2.0,12.0,1.7222222222222223,0.8888888888888888,0.8333333333333335,0.2777777777777778,-0.3888888888888889,0.6666666666666667,0
2021-02-16,17:45,Tondela,Maritimo,2.0,1.0,H,1.0,1.0,D,4.0,5.0,0.0,0.0,20-21,13,14,18,17,5,5,-12.0,-9.0,18,18,45.0,49.0,5.0,3.0,15,14.0,11.0,1.4,1.4,12.0,0.4,1.6,3.0,-1,3.0,9.0,-3.0,1.0,0.9444444444444444,0.05555555555555558,-0.6666666666666666,-0.5,-0.16666666666666663,0
2021-02-15,20:15,Sp Lisbon,Pacos Ferreira,2.0,0.0,H,1.0,0.0,H,5.0,3.0,0.0,0.0,20-21,1,5,48,35,15,10,28.0,12.0,18,18,43.0,36.0,2.0,0.0,9,4.0,13.0,1.6,0.4,43.0,1.8,0.4,35.0,-4,-9.0,8.0,16.0,2.6666666666666665,1.9444444444444444,0.7222222222222221,1.5555555555555556,0.6666666666666666,0.888888888888889,0
2021-02-14,20:15,Moreirense,Benfica,1.0,1.0,D,1.0,1.0,D,2.0,3.0,0.0,0.0,20-21,8,4,24,37,6,11,-5.0,16.0,18,18,44.0,39.0,0.0,0.0,12,8.0,2.0,1.4,1.4,32.0,0.8,0.6,22.0,4,6.0,10.0,-21.0,1.3333333333333333,2.0555555555555554,-0.7222222222222221,-0.2777777777777778,0.8888888888888888,-1.1666666666666665,0
2021-02-14,17:30,Santa Clara,Sp Braga,0.0,1.0,A,0.0,1.0,A,3.0,2.0,0.0,0.0,20-21,7,4,25,37,7,12,-1.0,14.0,18,18,53.0,33.0,0.0,3.0,19,10.0,3.0,1.6,1.0,34.0,1.8,1.0,32.0,3,7.0,2.0,-15.0,1.3888888888888888,2.0555555555555554,-0.6666666666666665,-0.05555555555555555,0.7777777777777778,-0.8333333333333334,0
2021-02-14,15:00,Portimonense,Gil Vicente,4.0,1.0,H,2.0,1.0,H,2.0,0.0,0.0,0.0,20-21,16,15,16,16,4,4,-9.0,-8.0,18,18,46.0,41.0,0.0,1.0,3,17.0,9.0,1.0,1.2,10.0,0.8,1.4,12.0,1,8.0,-2.0,-1.0,0.8888888888888888,0.8888888888888888,0.0,-0.5,-0.4444444444444444,-0.05555555555555558,0
2021-02-13,20:30,Porto,Boavista,2.0,2.0,D,0.0,2.0,A,2.0,4.0,0.0,0.0,20-21,2,18,40,14,12,2,22.0,-13.0,18,18,35.0,39.0,4.0,4.0,7,1.0,12.0,1.2,0.6,25.0,0.8,1.8,9.0,-16,-11.0,16.0,35.0,2.2222222222222223,0.7777777777777778,1.4444444444444446,1.2222222222222223,-0.7222222222222222,1.9444444444444446,0
2021-02-13,18:00,Guimaraes,Rio Ave,1.0,3.0,A,0.0,2.0,A,2.0,2.0,0.0,0.0,20-21,6,10,31,19,9,4,7.0,-8.0,17,18,44.0,38.0,1.0,0.0,8,7.0,5.0,1.2,0.4,27.0,0.8,1.2,20.0,-4,2.0,7.0,15.0,1.8235294117647058,1.0555555555555556,0.7679738562091503,0.4117647058823529,-0.4444444444444444,0.8562091503267973,0
2021-02-13,15:30,Nacional,Farense,2.0,3.0,A,0.0,0.0,D,4.0,2.0,0.0,0.0,20-21,9,18,21,13,5,3,-5.0,-8.0,18,17,50.0,43.0,2.0,4.0,18,19.0,19.0,1.0,1.0,30.0,1.0,1.4,7.0,-9,0.0,23.0,3.0,1.1666666666666667,0.7647058823529411,0.4019607843137256,-0.2777777777777778,-0.47058823529411764,0.19281045751633985,0
2021-02-12,20:30,Famalicao,Belenenses,0.0,0.0,D,0.0,0.0,D,3.0,4.0,0.0,0.0,20-21,17,12,14,17,3,3,-15.0,-6.0,18,18,56.0,49.0,3.0,4.0,21,6.0,15.0,0.6,1.6,3.0,0.6,0.8,15.0,5,-9.0,-12.0,-9.0,0.7777777777777778,0.9444444444444444,-0.16666666666666663,-0.8333333333333334,-0.3333333333333333,-0.5,0
2021-02-09,21:00,Gil Vicente,Sp Lisbon,1.0,2.0,A,1.0,0.0,H,4.0,1.0,0.0,0.0,20-21,14,1,16,45,4,14,-7.0,27.0,17,17,37.0,42.0,1.0,2.0,20,9.0,4.0,0.8,1.6,15.0,1.6,0.2,41.0,13,5.0,-26.0,-34.0,0.9411764705882353,2.6470588235294117,-1.7058823529411764,-0.4117647058823529,1.588235294117647,-2.0,0
2021-02-09,19:00,Boavista,Nacional,0.0,1.0,A,0.0,1.0,A,2.0,4.0,1.0,0.0,20-21,16,10,14,18,2,4,-12.0,-6.0,17,17,37.0,46.0,3.0,2.0,11,12.0,19.0,1.0,1.8,13.0,0.8,1.2,20.0,6,-7.0,-7.0,-6.0,0.8235294117647058,1.0588235294117647,-0.23529411764705888,-0.7058823529411765,-0.35294117647058826,-0.35294117647058826,0
2021-02-09,17:00,Rio Ave,Tondela,2.0,1.0,H,0.0,1.0,A,4.0,2.0,0.0,0.0,20-21,15,10,16,18,3,5,-9.0,-11.0,17,17,34.0,43.0,0.0,5.0,4,5.0,14.0,1.0,1.0,10.0,1.2,1.4,18.0,5,-9.0,-8.0,2.0,0.9411764705882353,1.0588235294117647,-0.11764705882352944,-0.5294117647058824,-0.6470588235294118,0.11764705882352944,0
2021-02-09,15:00,Pacos Ferreira,Portimonense,0.0,0.0,D,0.0,0.0,D,2.0,1.0,0.0,0.0,20-21,5,15,34,15,10,4,12.0,-9.0,17,17,34.0,45.0,0.0,0.0,13,13.0,17.0,2.2,0.4,45.0,1.0,1.8,9.0,-10,-4.0,36.0,21.0,2.0,0.8823529411764706,1.1176470588235294,0.7058823529411765,-0.5294117647058824,1.2352941176470589,0
2021-02-08,21:00,Belenenses,Guimaraes,1.0,1.0,D,1.0,1.0,D,3.0,2.0,0.0,0.0,20-21,12,6,16,30,3,9,-6.0,7.0,17,16,46.0,42.0,4.0,1.0,10,15.0,7.0,0.4,1.0,14.0,1.4,0.6,33.0,6,8.0,-19.0,-13.0,0.9411764705882353,1.875,-0.9338235294117647,-0.35294117647058826,0.4375,-0.7904411764705883,0
2021-02-08,19:00,Maritimo,Santa Clara,1.0,2.0,A,0.0,0.0,D,1.0,3.0,0.0,0.0,20-21,11,8,17,22,5,6,-8.0,-2.0,17,17,48.0,50.0,3.0,0.0,5,11.0,10.0,0.4,1.6,6.0,1.4,1.0,27.0,3,1.0,-21.0,-6.0,1.0,1.2941176470588236,-0.2941176470588236,-0.47058823529411764,-0.11764705882352941,-0.3529411764705882,0
2021-02-08,19:00,Benfica,Famalicao,2.0,0.0,H,2.0,0.0,H,3.0,2.0,0.0,0.0,20-21,4,17,34,14,10,3,14.0,-13.0,17,17,36.0,54.0,0.0,3.0,6,2.0,6.0,0.8,0.6,13.0,0.8,2.0,6.0,-13,-4.0,7.0,27.0,2.0,0.8235294117647058,1.1764705882352942,0.8235294117647058,-0.7647058823529411,1.588235294117647,0
2021-02-08,17:00,Farense,Moreirense,1.0,2.0,A,0.0,1.0,A,4.0,3.0,0.0,0.0,20-21,18,8,13,21,3,5,-7.0,-6.0,16,17,39.0,41.0,4.0,0.0,22,19.0,8.0,0.8,1.4,11.0,1.4,1.6,25.0,10,11.0,-14.0,-1.0,0.8125,1.2352941176470589,-0.4227941176470589,-0.4375,-0.35294117647058826,-0.08455882352941174,0
2021-02-07,20:45,Sp Braga,Porto,2.0,2.0,D,0.0,1.0,A,3.0,3.0,0.0,1.0,20-21,3,2,36,39,12,12,14.0,22.0,17,17,30.0,32.0,3.0,3.0,14,3.0,1.0,1.8,0.8,39.0,1.6,0.4,31.0,1,2.0,8.0,-8.0,2.1176470588235294,2.2941176470588234,-0.17647058823529393,0.8235294117647058,1.2941176470588236,-0.47058823529411775,0
2021-02-05,21:00,Pacos Ferreira,Tondela,2.0,1.0,H,1.0,0.0,H,2.0,1.0,0.0,0.0,20-21,5,10,31,18,9,5,11.0,-10.0,16,16,32.0,42.0,0.0,5.0,13,13.0,14.0,2.2,0.2,45.0,1.2,1.0,27.0,-5,-1.0,18.0,21.0,1.9375,1.125,0.8125,0.6875,-0.625,1.3125,0
2021-02-05,21:00,Boavista,Gil Vicente,1.0,2.0,A,1.0,1.0,D,2.0,3.0,0.0,0.0,20-21,15,18,14,13,2,3,-11.0,-8.0,16,16,35.0,34.0,3.0,1.0,11,12.0,9.0,0.8,1.4,18.0,0.4,1.4,1.0,-3,3.0,17.0,-3.0,0.875,0.8125,0.0625,-0.6875,-0.5,-0.1875,0
2021-02-05,19:00,Maritimo,Sp Lisbon,0.0,2.0,A,0.0,1.0,A,2.0,1.0,0.0,0.0,20-21,11,1,17,42,5,13,-6.0,25.0,16,16,46.0,41.0,3.0,2.0,5,11.0,4.0,0.4,1.2,10.0,1.6,0.2,39.0,10,7.0,-29.0,-31.0,1.0625,2.625,-1.5625,-0.375,1.5625,-1.9375,0
2021-02-05,19:00,Benfica,Guimaraes,0.0,0.0,D,0.0,0.0,D,1.0,2.0,0.0,0.0,20-21,4,6,33,29,10,9,14.0,7.0,16,15,35.0,40.0,0.0,1.0,6,2.0,7.0,1.0,0.8,14.0,1.8,1.2,38.0,-2,-5.0,-24.0,7.0,2.0625,1.9333333333333333,0.12916666666666665,0.875,0.4666666666666667,0.4083333333333333,0
2021-02-05,17:00,Rio Ave,Nacional,0.0,0.0,D,0.0,0.0,D,2.0,2.0,0.0,0.0,20-21,14,11,15,17,3,4,-9.0,-6.0,16,16,32.0,44.0,0.0,2.0,4,5.0,19.0,1.0,1.4,9.0,0.8,1.6,19.0,3,-14.0,-10.0,-3.0,0.9375,1.0625,-0.125,-0.5625,-0.375,-0.1875,0
2021-02-04,21:30,Famalicao,Moreirense,0.0,2.0,A,0.0,2.0,A,2.0,5.0,1.0,0.0,20-21,15,8,14,18,3,4,-11.0,-8.0,16,16,52.0,36.0,2.0,0.0,21,6.0,8.0,0.8,1.8,9.0,1.0,2.2,15.0,7,-2.0,-6.0,-3.0,0.875,1.125,-0.25,-0.6875,-0.5,-0.1875,0
2021-02-04,21:00,Sp Braga,Portimonense,2.0,1.0,H,0.0,1.0,A,0.0,2.0,0.0,0.0,20-21,4,13,33,15,11,4,13.0,-8.0,16,16,30.0,43.0,3.0,0.0,14,3.0,17.0,1.4,1.0,33.0,1.2,1.4,16.0,-9,-14.0,17.0,21.0,2.0625,0.9375,1.125,0.8125,-0.5,1.3125,0
2021-02-04,19:00,Belenenses,Porto,0.0,0.0,D,0.0,0.0,D,4.0,2.0,0.0,0.0,20-21,12,2,15,38,3,12,-6.0,22.0,16,16,42.0,30.0,4.0,3.0,10,15.0,1.0,0.4,1.0,13.0,2.2,0.4,39.0,10,14.0,-26.0,-28.0,0.9375,2.375,-1.4375,-0.375,1.375,-1.75,0
2021-02-04,15:00,Farense,Santa Clara,1.0,1.0,D,1.0,0.0,H,0.0,3.0,0.0,0.0,20-21,18,7,12,21,3,6,-7.0,-2.0,15,16,39.0,47.0,4.0,0.0,22,19.0,10.0,0.8,1.4,10.0,1.4,1.0,30.0,11,9.0,-20.0,-5.0,0.8,1.3125,-0.5125,-0.4666666666666667,-0.125,-0.3416666666666667,0
2021-02-02,20:15,Gil Vicente,Pacos Ferreira,1.0,2.0,A,0.0,2.0,A,3.0,5.0,0.0,0.0,20-21,17,6,13,28,3,8,-7.0,10.0,15,15,31.0,27.0,1.0,0.0,20,9.0,13.0,0.4,1.0,5.0,2.0,0.2,43.0,11,-4.0,-38.0,-17.0,0.8666666666666667,1.8666666666666667,-1.0,-0.4666666666666667,0.6666666666666666,-1.1333333333333333,0
2021-02-01,21:30,Sp Lisbon,Benfica,1.0,0.0,H,0.0,0.0,D,3.0,5.0,0.0,0.0,20-21,1,3,39,33,12,10,24.0,15.0,15,15,38.0,30.0,2.0,0.0,9,4.0,2.0,1.8,0.4,37.0,1.4,0.8,23.0,-2,2.0,14.0,9.0,2.6,2.2,0.3999999999999999,1.6,1.0,0.6000000000000001,0
2021-02-01,19:45,Moreirense,Sp Braga,0.0,4.0,A,0.0,3.0,A,2.0,1.0,0.0,0.0,20-21,8,4,18,30,4,10,-4.0,9.0,15,15,34.0,29.0,0.0,3.0,12,8.0,3.0,1.2,1.4,23.0,1.4,1.2,27.0,4,5.0,-4.0,-13.0,1.2,2.0,-0.8,-0.26666666666666666,0.6,-0.8666666666666667,0
2021-02-01,19:00,Porto,Rio Ave,2.0,0.0,H,1.0,0.0,H,1.0,2.0,0.0,0.0,20-21,2,13,35,15,11,3,20.0,-7.0,15,15,29.0,30.0,3.0,0.0,7,1.0,5.0,2.4,0.8,37.0,1.2,1.6,13.0,-11,-4.0,24.0,27.0,2.3333333333333335,1.0,1.3333333333333335,1.3333333333333333,-0.4666666666666667,1.7999999999999998,0
2021-02-01,17:00,Santa Clara,Belenenses,2.0,0.0,H,1.0,0.0,H,3.0,2.0,0.0,0.0,20-21,7,12,18,15,5,3,-4.0,-4.0,15,15,44.0,40.0,0.0,4.0,19,10.0,15.0,1.0,1.2,20.0,0.6,1.0,17.0,-5,-5.0,3.0,0.0,1.2,1.0,0.19999999999999996,-0.26666666666666666,-0.26666666666666666,0.0,0
2021-01-31,15:00,Guimaraes,Maritimo,1.0,0.0,H,0.0,0.0,D,2.0,2.0,0.0,0.0,20-21,6,10,26,17,8,5,6.0,-5.0,14,15,38.0,44.0,1.0,3.0,8,7.0,11.0,2.4,1.2,33.0,1.0,1.2,17.0,-4,-4.0,16.0,11.0,1.8571428571428572,1.1333333333333333,0.7238095238095239,0.42857142857142855,-0.3333333333333333,0.7619047619047619,0
2021-01-30,20:30,Portimonense,Boavista,1.0,2.0,A,1.0,1.0,D,3.0,3.0,0.0,0.0,20-21,13,18,15,11,4,1,-7.0,-12.0,15,15,40.0,32.0,0.0,3.0,3,17.0,12.0,1.2,1.4,23.0,0.6,2.0,5.0,-5,5.0,18.0,5.0,1.0,0.7333333333333333,0.2666666666666667,-0.4666666666666667,-0.8,0.33333333333333337,0
2021-01-30,18:00,Tondela,Farense,2.0,0.0,H,0.0,0.0,D,5.0,1.0,0.0,0.0,20-21,14,17,15,12,4,3,-12.0,-5.0,15,14,37.0,38.0,5.0,4.0,15,14.0,19.0,0.8,1.4,18.0,0.8,1.2,14.0,-3,-5.0,4.0,-7.0,1.0,0.8571428571428571,0.1428571428571429,-0.8,-0.35714285714285715,-0.4428571428571429,0
2021-01-30,15:30,Nacional,Famalicao,2.0,1.0,H,0.0,1.0,A,5.0,1.0,0.0,0.0,20-21,14,15,14,14,3,3,-7.0,-10.0,15,15,39.0,51.0,2.0,2.0,18,19.0,6.0,0.8,1.4,8.0,0.6,1.6,12.0,-1,13.0,-4.0,3.0,0.9333333333333333,0.9333333333333333,0.0,-0.4666666666666667,-0.6666666666666666,0.19999999999999996,0
2021-01-26,21:15,Boavista,Sp Lisbon,0.0,2.0,A,0.0,1.0,A,2.0,2.0,0.0,0.0,20-21,18,1,11,36,1,11,-10.0,22.0,14,14,30.0,36.0,3.0,2.0,11,12.0,4.0,0.8,1.8,8.0,1.6,0.4,35.0,17,8.0,-27.0,-32.0,0.7857142857142857,2.5714285714285716,-1.785714285714286,-0.7142857142857143,1.5714285714285714,-2.2857142857142856,0
2021-01-26,19:45,Sp Braga,Gil Vicente,1.0,0.0,H,0.0,0.0,D,5.0,1.0,0.0,0.0,20-21,5,16,27,13,9,3,8.0,-6.0,14,14,24.0,30.0,3.0,1.0,14,3.0,9.0,1.8,1.2,21.0,0.4,1.2,9.0,-11,-6.0,12.0,14.0,1.9285714285714286,0.9285714285714286,1.0,0.5714285714285714,-0.42857142857142855,1.0,0
2021-01-25,20:15,Farense,Porto,0.0,1.0,A,0.0,1.0,A,1.0,1.0,0.0,0.0,20-21,17,3,12,32,3,10,-4.0,19.0,13,14,37.0,28.0,4.0,3.0,22,19.0,1.0,1.2,1.2,21.0,2.6,0.8,35.0,14,18.0,-14.0,-23.0,0.9230769230769231,2.2857142857142856,-1.3626373626373625,-0.3076923076923077,1.3571428571428572,-1.664835164835165,0
2021-01-25,17:00,Benfica,Nacional,1.0,1.0,D,1.0,0.0,H,1.0,2.0,0.0,0.0,20-21,3,16,32,13,10,3,15.0,-7.0,14,14,29.0,37.0,0.0,2.0,6,2.0,19.0,1.6,0.6,29.0,0.6,1.6,6.0,-13,-17.0,23.0,22.0,2.2857142857142856,0.9285714285714286,1.357142857142857,1.0714285714285714,-0.5,1.5714285714285714,0
2021-01-25,16:30,Rio Ave,Santa Clara,1.0,2.0,A,1.0,1.0,D,6.0,1.0,0.0,0.0,20-21,11,10,15,15,3,4,-6.0,-5.0,14,14,24.0,43.0,0.0,0.0,4,5.0,10.0,1.0,1.8,17.0,0.6,1.8,7.0,1,-5.0,10.0,-1.0,1.0714285714285714,1.0714285714285714,0.0,-0.42857142857142855,-0.35714285714285715,-0.0714285714285714,0
2021-01-25,14:30,Belenenses,Tondela,2.0,0.0,H,2.0,0.0,H,2.0,3.0,0.0,0.0,20-21,17,12,12,15,2,4,-6.0,-10.0,14,14,38.0,34.0,4.0,5.0,10,15.0,14.0,0.2,1.2,3.0,0.8,1.0,25.0,5,1.0,-22.0,4.0,0.8571428571428571,1.0714285714285714,-0.2142857142857143,-0.42857142857142855,-0.7142857142857143,0.28571428571428575,0
2021-01-24,20:15,Famalicao,Guimaraes,0.0,1.0,A,0.0,1.0,A,2.0,4.0,0.0,0.0,20-21,13,6,14,23,3,7,-9.0,5.0,14,13,49.0,34.0,2.0,1.0,21,6.0,7.0,0.6,1.4,16.0,2.4,1.2,28.0,7,-1.0,-12.0,-14.0,1.0,1.7692307692307692,-0.7692307692307692,-0.6428571428571429,0.38461538461538464,-1.0274725274725276,0
2021-01-24,17:30,Moreirense,Portimonense,2.0,2.0,D,2.0,1.0,H,3.0,2.0,0.0,0.0,20-21,7,12,17,14,4,4,-4.0,-7.0,14,14,31.0,38.0,0.0,0.0,12,8.0,17.0,0.8,1.0,26.0,0.8,1.0,25.0,-5,-9.0,1.0,3.0,1.2142857142857142,1.0,0.2142857142857142,-0.2857142857142857,-0.5,0.2142857142857143,0
2021-01-24,15:00,Maritimo,Pacos Ferreira,0.0,3.0,A,0.0,1.0,A,2.0,3.0,0.0,0.0,20-21,7,5,17,25,5,7,-2.0,7.0,14,14,42.0,24.0,3.0,0.0,5,11.0,13.0,1.2,0.6,27.0,1.6,0.4,39.0,2,-2.0,-12.0,-9.0,1.2142857142857142,1.7857142857142858,-0.5714285714285716,-0.14285714285714285,0.5,-0.6428571428571428,0
2021-01-21,20:15,Guimaraes,Nacional,3.0,1.0,H,1.0,1.0,D,3.0,2.0,0.0,0.0,20-21,6,14,20,13,6,3,3.0,-5.0,12,13,31.0,35.0,1.0,2.0,8,7.0,19.0,2.2,1.0,23.0,0.6,1.6,9.0,-8,-12.0,14.0,8.0,1.6666666666666667,1.0,0.6666666666666667,0.25,-0.38461538461538464,0.6346153846153846,0
2021-01-18,20:15,Portimonense,Belenenses,1.0,0.0,H,1.0,0.0,H,3.0,3.0,0.0,1.0,20-21,17,16,11,12,3,2,-8.0,-5.0,13,13,35.0,35.0,0.0,3.0,3,17.0,15.0,0.6,1.2,14.0,0.6,1.2,7.0,1,2.0,7.0,-3.0,0.8461538461538461,0.9230769230769231,-0.07692307692307698,-0.6153846153846154,-0.38461538461538464,-0.23076923076923078,0
2021-01-17,20:00,Gil Vicente,Maritimo,0.0,1.0,A,0.0,0.0,D,1.0,5.0,0.0,0.0,20-21,14,11,13,14,3,4,-5.0,-3.0,13,13,29.0,37.0,1.0,3.0,20,9.0,11.0,0.6,1.2,14.0,1.2,1.0,19.0,3,-2.0,-5.0,-2.0,1.0,1.0769230769230769,-0.07692307692307687,-0.38461538461538464,-0.23076923076923078,-0.15384615384615385,0
2021-01-17,17:30,Santa Clara,Famalicao,1.0,2.0,A,0.0,0.0,D,5.0,4.0,0.0,0.0,20-21,8,17,15,11,4,2,-4.0,-10.0,13,13,38.0,45.0,0.0,2.0,19,10.0,6.0,1.0,1.6,12.0,0.6,1.6,3.0,-9,4.0,9.0,6.0,1.1538461538461537,0.8461538461538461,0.3076923076923076,-0.3076923076923077,-0.7692307692307693,0.46153846153846156,0
2021-01-17,15:00,Nacional,Moreirense,0.0,1.0,A,0.0,0.0,D,4.0,5.0,0.0,0.0,20-21,12,11,13,14,3,3,-4.0,-5.0,12,13,31.0,26.0,2.0,0.0,18,19.0,8.0,0.6,1.6,12.0,0.8,1.2,17.0,1,11.0,-5.0,1.0,1.0833333333333333,1.0769230769230769,0.0064102564102563875,-0.3333333333333333,-0.38461538461538464,0.05128205128205132,0
2021-01-16,20:30,Tondela,Boavista,3.0,1.0,H,1.0,0.0,H,1.0,0.0,0.0,2.0,20-21,15,17,12,11,3,1,-12.0,-8.0,13,13,33.0,30.0,5.0,1.0,15,14.0,12.0,0.8,1.6,14.0,0.6,1.2,12.0,-2,2.0,2.0,-4.0,0.9230769230769231,0.8461538461538461,0.07692307692307698,-0.9230769230769231,-0.6153846153846154,-0.3076923076923077,0
2021-01-16,15:30,Pacos Ferreira,Sp Braga,2.0,0.0,H,0.0,0.0,D,1.0,2.0,0.0,0.0,20-21,5,4,22,27,6,9,5.0,10.0,13,13,23.0,22.0,0.0,3.0,13,13.0,3.0,1.4,0.8,32.0,2.0,1.2,30.0,1,10.0,2.0,-5.0,1.6923076923076923,2.076923076923077,-0.3846153846153848,0.38461538461538464,0.7692307692307693,-0.38461538461538464,0
2021-01-15,21:00,Porto,Benfica,1.0,1.0,D,1.0,1.0,D,4.0,4.0,1.0,0.0,20-21,2,3,31,31,10,10,19.0,15.0,13,13,24.0,25.0,2.0,0.0,7,1.0,2.0,3.2,1.2,45.0,1.8,0.6,37.0,-1,-1.0,8.0,4.0,2.3846153846153846,2.3846153846153846,0.0,1.4615384615384615,1.1538461538461537,0.3076923076923077,0
2021-01-15,18:30,Sp Lisbon,Rio Ave,1.0,1.0,D,1.0,0.0,H,3.0,6.0,0.0,0.0,20-21,1,10,35,14,11,3,22.0,-6.0,13,13,33.0,18.0,2.0,0.0,9,4.0,5.0,1.8,0.6,43.0,0.8,1.6,16.0,-9,-1.0,27.0,28.0,2.6923076923076925,1.0769230769230769,1.6153846153846156,1.6923076923076923,-0.46153846153846156,2.1538461538461537,0
2021-01-10,20:00,Belenenses,Pacos Ferreira,0.0,2.0,A,0.0,1.0,A,2.0,2.0,0.0,0.0,20-21,13,6,12,19,2,5,-3.0,3.0,12,12,33.0,21.0,3.0,0.0,10,15.0,13.0,0.6,0.8,12.0,1.2,0.8,25.0,7,2.0,-13.0,-6.0,1.0,1.5833333333333333,-0.5833333333333333,-0.25,0.25,-0.5,0
2021-01-10,15:00,Farense,Gil Vicente,3.0,1.0,H,2.0,1.0,H,1.0,2.0,1.0,0.0,20-21,18,11,9,13,2,3,-6.0,-3.0,12,12,36.0,27.0,3.0,1.0,22,19.0,9.0,0.6,1.2,10.0,0.8,0.6,22.0,7,10.0,-12.0,-3.0,0.75,1.0833333333333333,-0.33333333333333326,-0.5,-0.25,-0.25,0
2021-01-09,20:30,Boavista,Santa Clara,1.0,1.0,D,1.0,1.0,D,3.0,4.0,0.0,0.0,20-21,17,8,10,14,1,4,-8.0,-4.0,12,12,27.0,34.0,1.0,0.0,11,12.0,10.0,0.4,1.0,11.0,0.8,1.6,11.0,9,2.0,0.0,-4.0,0.8333333333333334,1.1666666666666667,-0.33333333333333337,-0.6666666666666666,-0.3333333333333333,-0.3333333333333333,0
2021-01-09,17:00,Moreirense,Guimaraes,2.0,2.0,D,1.0,1.0,D,2.0,3.0,0.0,0.0,20-21,12,5,13,19,3,6,-5.0,3.0,12,11,24.0,28.0,0.0,1.0,12,8.0,7.0,0.4,1.0,17.0,1.8,1.4,27.0,7,1.0,-10.0,-8.0,1.0833333333333333,1.7272727272727273,-0.643939393939394,-0.4166666666666667,0.2727272727272727,-0.6893939393939394,0
2021-01-08,21:00,Famalicao,Porto,1.0,4.0,A,1.0,2.0,A,5.0,1.0,0.0,0.0,20-21,15,3,11,28,2,9,-7.0,16.0,12,12,40.0,23.0,2.0,2.0,21,6.0,1.0,0.4,1.2,5.0,2.6,1.0,45.0,12,5.0,-40.0,-23.0,0.9166666666666666,2.3333333333333335,-1.416666666666667,-0.5833333333333334,1.3333333333333333,-1.9166666666666665,0
2021-01-08,19:00,Rio Ave,Portimonense,3.0,0.0,H,0.0,0.0,D,0.0,3.0,0.0,0.0,20-21,16,14,11,11,2,3,-9.0,-5.0,12,12,18.0,32.0,0.0,0.0,4,5.0,17.0,0.2,2.0,2.0,0.8,0.6,21.0,2,-12.0,-19.0,-4.0,0.9166666666666666,0.9166666666666666,0.0,-0.75,-0.4166666666666667,-0.3333333333333333,0
2021-01-08,19:00,Benfica,Tondela,2.0,0.0,H,0.0,0.0,D,2.0,0.0,0.0,0.0,20-21,3,13,28,12,9,3,13.0,-10.0,12,12,23.0,33.0,0.0,5.0,6,2.0,14.0,1.8,0.8,35.0,0.8,1.6,18.0,-10,-12.0,17.0,23.0,2.3333333333333335,1.0,1.3333333333333335,1.0833333333333333,-0.8333333333333334,1.9166666666666665,0
2021-01-08,18:00,Nacional,Sp Lisbon,0.0,2.0,A,0.0,1.0,A,3.0,1.0,0.0,0.0,20-21,9,1,13,32,3,10,-2.0,20.0,11,12,28.0,32.0,2.0,2.0,18,19.0,4.0,1.0,1.4,18.0,1.8,0.8,41.0,8,15.0,-23.0,-22.0,1.1818181818181819,2.6666666666666665,-1.4848484848484846,-0.18181818181818182,1.6666666666666667,-1.8484848484848486,0
2021-01-07,21:00,Sp Braga,Maritimo,2.0,1.0,H,1.0,0.0,H,3.0,4.0,0.0,0.0,20-21,4,7,24,14,8,4,9.0,-2.0,12,12,19.0,33.0,3.0,3.0,14,3.0,11.0,1.8,1.0,24.0,1.2,1.0,26.0,-3,-8.0,-2.0,11.0,2.0,1.1666666666666667,0.8333333333333333,0.75,-0.16666666666666666,0.9166666666666666,0
2021-01-04,21:15,Portimonense,Farense,2.0,0.0,H,0.0,0.0,D,3.0,2.0,0.0,0.0,20-21,18,17,8,9,2,2,-7.0,-4.0,11,11,29.0,34.0,0.0,3.0,3,17.0,19.0,0.6,1.2,10.0,1.2,1.0,17.0,1,-2.0,-7.0,-3.0,0.7272727272727273,0.8181818181818182,-0.09090909090909094,-0.6363636363636364,-0.36363636363636365,-0.2727272727272727,0
2021-01-04,19:00,Gil Vicente,Belenenses,0.0,0.0,D,0.0,0.0,D,2.0,1.0,0.0,0.0,20-21,11,13,12,11,3,2,-3.0,-3.0,11,11,25.0,32.0,1.0,3.0,20,9.0,15.0,1.0,1.0,24.0,0.6,0.8,12.0,-2,-6.0,12.0,0.0,1.0909090909090908,1.0,0.09090909090909083,-0.2727272727272727,-0.2727272727272727,0.0,0
2021-01-04,17:00,Santa Clara,Benfica,1.0,1.0,D,0.0,1.0,A,3.0,1.0,0.0,0.0,20-21,9,3,13,27,4,9,-4.0,13.0,11,11,31.0,22.0,0.0,0.0,19,10.0,2.0,0.6,1.8,9.0,2.0,1.2,42.0,6,8.0,-33.0,-17.0,1.1818181818181819,2.4545454545454546,-1.2727272727272727,-0.36363636363636365,1.1818181818181819,-1.5454545454545454,0
2021-01-03,21:00,Porto,Moreirense,3.0,0.0,H,1.0,0.0,H,2.0,0.0,0.0,0.0,20-21,3,9,25,13,8,3,13.0,-2.0,11,11,21.0,24.0,2.0,0.0,7,1.0,8.0,2.6,1.2,45.0,0.6,0.8,22.0,-6,-7.0,23.0,15.0,2.272727272727273,1.1818181818181819,1.090909090909091,1.1818181818181819,-0.18181818181818182,1.3636363636363638,0
2021-01-03,19:00,Pacos Ferreira,Rio Ave,2.0,0.0,H,1.0,0.0,H,0.0,0.0,0.0,0.0,20-21,6,15,16,11,4,2,1.0,-7.0,11,11,21.0,18.0,0.0,0.0,13,13.0,5.0,1.2,0.8,18.0,0.2,1.6,4.0,-9,8.0,14.0,8.0,1.4545454545454546,1.0,0.4545454545454546,0.09090909090909091,-0.6363636363636364,0.7272727272727273,0
2021-01-03,15:00,Maritimo,Boavista,0.0,0.0,D,0.0,0.0,D,3.0,4.0,0.0,0.0,20-21,7,17,13,9,4,1,-2.0,-8.0,11,11,30.0,23.0,3.0,1.0,5,11.0,12.0,1.4,1.4,27.0,0.6,1.6,9.0,-10,-1.0,18.0,6.0,1.1818181818181819,0.8181818181818182,0.36363636363636365,-0.18181818181818182,-0.7272727272727273,0.5454545454545454,0
2021-01-03,13:00,Tondela,Famalicao,1.0,0.0,H,0.0,0.0,D,4.0,5.0,0.0,0.0,20-21,17,13,9,11,2,2,-11.0,-6.0,11,11,29.0,35.0,5.0,2.0,15,14.0,6.0,1.0,1.6,7.0,0.8,1.2,10.0,4,8.0,-3.0,-5.0,0.8181818181818182,1.0,-0.18181818181818177,-1.0,-0.5454545454545454,-0.4545454545454546,0
2021-01-02,18:00,Sp Lisbon,Sp Braga,2.0,0.0,H,0.0,0.0,D,3.0,4.0,0.0,0.0,20-21,1,4,29,24,9,8,18.0,11.0,11,11,29.0,15.0,2.0,3.0,9,4.0,3.0,2.2,0.8,39.0,2.4,1.0,36.0,-3,1.0,3.0,7.0,2.6363636363636362,2.1818181818181817,0.4545454545454546,1.6363636363636365,1.0,0.6363636363636365,0
2020-12-29,21:00,Guimaraes,Porto,2.0,3.0,A,1.0,1.0,D,2.0,1.0,0.0,0.0,20-21,5,4,19,22,6,7,4.0,12.0,10,10,26.0,20.0,1.0,2.0,8,7.0,1.0,1.8,1.0,39.0,2.4,1.4,42.0,1,6.0,-3.0,-8.0,1.9,2.2,-0.30000000000000027,0.4,1.2,-0.7999999999999999,0
2020-12-29,18:45,Moreirense,Santa Clara,1.0,0.0,H,0.0,0.0,D,1.0,5.0,0.0,0.0,20-21,14,9,10,13,2,4,-3.0,-3.0,10,10,23.0,26.0,0.0,0.0,12,8.0,10.0,0.4,1.2,9.0,1.0,1.8,15.0,5,-2.0,-6.0,0.0,1.0,1.3,-0.30000000000000004,-0.3,-0.3,0.0,0
2020-12-29,18:00,Benfica,Portimonense,2.0,1.0,H,2.0,0.0,H,3.0,4.0,0.0,0.0,20-21,2,18,24,8,8,2,12.0,-6.0,10,10,19.0,25.0,0.0,0.0,6,2.0,17.0,1.6,1.6,36.0,0.6,1.2,14.0,-16,-15.0,22.0,18.0,2.4,0.8,1.5999999999999999,1.2,-0.6,1.7999999999999998,0
2020-12-28,21:00,Boavista,Sp Braga,1.0,4.0,A,0.0,3.0,A,1.0,1.0,0.0,0.0,20-21,16,4,9,21,1,7,-5.0,8.0,10,10,22.0,14.0,1.0,3.0,11,12.0,3.0,1.0,0.8,15.0,1.8,0.8,33.0,12,9.0,-18.0,-13.0,0.9,2.1,-1.2000000000000002,-0.5,0.8,-1.3,0
2020-12-28,18:45,Rio Ave,Maritimo,1.0,3.0,A,1.0,0.0,H,3.0,2.0,0.0,0.0,20-21,11,14,11,10,2,3,-5.0,-4.0,10,10,15.0,28.0,0.0,3.0,4,5.0,11.0,0.4,1.0,9.0,0.8,1.2,16.0,-3,-6.0,-7.0,-1.0,1.1,1.0,0.10000000000000009,-0.5,-0.4,-0.09999999999999998,0
2020-12-27,20:00,Belenenses,Sp Lisbon,1.0,2.0,A,1.0,2.0,A,4.0,3.0,1.0,0.0,20-21,10,1,11,26,2,8,-2.0,17.0,10,10,28.0,26.0,2.0,2.0,10,15.0,4.0,0.6,0.6,18.0,2.6,0.6,37.0,9,11.0,-19.0,-19.0,1.1,2.6,-1.5,-0.2,1.7,-1.9,0
2020-12-27,17:30,Farense,Pacos Ferreira,1.0,1.0,D,0.0,0.0,D,3.0,6.0,0.0,0.0,20-21,17,6,8,15,2,4,-4.0,1.0,10,10,31.0,15.0,3.0,0.0,22,19.0,13.0,1.2,1.0,19.0,1.6,1.0,23.0,11,6.0,-4.0,-5.0,0.8,1.5,-0.7,-0.4,0.1,-0.5,0
2020-12-27,15:00,Nacional,Tondela,2.0,0.0,H,1.0,0.0,H,1.0,6.0,0.0,2.0,20-21,14,16,10,9,2,2,-4.0,-9.0,10,10,27.0,23.0,2.0,3.0,18,19.0,14.0,0.6,1.4,7.0,1.0,2.0,11.0,-2,5.0,-4.0,5.0,1.0,0.9,0.09999999999999998,-0.4,-0.9,0.5,0
2020-12-27,15:00,Famalicao,Gil Vicente,0.0,1.0,A,0.0,1.0,A,1.0,1.0,0.0,0.0,20-21,9,14,11,9,2,2,-5.0,-4.0,10,10,34.0,24.0,2.0,1.0,21,6.0,9.0,0.8,1.2,15.0,1.0,1.4,13.0,-5,-3.0,2.0,-1.0,1.1,0.9,0.20000000000000007,-0.5,-0.4,-0.09999999999999998,0
2020-12-22,20:15,Sp Braga,Rio Ave,3.0,0.0,H,1.0,0.0,H,1.0,0.0,0.0,0.0,20-21,5,8,18,11,6,2,5.0,-2.0,9,9,13.0,15.0,3.0,0.0,14,3.0,5.0,1.4,0.8,30.0,0.6,0.4,17.0,-3,-2.0,13.0,7.0,2.0,1.2222222222222223,0.7777777777777777,0.5555555555555556,-0.2222222222222222,0.7777777777777778,0
2020-12-21,20:15,Santa Clara,Guimaraes,0.0,4.0,A,0.0,3.0,A,1.0,0.0,0.0,0.0,20-21,7,5,13,16,4,5,1.0,0.0,9,9,25.0,26.0,0.0,1.0,19,10.0,7.0,1.2,1.4,21.0,1.0,1.2,33.0,2,3.0,-12.0,1.0,1.4444444444444444,1.7777777777777777,-0.33333333333333326,0.1111111111111111,0.0,0.1111111111111111,0
2020-12-20,20:00,Porto,Nacional,2.0,0.0,H,2.0,0.0,H,0.0,2.0,0.0,0.0,20-21,3,11,19,10,6,2,10.0,-2.0,9,9,20.0,25.0,2.0,2.0,7,1.0,19.0,2.2,1.4,39.0,0.8,1.2,12.0,-8,-18.0,27.0,12.0,2.111111111111111,1.1111111111111112,1.0,1.1111111111111112,-0.2222222222222222,1.3333333333333335,3
2020-12-20,17:30,Gil Vicente,Benfica,0.0,2.0,A,0.0,0.0,D,3.0,2.0,1.0,0.0,20-21,14,2,9,21,2,7,-2.0,10.0,9,9,21.0,17.0,0.0,0.0,20,9.0,2.0,1.2,1.6,17.0,1.6,1.6,30.0,12,7.0,-13.0,-12.0,1.0,2.3333333333333335,-1.3333333333333335,-0.2222222222222222,1.1111111111111112,-1.3333333333333335,3
2020-12-20,15:00,Pacos Ferreira,Boavista,1.0,1.0,D,0.0,0.0,D,1.0,3.0,0.0,0.0,20-21,6,17,14,8,4,1,1.0,-5.0,9,9,14.0,19.0,0.0,1.0,13,13.0,12.0,1.6,1.0,28.0,1.2,1.0,16.0,-11,1.0,12.0,6.0,1.5555555555555556,0.8888888888888888,0.6666666666666667,0.1111111111111111,-0.5555555555555556,0.6666666666666667,3
2020-12-19,20:30,Sp Lisbon,Farense,1.0,0.0,H,0.0,0.0,D,4.0,6.0,0.0,1.0,20-21,1,16,23,8,7,2,16.0,-3.0,9,9,22.0,25.0,2.0,2.0,9,4.0,19.0,3.0,0.8,35.0,1.2,1.0,26.0,-15,-15.0,9.0,19.0,2.5555555555555554,0.8888888888888888,1.6666666666666665,1.7777777777777777,-0.3333333333333333,2.111111111111111,3
2020-12-19,18:00,Tondela,Moreirense,0.0,0.0,D,0.0,0.0,D,4.0,3.0,1.0,0.0,20-21,18,14,8,9,2,2,-9.0,-3.0,9,9,19.0,20.0,2.0,0.0,15,14.0,8.0,1.2,2.0,12.0,0.8,1.4,8.0,4,6.0,4.0,-6.0,0.8888888888888888,1.0,-0.11111111111111116,-1.0,-0.3333333333333333,-0.6666666666666667,3
2020-12-19,15:00,Maritimo,Belenenses,1.0,0.0,H,0.0,0.0,D,3.0,6.0,0.0,2.0,20-21,18,8,7,11,2,2,-5.0,-1.0,9,9,25.0,22.0,3.0,0.0,5,11.0,15.0,0.8,1.6,2.0,0.6,0.8,24.0,10,-4.0,-22.0,-4.0,0.7777777777777778,1.2222222222222223,-0.44444444444444453,-0.5555555555555556,-0.1111111111111111,-0.4444444444444445,3
2020-12-18,20:30,Portimonense,Famalicao,0.0,0.0,D,0.0,0.0,D,3.0,3.0,0.0,0.0,20-21,18,11,7,10,2,2,-6.0,-5.0,9,9,22.0,31.0,0.0,2.0,3,17.0,6.0,0.6,1.4,12.0,1.2,1.6,15.0,7,11.0,-3.0,-1.0,0.7777777777777778,1.1111111111111112,-0.33333333333333337,-0.6666666666666666,-0.5555555555555556,-0.11111111111111105,3
2020-12-07,20:15,Farense,Maritimo,2.0,1.0,H,1.0,0.0,H,4.0,5.0,0.0,1.0,20-21,18,16,5,7,1,2,-4.0,-4.0,8,8,21.0,20.0,2.0,2.0,22,19.0,11.0,1.4,1.4,16.0,0.8,1.6,3.0,2,8.0,13.0,0.0,0.625,0.875,-0.25,-0.5,-0.5,0.0,3
2020-12-06,20:00,Benfica,Pacos Ferreira,2.0,1.0,H,0.0,1.0,A,1.0,3.0,0.0,0.0,20-21,3,6,18,14,6,4,9.0,2.0,8,8,16.0,11.0,0.0,0.0,6,2.0,13.0,1.8,1.4,24.0,1.8,0.8,41.0,-3,-11.0,-17.0,7.0,2.25,1.75,0.5,1.125,0.25,0.875,3
2020-12-06,20:00,Belenenses,Sp Braga,2.0,1.0,H,2.0,0.0,H,2.0,1.0,0.0,1.0,20-21,13,4,8,18,1,6,-2.0,6.0,8,8,20.0,12.0,0.0,2.0,10,15.0,3.0,0.2,0.6,13.0,1.6,0.6,45.0,9,12.0,-32.0,-8.0,1.0,2.25,-1.25,-0.25,0.75,-1.0,3
2020-12-06,17:30,Rio Ave,Boavista,0.0,0.0,D,0.0,0.0,D,2.0,0.0,0.0,0.0,20-21,9,16,10,7,2,1,-2.0,-5.0,8,8,13.0,19.0,0.0,1.0,4,5.0,12.0,0.6,1.0,19.0,1.2,1.2,16.0,-7,-7.0,3.0,3.0,1.25,0.875,0.375,-0.25,-0.625,0.375,3
2020-12-06,15:00,Nacional,Santa Clara,1.0,3.0,A,1.0,2.0,A,3.0,2.0,0.0,0.0,20-21,7,8,10,10,2,3,0.0,-1.0,8,8,22.0,23.0,2.0,0.0,18,19.0,10.0,0.8,1.0,17.0,0.8,1.6,9.0,-1,9.0,8.0,1.0,1.25,1.25,0.0,0.0,-0.125,0.125,3
2020-12-05,20:30,Porto,Tondela,4.0,3.0,H,2.0,2.0,D,3.0,5.0,1.0,0.0,20-21,4,14,16,8,5,2,9.0,-8.0,8,8,17.0,14.0,1.0,2.0,7,1.0,14.0,1.8,1.2,34.0,0.8,1.4,19.0,-10,-13.0,15.0,17.0,2.0,1.0,1.0,1.125,-1.0,2.125,3
2020-12-05,18:00,Famalicao,Sp Lisbon,2.0,2.0,D,1.0,2.0,A,6.0,5.0,0.0,1.0,20-21,12,1,9,22,2,7,-5.0,16.0,8,8,25.0,17.0,2.0,1.0,21,6.0,4.0,1.4,1.8,15.0,3.0,0.6,45.0,11,2.0,-30.0,-21.0,1.125,2.75,-1.625,-0.625,2.0,-2.625,3
2020-12-05,15:30,Moreirense,Gil Vicente,1.0,1.0,D,0.0,0.0,D,3.0,2.0,0.0,0.0,20-21,13,11,8,8,2,2,-3.0,-2.0,8,8,17.0,19.0,0.0,0.0,12,8.0,9.0,0.6,1.2,7.0,1.0,1.6,15.0,2,-1.0,-8.0,-1.0,1.0,1.0,0.0,-0.375,-0.25,-0.125,3
2020-12-05,15:30,Guimaraes,Portimonense,1.0,0.0,H,1.0,0.0,H,6.0,4.0,0.0,0.0,20-21,6,16,13,7,4,2,-1.0,-5.0,8,8,20.0,18.0,1.0,0.0,8,7.0,17.0,1.0,1.2,27.0,1.0,1.4,18.0,-10,-10.0,9.0,4.0,1.625,0.875,0.75,-0.125,-0.625,0.5,3
2020-12-01,21:45,Moreirense,Pacos Ferreira,0.0,1.0,A,0.0,1.0,A,1.0,0.0,0.0,0.0,20-21,12,6,8,11,2,3,-2.0,1.0,7,7,16.0,11.0,0.0,0.0,12,8.0,13.0,0.8,1.2,12.0,1.6,1.0,36.0,6,-5.0,-24.0,-3.0,1.1428571428571428,1.5714285714285714,-0.4285714285714286,-0.2857142857142857,0.14285714285714285,-0.42857142857142855,3
2020-11-30,19:00,Maritimo,Benfica,1.0,2.0,A,1.0,1.0,D,0.0,1.0,0.0,0.0,20-21,15,4,7,15,2,5,-3.0,8.0,7,7,20.0,15.0,2.0,0.0,5,11.0,2.0,1.2,1.6,7.0,2.0,1.6,18.0,11,9.0,-11.0,-11.0,1.0,2.142857142857143,-1.1428571428571428,-0.42857142857142855,1.1428571428571428,-1.5714285714285714,3
2020-11-29,20:00,Sp Braga,Farense,1.0,0.0,H,0.0,0.0,D,3.0,3.0,0.0,0.0,20-21,4,18,15,5,5,1,5.0,-3.0,7,7,9.0,18.0,2.0,2.0,14,3.0,19.0,2.2,0.6,45.0,1.8,1.8,21.0,-14,-16.0,24.0,8.0,2.142857142857143,0.7142857142857143,1.4285714285714284,0.7142857142857143,-0.42857142857142855,1.1428571428571428,3
2020-11-29,17:30,Boavista,Belenenses,0.0,0.0,D,0.0,0.0,D,1.0,4.0,0.0,0.0,20-21,17,14,6,7,1,1,-5.0,-2.0,7,7,18.0,16.0,1.0,0.0,11,12.0,15.0,1.4,1.4,16.0,0.2,0.6,12.0,3,-3.0,4.0,-3.0,0.8571428571428571,1.0,-0.1428571428571429,-0.7142857142857143,-0.2857142857142857,-0.4285714285714286,3
2020-11-29,15:00,Portimonense,Nacional,1.0,0.0,H,0.0,0.0,D,3.0,2.0,0.0,1.0,20-21,18,7,4,10,1,2,-6.0,1.0,7,7,15.0,20.0,0.0,1.0,3,17.0,19.0,0.8,1.8,6.0,0.8,0.8,23.0,11,-2.0,-17.0,-7.0,0.5714285714285714,1.4285714285714286,-0.8571428571428572,-0.8571428571428571,0.14285714285714285,-1.0,3
2020-11-29,15:00,Gil Vicente,Rio Ave,2.0,0.0,H,1.0,0.0,H,1.0,1.0,0.0,0.0,20-21,17,8,5,10,1,2,-4.0,0.0,7,7,18.0,12.0,0.0,0.0,20,9.0,5.0,0.8,1.8,1.0,0.8,0.8,27.0,9,4.0,-26.0,-4.0,0.7142857142857143,1.4285714285714286,-0.7142857142857143,-0.5714285714285714,0.0,-0.5714285714285714,3
2020-11-28,20:30,Sp Lisbon,Moreirense,2.0,1.0,H,1.0,1.0,D,1.0,2.0,0.0,0.0,20-21,1,11,19,8,6,2,15.0,-1.0,7,6,16.0,14.0,1.0,0.0,9,4.0,8.0,3.0,0.8,43.0,0.6,1.2,17.0,-10,-4.0,26.0,16.0,2.7142857142857144,1.3333333333333333,1.3809523809523812,2.142857142857143,-0.16666666666666666,2.3095238095238093,3
2020-11-28,18:00,Santa Clara,Porto,0.0,1.0,A,0.0,1.0,A,2.0,1.0,0.0,0.0,20-21,8,4,10,13,3,4,0.0,8.0,7,7,21.0,16.0,0.0,1.0,19,10.0,1.0,0.8,1.4,13.0,2.0,1.8,26.0,4,9.0,-13.0,-8.0,1.4285714285714286,1.8571428571428572,-0.4285714285714286,0.0,1.1428571428571428,-1.1428571428571428,3
2020-11-27,21:00,Tondela,Guimaraes,0.0,2.0,A,0.0,0.0,D,1.0,2.0,1.0,0.0,20-21,12,9,8,10,2,3,-6.0,-3.0,7,7,13.0,18.0,1.0,1.0,15,14.0,7.0,0.8,1.8,26.0,0.8,1.2,21.0,3,7.0,5.0,-3.0,1.1428571428571428,1.4285714285714286,-0.2857142857142858,-0.8571428571428571,-0.42857142857142855,-0.42857142857142855,3
2020-11-27,19:00,Pacos Ferreira,Famalicao,2.0,0.0,H,1.0,0.0,H,4.0,4.0,0.0,0.0,20-21,10,9,8,9,2,2,-1.0,-3.0,6,7,7.0,21.0,0.0,2.0,13,13.0,6.0,1.2,1.4,28.0,1.6,1.6,21.0,1,7.0,7.0,2.0,1.3333333333333333,1.2857142857142858,0.04761904761904745,-0.16666666666666666,-0.42857142857142855,0.26190476190476186,3
2020-11-08,20:00,Benfica,Sp Braga,2.0,3.0,A,0.0,1.0,A,1.0,3.0,0.0,0.0,20-21,2,4,15,12,5,4,9.0,4.0,6,6,14.0,6.0,0.0,2.0,6,2.0,3.0,2.0,1.0,30.0,1.6,0.4,42.0,-2,-1.0,-12.0,5.0,2.5,2.0,0.5,1.5,0.6666666666666666,0.8333333333333334,3
2020-11-08,17:30,Porto,Portimonense,3.0,1.0,H,1.0,1.0,D,3.0,3.0,0.0,0.0,20-21,4,18,10,4,3,1,6.0,-4.0,6,6,13.0,12.0,1.0,0.0,7,1.0,17.0,2.4,1.6,18.0,0.6,1.4,9.0,-14,-16.0,9.0,10.0,1.6666666666666667,0.6666666666666666,1.0,1.0,-0.6666666666666666,1.6666666666666665,3
2020-11-08,15:00,Nacional,Gil Vicente,2.0,1.0,H,0.0,1.0,A,1.0,4.0,0.0,0.0,20-21,12,17,7,5,1,1,0.0,-3.0,6,6,19.0,14.0,1.0,0.0,18,19.0,9.0,0.6,0.6,14.0,0.6,1.4,3.0,-5,10.0,11.0,3.0,1.1666666666666667,0.8333333333333334,0.33333333333333337,0.0,-0.5,0.5,3
2020-11-08,15:00,Farense,Boavista,3.0,1.0,H,1.0,1.0,D,4.0,1.0,0.0,0.0,20-21,18,15,2,6,0,1,-5.0,-3.0,6,6,14.0,17.0,2.0,1.0,22,19.0,12.0,1.2,1.8,8.0,1.2,1.8,21.0,3,7.0,-13.0,-2.0,0.3333333333333333,1.0,-0.6666666666666667,-0.8333333333333334,-0.5,-0.33333333333333337,3
2020-11-07,20:30,Guimaraes,Sp Lisbon,0.0,4.0,A,0.0,2.0,A,3.0,1.0,0.0,0.0,20-21,5,1,10,16,3,5,1.0,11.0,6,6,15.0,15.0,1.0,1.0,8,7.0,4.0,0.8,0.4,31.0,2.6,0.8,41.0,4,3.0,-10.0,-10.0,1.6666666666666667,2.6666666666666665,-0.9999999999999998,0.16666666666666666,1.8333333333333333,-1.6666666666666665,3
2020-11-07,18:00,Famalicao,Maritimo,2.0,1.0,H,2.0,1.0,H,3.0,2.0,0.0,0.0,20-21,15,12,6,7,1,2,-4.0,-2.0,6,6,18.0,18.0,2.0,2.0,21,6.0,11.0,1.6,1.6,12.0,1.4,1.4,14.0,3,-5.0,-2.0,-2.0,1.0,1.1666666666666667,-0.16666666666666674,-0.6666666666666666,-0.3333333333333333,-0.3333333333333333,3
2020-11-07,15:00,Tondela,Santa Clara,2.0,0.0,H,1.0,0.0,H,2.0,3.0,0.0,0.0,20-21,16,5,5,10,1,3,-8.0,2.0,6,6,11.0,18.0,1.0,0.0,15,14.0,10.0,0.6,2.2,15.0,1.0,1.0,20.0,11,4.0,-5.0,-10.0,0.8333333333333334,1.6666666666666667,-0.8333333333333334,-1.3333333333333333,0.3333333333333333,-1.6666666666666665,3
2020-11-06,20:30,Belenenses,Rio Ave,0.0,0.0,D,0.0,0.0,D,2.0,2.0,0.0,0.0,20-21,12,7,6,9,1,2,-2.0,0.0,6,6,14.0,10.0,0.0,0.0,10,15.0,5.0,0.4,1.0,10.0,0.8,0.8,30.0,5,10.0,-20.0,-2.0,1.0,1.5,-0.5,-0.3333333333333333,0.0,-0.3333333333333333,3
2020-11-02,21:00,Boavista,Benfica,3.0,0.0,H,2.0,0.0,H,3.0,4.0,0.0,0.0,20-21,17,2,3,15,0,5,-6.0,12.0,5,5,14.0,10.0,1.0,0.0,11,12.0,2.0,1.2,2.4,9.0,3.0,0.6,45.0,15,10.0,-36.0,-18.0,0.6,3.0,-2.4,-1.2,2.4,-3.5999999999999996,3
2020-11-02,18:45,Sp Braga,Famalicao,1.0,0.0,H,0.0,0.0,D,1.0,5.0,0.0,1.0,20-21,6,13,9,6,3,1,3.0,-3.0,5,5,5.0,13.0,2.0,1.0,14,3.0,6.0,1.6,1.0,36.0,1.8,2.4,18.0,-7,-3.0,18.0,6.0,1.8,1.2,0.6000000000000001,0.6,-0.6,1.2,3
2020-11-01,20:00,Sp Lisbon,Tondela,4.0,0.0,H,1.0,0.0,H,3.0,2.0,0.0,0.0,20-21,2,15,13,5,4,1,7.0,-4.0,5,5,12.0,9.0,1.0,1.0,9,4.0,14.0,2.2,0.8,39.0,0.8,1.6,20.0,-13,-10.0,19.0,11.0,2.6,1.0,1.6,1.4,-0.8,2.2,3
2020-11-01,17:30,Gil Vicente,Guimaraes,1.0,2.0,A,0.0,1.0,A,1.0,2.0,0.0,0.0,20-21,14,9,5,7,1,2,-2.0,0.0,5,5,13.0,13.0,0.0,1.0,20,9.0,7.0,0.6,1.0,8.0,0.4,0.4,23.0,5,2.0,-15.0,-2.0,1.0,1.4,-0.3999999999999999,-0.4,0.0,-0.4,3
2020-11-01,15:00,Portimonense,Santa Clara,1.0,2.0,A,0.0,1.0,A,3.0,6.0,0.0,0.0,20-21,16,8,4,7,1,2,-3.0,1.0,5,5,9.0,12.0,0.0,0.0,3,17.0,10.0,0.6,1.2,13.0,1.0,0.8,12.0,8,7.0,1.0,-4.0,0.8,1.4,-0.5999999999999999,-0.6,0.2,-0.8,3
2020-10-31,20:30,Maritimo,Nacional,0.0,0.0,D,0.0,0.0,D,1.0,3.0,0.0,0.0,20-21,11,10,6,6,2,1,-2.0,0.0,5,5,17.0,16.0,2.0,1.0,5,11.0,19.0,1.4,1.8,15.0,1.2,1.2,15.0,1,-8.0,0.0,-2.0,1.2,1.2,0.0,-0.4,0.0,-0.4,3
2020-10-31,18:00,Rio Ave,Moreirense,2.0,0.0,H,1.0,0.0,H,1.0,4.0,0.0,0.0,20-21,11,5,6,8,1,2,-2.0,1.0,5,5,9.0,10.0,0.0,0.0,4,5.0,8.0,0.6,1.0,21.0,1.0,0.8,25.0,6,-3.0,-4.0,-3.0,1.2,1.6,-0.40000000000000013,-0.4,0.2,-0.6000000000000001,3
2020-10-31,15:30,Belenenses,Farense,1.0,1.0,D,0.0,0.0,D,3.0,0.0,0.0,1.0,20-21,14,18,5,1,1,0,-2.0,-5.0,5,5,11.0,14.0,0.0,1.0,10,15.0,19.0,0.4,0.8,10.0,1.0,2.0,4.0,-4,-4.0,6.0,3.0,1.0,0.2,0.8,-0.4,-1.0,0.6,3
2020-10-30,20:30,Pacos Ferreira,Porto,3.0,2.0,H,2.0,1.0,H,1.0,1.0,0.0,0.0,20-21,12,3,5,10,1,3,-2.0,7.0,5,5,6.0,12.0,0.0,1.0,13,13.0,1.0,0.8,1.2,18.0,2.6,1.2,28.0,9,12.0,-10.0,-9.0,1.0,2.0,-1.0,-0.4,1.4,-1.7999999999999998,3
2020-10-28,21:45,Sp Lisbon,Gil Vicente,3.0,1.0,H,0.0,0.0,D,5.0,4.0,0.0,0.0,20-21,3,12,10,5,3,1,5.0,0.0,4,4,7.0,9.0,1.0,0.0,9,4.0,9.0,2.0,0.75,34.0,0.5,0.5,13.0,-9,-5.0,21.0,5.0,2.5,1.25,1.25,1.25,0.0,1.25,3
2020-10-26,20:15,Benfica,Belenenses,2.0,0.0,H,1.0,0.0,H,0.0,0.0,0.0,0.0,20-21,1,13,12,5,4,1,10.0,0.0,4,4,10.0,11.0,0.0,0.0,6,2.0,15.0,3.25,0.75,42.0,0.5,0.5,15.0,-12,-13.0,27.0,10.0,3.0,1.25,1.75,2.5,0.0,2.5,3
2020-10-25,20:00,Guimaraes,Sp Braga,0.0,1.0,A,0.0,1.0,A,3.0,2.0,1.0,2.0,20-21,6,7,7,6,2,2,1.0,2.0,4,4,10.0,3.0,0.0,0.0,8,7.0,3.0,0.5,0.25,30.0,1.75,1.25,27.0,-1,4.0,3.0,-1.0,1.75,1.5,0.25,0.25,0.5,-0.25,3
2020-10-25,17:30,Famalicao,Boavista,2.0,2.0,D,0.0,0.0,D,3.0,5.0,0.0,1.0,20-21,14,17,5,2,1,0,-3.0,-6.0,4,4,10.0,9.0,1.0,0.0,21,6.0,12.0,1.75,2.5,18.0,1.0,2.5,6.0,-3,-6.0,12.0,3.0,1.25,0.5,0.75,-0.75,-1.5,0.75,3
2020-10-25,15:00,Moreirense,Maritimo,2.0,1.0,H,2.0,0.0,H,5.0,4.0,0.0,1.0,20-21,10,8,5,6,1,2,0.0,-1.0,4,4,5.0,13.0,0.0,1.0,12,8.0,11.0,0.75,0.75,15.0,1.5,1.75,21.0,2,-3.0,-6.0,1.0,1.25,1.5,-0.25,0.0,-0.25,0.25,3
2020-10-25,15:00,Farense,Rio Ave,0.0,1.0,A,0.0,1.0,A,4.0,6.0,0.0,0.0,20-21,18,16,1,3,0,0,-4.0,-3.0,4,4,10.0,3.0,1.0,0.0,22,19.0,5.0,1.25,2.25,5.0,0.5,1.25,9.0,2,14.0,-4.0,-1.0,0.25,0.75,-0.5,-1.0,-0.75,-0.25,3
2020-10-24,20:30,Porto,Gil Vicente,1.0,0.0,H,1.0,0.0,H,6.0,2.0,1.0,0.0,20-21,3,9,7,5,2,1,6.0,1.0,4,3,6.0,7.0,0.0,0.0,7,1.0,9.0,3.0,1.5,20.0,0.6666666666666666,0.3333333333333333,18.0,-6,-8.0,2.0,5.0,1.75,1.6666666666666667,0.08333333333333326,1.5,0.3333333333333333,1.1666666666666667,3
2020-10-24,18:00,Santa Clara,Sp Lisbon,1.0,2.0,A,1.0,1.0,D,3.0,1.0,0.0,0.0,20-21,4,3,7,7,2,2,2.0,4.0,4,3,9.0,6.0,0.0,1.0,19,10.0,4.0,1.0,0.5,19.0,2.0,0.6666666666666666,26.0,1,6.0,-7.0,-2.0,1.75,2.3333333333333335,-0.5833333333333335,0.5,1.3333333333333333,-0.8333333333333333,3
2020-10-24,15:30,Nacional,Pacos Ferreira,1.0,1.0,D,0.0,0.0,D,3.0,1.0,1.0,0.0,20-21,9,14,5,4,1,1,0.0,-2.0,4,4,13.0,5.0,0.0,0.0,18,19.0,13.0,1.25,1.25,15.0,0.75,1.25,17.0,-5,6.0,-2.0,2.0,1.25,1.0,0.25,0.0,-0.5,0.5,3
2020-10-23,20:30,Tondela,Portimonense,1.0,0.0,H,1.0,0.0,H,2.0,2.0,0.0,0.0,20-21,16,13,2,4,0,1,-5.0,-2.0,4,4,7.0,7.0,1.0,0.0,15,14.0,17.0,0.75,2.0,7.0,0.75,1.25,17.0,3,-3.0,-10.0,-3.0,0.5,1.0,-0.5,-1.25,-0.5,-0.75,3
2020-10-19,20:15,Boavista,Guimaraes,0.0,1.0,A,0.0,1.0,A,4.0,2.0,0.0,0.0,20-21,16,12,2,4,0,1,-5.0,0.0,3,3,5.0,8.0,0.0,0.0,11,12.0,7.0,1.3333333333333333,3.0,8.0,0.3333333333333333,0.3333333333333333,19.0,4,5.0,-11.0,-5.0,0.6666666666666666,1.3333333333333333,-0.6666666666666666,-1.6666666666666667,0.0,-1.6666666666666667,3
2020-10-18,20:00,Rio Ave,Benfica,0.0,3.0,A,0.0,2.0,A,1.0,3.0,0.0,0.0,20-21,15,1,3,9,0,3,0.0,7.0,3,3,2.0,7.0,0.0,0.0,4,5.0,2.0,0.6666666666666666,0.6666666666666666,12.0,3.3333333333333335,1.0,36.0,14,3.0,-24.0,-7.0,1.0,3.0,-2.0,0.0,2.3333333333333335,-2.3333333333333335,3
2020-10-18,17:30,Farense,Famalicao,3.0,3.0,D,2.0,0.0,H,2.0,2.0,0.0,1.0,20-21,18,14,0,4,0,1,-4.0,-3.0,3,3,8.0,8.0,1.0,0.0,22,19.0,6.0,0.6666666666666666,2.0,0.0,1.3333333333333333,2.3333333333333335,17.0,4,13.0,-17.0,-1.0,0.0,1.3333333333333333,-1.3333333333333333,-1.3333333333333333,-1.0,-0.33333333333333326,3
2020-10-18,15:00,Pacos Ferreira,Santa Clara,2.0,1.0,H,1.0,0.0,H,2.0,2.0,0.0,0.0,20-21,17,4,1,7,0,2,-3.0,3.0,3,3,3.0,7.0,0.0,0.0,13,13.0,10.0,0.3333333333333333,1.3333333333333333,3.0,1.0,0.0,26.0,13,3.0,-23.0,-6.0,0.3333333333333333,2.3333333333333335,-2.0,-1.0,1.0,-2.0,3
2020-10-18,15:00,Belenenses,Moreirense,0.0,0.0,D,0.0,0.0,D,2.0,2.0,0.0,0.0,20-21,10,9,4,4,1,1,0.0,0.0,3,3,9.0,3.0,0.0,0.0,10,15.0,8.0,0.6666666666666666,0.6666666666666666,14.0,1.0,1.0,14.0,1,7.0,0.0,0.0,1.3333333333333333,1.3333333333333333,0.0,0.0,0.0,0.0,3
2020-10-17,20:30,Sp Lisbon,Porto,2.0,2.0,D,1.0,2.0,A,5.0,4.0,1.0,0.0,20-21,4,3,6,6,2,2,4.0,6.0,2,3,1.0,2.0,0.0,0.0,9,4.0,1.0,2.0,0.0,27.0,3.3333333333333335,1.3333333333333333,21.0,1,3.0,6.0,-2.0,3.0,2.0,1.0,2.0,2.0,0.0,3
2020-10-17,18:00,Sp Braga,Nacional,2.0,1.0,H,2.0,0.0,H,1.0,4.0,0.0,0.0,20-21,13,6,3,5,1,1,1.0,1.0,3,3,2.0,9.0,0.0,0.0,14,3.0,19.0,1.6666666666666667,1.3333333333333333,15.0,1.3333333333333333,1.0,20.0,7,-16.0,-5.0,0.0,1.0,1.6666666666666667,-0.6666666666666667,0.3333333333333333,0.3333333333333333,0.0,3
2020-10-17,15:30,Maritimo,Portimonense,1.0,2.0,A,0.0,0.0,D,4.0,2.0,0.0,0.0,20-21,5,15,6,1,2,0,0.0,-3.0,3,3,9.0,5.0,1.0,0.0,5,11.0,17.0,1.6666666666666667,1.6666666666666667,27.0,0.3333333333333333,1.3333333333333333,3.0,-10,-6.0,24.0,3.0,2.0,0.3333333333333333,1.6666666666666667,0.0,-1.0,1.0,3
2020-10-17,15:30,Gil Vicente,Tondela,1.0,1.0,D,1.0,0.0,H,2.0,3.0,0.0,1.0,20-21,7,17,4,1,1,0,1.0,-5.0,2,3,5.0,4.0,0.0,0.0,20,9.0,14.0,0.5,0.0,17.0,0.6666666666666666,2.3333333333333335,3.0,-10,-5.0,14.0,6.0,2.0,0.3333333333333333,1.6666666666666667,0.5,-1.6666666666666667,2.166666666666667,3
2020-10-04,21:00,Portimonense,Sp Lisbon,0.0,2.0,A,0.0,2.0,A,1.0,1.0,0.0,0.0,20-21,15,11,1,3,0,1,-1.0,2.0,2,1,4.0,0.0,0.0,0.0,3,17.0,4.0,0.5,1.0,4.0,2.0,0.0,15.0,4,13.0,-11.0,-3.0,0.5,3.0,-2.5,-0.5,2.0,-2.5,3
2020-10-04,18:30,Famalicao,Rio Ave,1.0,1.0,D,1.0,0.0,H,2.0,0.0,0.0,0.0,20-21,12,13,3,2,1,0,-3.0,0.0,2,2,6.0,2.0,0.0,0.0,21,6.0,5.0,1.5,3.0,15.0,0.5,0.5,9.0,-1,1.0,6.0,-3.0,1.5,1.0,0.5,-1.5,0.0,-1.5,3
2020-10-04,18:30,Benfica,Farense,3.0,2.0,H,1.0,0.0,H,3.0,3.0,0.0,0.0,20-21,3,18,6,0,2,0,6.0,-3.0,2,2,4.0,5.0,0.0,1.0,6,2.0,19.0,3.5,0.5,27.0,0.0,1.5,0.0,-15,-17.0,27.0,9.0,3.0,0.0,3.0,3.0,-1.5,4.5,3
2020-10-04,15:30,Nacional,Belenenses,0.0,0.0,D,0.0,0.0,D,1.0,2.0,0.0,0.0,20-21,5,11,4,3,1,1,1.0,0.0,2,2,8.0,7.0,0.0,0.0,18,19.0,15.0,2.0,1.5,19.0,1.0,1.0,12.0,-6,4.0,7.0,1.0,2.0,1.5,0.5,0.5,0.0,0.5,3
2020-10-03,21:00,Tondela,Sp Braga,0.0,4.0,A,0.0,4.0,A,1.0,0.0,0.0,0.0,20-21,14,17,1,0,0,0,-1.0,-3.0,2,2,3.0,2.0,0.0,0.0,15,14.0,3.0,1.0,1.5,4.0,0.5,2.0,0.0,-3,11.0,4.0,2.0,0.5,0.0,0.5,-0.5,-1.5,1.0,3
2020-10-03,18:30,Porto,Maritimo,2.0,3.0,A,1.0,1.0,D,2.0,4.0,0.0,0.0,20-21,2,10,6,3,2,1,7.0,-1.0,2,2,0.0,5.0,0.0,1.0,7,1.0,11.0,4.0,0.5,27.0,1.0,1.5,15.0,-8,-10.0,12.0,8.0,3.0,1.5,1.5,3.5,-0.5,4.0,3
2020-10-03,16:00,Santa Clara,Gil Vicente,0.0,0.0,D,0.0,0.0,D,1.0,3.0,0.0,0.0,20-21,3,8,6,3,2,1,3.0,1.0,2,1,6.0,2.0,0.0,0.0,19,10.0,9.0,1.5,0.0,27.0,1.0,0.0,15.0,-5,1.0,12.0,2.0,3.0,3.0,0.0,1.5,1.0,0.5,3
2020-10-02,21:15,Guimaraes,Pacos Ferreira,1.0,0.0,H,0.0,0.0,D,4.0,2.0,0.0,0.0,20-21,15,16,1,1,0,0,-1.0,-2.0,2,2,4.0,1.0,0.0,0.0,8,7.0,13.0,0.0,0.5,5.0,0.5,1.5,4.0,-1,-6.0,1.0,1.0,0.5,0.5,0.0,-0.5,-1.0,0.5,3
2020-10-02,19:00,Moreirense,Boavista,1.0,1.0,D,0.0,1.0,A,1.0,1.0,0.0,0.0,20-21,7,16,3,1,1,0,0.0,-5.0,2,2,2.0,4.0,0.0,0.0,12,8.0,12.0,1.0,1.0,12.0,1.5,4.0,4.0,-9,-4.0,8.0,5.0,1.5,0.5,1.0,0.0,-2.5,2.5,3
2020-09-28,19:45,Belenenses,Famalicao,1.0,2.0,A,1.0,0.0,H,3.0,5.0,0.0,0.0,20-21,7,18,3,0,1,0,1.0,-4.0,1,1,4.0,1.0,0.0,0.0,10,15.0,6.0,1.0,0.0,15.0,1.0,5.0,0.0,-11,9.0,15.0,5.0,3.0,0.0,3.0,1.0,-4.0,5.0,3
2020-09-27,21:00,Rio Ave,Guimaraes,0.0,0.0,D,0.0,0.0,D,2.0,3.0,0.0,0.0,20-21,10,15,1,0,0,0,0.0,-1.0,1,1,0.0,1.0,0.0,0.0,4,5.0,7.0,1.0,1.0,5.0,0.0,1.0,0.0,-5,-2.0,5.0,1.0,1.0,0.0,1.0,0.0,-1.0,1.0,3
2020-09-27,18:30,Pacos Ferreira,Sp Lisbon,0.0,2.0,A,0.0,1.0,A,0.0,0.0,0.0,0.0,20-21,9,14,1,0,0,0,0.0,0.0,1,0,1.0,0.0,0.0,0.0,13,13.0,4.0,1.0,1.0,5.0,0.0,0.0,0.0,-5,9.0,5.0,0.0,1.0,0.0,1.0,0.0,0.0,0.0,3
2020-09-27,16:00,Gil Vicente,Portimonense,1.0,0.0,H,0.0,0.0,D,2.0,3.0,0.0,0.0,20-21,13,8,0,1,0,0,0.0,0.0,0,1,0.0,1.0,0.0,0.0,20,9.0,17.0,0.0,0.0,0.0,1.0,1.0,5.0,5,-8.0,-5.0,0.0,0.0,1.0,-1.0,0.0,0.0,0.0,3
2020-09-27,15:30,Farense,Nacional,0.0,1.0,A,0.0,0.0,D,1.0,4.0,0.0,0.0,20-21,16,7,0,1,0,0,-2.0,0.0,1,1,4.0,4.0,1.0,0.0,22,19.0,19.0,0.0,2.0,0.0,3.0,3.0,5.0,9,0.0,-5.0,-2.0,0.0,1.0,-1.0,-2.0,0.0,-2.0,3
2020-09-26,21:00,Boavista,Porto,0.0,5.0,A,0.0,0.0,D,1.0,0.0,0.0,0.0,20-21,8,3,1,3,0,1,0.0,2.0,1,1,3.0,0.0,0.0,0.0,11,12.0,1.0,3.0,3.0,5.0,3.0,1.0,15.0,5,11.0,-10.0,-2.0,1.0,3.0,-2.0,0.0,2.0,-2.0,3
2020-09-26,18:30,Benfica,Moreirense,2.0,0.0,H,1.0,0.0,H,2.0,0.0,0.0,0.0,20-21,2,4,3,3,1,1,4.0,2.0,1,1,2.0,2.0,0.0,0.0,6,2.0,8.0,5.0,1.0,15.0,2.0,0.0,15.0,-2,-6.0,0.0,2.0,3.0,3.0,0.0,4.0,2.0,2.0,3
2020-09-26,15:30,Maritimo,Tondela,2.0,1.0,H,2.0,1.0,H,4.0,2.0,1.0,0.0,20-21,15,8,0,1,0,0,-2.0,0.0,1,1,1.0,1.0,0.0,0.0,5,11.0,14.0,0.0,2.0,0.0,1.0,1.0,5.0,7,-3.0,-5.0,-2.0,0.0,1.0,-1.0,-2.0,0.0,-2.0,3
2020-09-25,20:30,Sp Braga,Santa Clara,0.0,1.0,A,0.0,1.0,A,2.0,4.0,0.0,0.0,20-21,15,3,0,3,0,1,-2.0,2.0,1,1,0.0,2.0,0.0,0.0,14,3.0,10.0,1.0,3.0,0.0,2.0,0.0,15.0,12,-7.0,-15.0,-4.0,0.0,3.0,-3.0,-2.0,2.0,-4.0,3
2020-09-21,19:45,Portimonense,Pacos Ferreira,1.0,1.0,D,0.0,1.0,A,1.0,1.0,0.0,0.0,20-21,10,12,0,0,0,0,0.0,0.0,0,0,0.0,0.0,0.0,0.0,3,17.0,13.0,0.0,0.0,0.0,0.0,0.0,0.0,-2,4.0,0.0,0.0,0.0,0.0,0.0,0.0,0.0,0.0,2
2020-09-20,21:00,Tondela,Rio Ave,1.0,1.0,D,1.0,0.0,H,1.0,0.0,0.0,0.0,20-21,8,12,0,0,0,0,0.0,0.0,0,0,0.0,0.0,0.0,0.0,15,14.0,5.0,0.0,0.0,0.0,0.0,0.0,0.0,-4,9.0,0.0,0.0,0.0,0.0,0.0,0.0,0.0,0.0,2
2020-09-20,18:30,Moreirense,Farense,2.0,0.0,H,1.0,0.0,H,2.0,4.0,0.0,1.0,20-21,7,10,0,0,0,0,0.0,0.0,0,0,0.0,0.0,0.0,0.0,12,8.0,19.0,0.0,0.0,0.0,0.0,0.0,0.0,-3,-11.0,0.0,0.0,0.0,0.0,0.0,0.0,0.0,0.0,2
2020-09-20,16:00,Santa Clara,Maritimo,2.0,0.0,H,0.0,0.0,D,2.0,1.0,0.0,0.0,20-21,6,10,0,0,0,0,0.0,0.0,0,0,0.0,0.0,0.0,0.0,19,10.0,11.0,0.0,0.0,0.0,0.0,0.0,0.0,-4,-1.0,0.0,0.0,0.0,0.0,0.0,0.0,0.0,0.0,2
2020-09-19,21:00,Porto,Sp Braga,3.0,1.0,H,2.0,1.0,H,0.0,0.0,0.0,0.0,20-21,5,10,0,0,0,0,0.0,0.0,0,0,0.0,0.0,0.0,0.0,7,1.0,3.0,0.0,0.0,0.0,0.0,0.0,0.0,-5,-2.0,0.0,0.0,0.0,0.0,0.0,0.0,0.0,0.0,2
2020-09-19,16:00,Nacional,Boavista,3.0,3.0,D,2.0,2.0,D,4.0,3.0,0.0,0.0,20-21,3,11,0,0,0,0,0.0,0.0,0,0,0.0,0.0,0.0,0.0,18,19.0,12.0,0.0,0.0,0.0,0.0,0.0,0.0,-8,7.0,0.0,0.0,0.0,0.0,0.0,0.0,0.0,0.0,2
2020-09-18,21:15,Guimaraes,Belenenses,0.0,1.0,A,0.0,0.0,D,1.0,4.0,0.0,0.0,20-21,2,16,0,0,0,0,0.0,0.0,0,0,0.0,0.0,0.0,0.0,8,7.0,15.0,0.0,0.0,0.0,0.0,0.0,0.0,-14,-8.0,0.0,0.0,0.0,0.0,0.0,0.0,0.0,0.0,2
2020-09-18,19:00,Famalicao,Benfica,1.0,5.0,A,0.0,3.0,A,1.0,2.0,0.0,0.0,20-21,1,11,0,0,0,0,0.0,0.0,0,0,0.0,0.0,0.0,0.0,21,6.0,2.0,0.0,0.0,0.0,0.0,0.0,0.0,-10,4.0,0.0,0.0,0.0,0.0,0.0,0.0,0.0,0.0,2
2020-07-26,19:30,Setubal,Belenenses,2.0,0.0,H,1.0,0.0,H,3.0,1.0,0.0,0.0,19-20,17,15,31,35,6,9,-18.0,-25.0,33,33,97.0,96.0,7.0,4.0,1,13.0,9.0,0.6,1.6,5.0,0.6,1.6,20.0,2,4.0,-15.0,7.0,0.9393939393939394,1.0606060606060606,-0.1212121212121211,-0.5454545454545454,-0.7575757575757576,0.21212121212121215,2
2020-07-26,19:30,Portimonense,Aves,2.0,0.0,H,0.0,0.0,D,2.0,3.0,0.0,0.0,19-20,17,18,30,17,6,5,-17.0,-42.0,33,33,79.0,91.0,2.0,7.0,3,11.0,14.0,1.0,1.2,15.0,0.2,2.4,9.0,-1,-3.0,6.0,25.0,0.9090909090909091,0.5151515151515151,0.3939393939393939,-0.5151515151515151,-1.2727272727272727,0.7575757575757576,2
2020-07-26,19:30,Moreirense,Tondela,1.0,2.0,A,0.0,1.0,A,3.0,2.0,0.0,0.0,19-20,8,15,43,33,10,8,-1.0,-15.0,33,33,73.0,80.0,3.0,4.0,12,6.0,15.0,0.8,1.4,18.0,1.0,1.6,16.0,-7,-9.0,2.0,14.0,1.303030303030303,1.0,0.303030303030303,-0.030303030303030304,-0.45454545454545453,0.4242424242424242,2
2020-07-25,21:15,Sp Braga,Porto,2.0,1.0,H,0.0,1.0,A,6.0,3.0,0.0,0.0,19-20,4,1,57,82,17,26,20.0,53.0,33,33,85.0,84.0,5.0,2.0,14,4.0,2.0,2.6,1.4,19.0,3.4,0.4,45.0,3,2.0,-26.0,-33.0,1.7272727272727273,2.484848484848485,-0.7575757575757576,0.6060606060606061,1.606060606060606,-0.9999999999999999,2
2020-07-25,21:15,Benfica,Sp Lisbon,2.0,1.0,H,1.0,0.0,H,4.0,3.0,0.0,0.0,19-20,2,3,74,60,23,18,44.0,16.0,33,33,68.0,88.0,2.0,3.0,6,1.0,3.0,2.0,0.8,36.0,0.6,0.6,19.0,-1,-2.0,17.0,28.0,2.242424242424242,1.8181818181818181,0.4242424242424241,1.3333333333333333,0.48484848484848486,0.8484848484848484,2
2020-07-25,19:00,Maritimo,Famalicao,3.0,3.0,D,1.0,1.0,D,5.0,3.0,2.0,2.0,19-20,13,6,38,53,9,14,-8.0,2.0,33,33,93.0,95.0,2.0,9.0,5,12.0,19.0,0.8,0.2,22.0,1.2,1.0,26.0,7,-7.0,-4.0,-10.0,1.1515151515151516,1.606060606060606,-0.45454545454545436,-0.24242424242424243,0.06060606060606061,-0.30303030303030304,2
2020-07-25,19:00,Boavista,Rio Ave,0.0,2.0,A,0.0,1.0,A,3.0,2.0,0.0,0.0,19-20,11,6,39,52,10,14,-9.0,10.0,33,33,107.0,66.0,7.0,7.0,11,8.0,7.0,1.0,1.6,8.0,1.6,1.4,21.0,5,1.0,-13.0,-19.0,1.1818181818181819,1.5757575757575757,-0.3939393939393938,-0.2727272727272727,0.30303030303030304,-0.5757575757575757,2
2020-07-24,21:15,Gil Vicente,Pacos Ferreira,3.0,3.0,D,2.0,2.0,D,3.0,2.0,0.0,0.0,19-20,10,13,42,38,11,11,-4.0,-16.0,33,33,69.0,110.0,3.0,6.0,20,19.0,19.0,1.4,1.2,27.0,1.4,2.0,25.0,-3,0.0,2.0,12.0,1.2727272727272727,1.1515151515151516,0.1212121212121211,-0.12121212121212122,-0.48484848484848486,0.36363636363636365,2
2020-07-24,19:00,Santa Clara,Guimaraes,2.0,2.0,D,2.0,1.0,H,4.0,3.0,1.0,0.0,19-20,10,7,42,49,11,13,-5.0,15.0,33,33,72.0,67.0,2.0,5.0,19,10.0,5.0,1.0,1.0,17.0,1.0,0.8,24.0,3,5.0,-7.0,-20.0,1.2727272727272727,1.4848484848484849,-0.21212121212121215,-0.15151515151515152,0.45454545454545453,-0.6060606060606061,2
2020-07-21,21:15,Aves,Benfica,0.0,4.0,A,0.0,1.0,A,1.0,0.0,0.0,0.0,19-20,18,2,17,71,5,22,-38.0,40.0,32,32,90.0,68.0,7.0,2.0,0,14.0,1.0,0.2,2.2,12.0,1.8,1.6,28.0,16,13.0,-16.0,-78.0,0.53125,2.21875,-1.6875,-1.1875,1.25,-2.4375,2
2020-07-21,19:00,Sp Lisbon,Setubal,0.0,0.0,D,0.0,0.0,D,1.0,3.0,0.0,0.0,19-20,3,17,59,30,18,6,16.0,-18.0,32,32,87.0,94.0,3.0,7.0,9,3.0,13.0,1.2,0.8,24.0,0.8,2.0,0.0,-14,-10.0,24.0,34.0,1.84375,0.9375,0.90625,0.5,-0.5625,1.0625,2
2020-07-20,21:15,Porto,Moreirense,6.0,1.0,H,1.0,1.0,D,1.0,1.0,0.0,0.0,19-20,1,8,79,43,25,10,48.0,4.0,32,32,83.0,72.0,2.0,3.0,7,2.0,6.0,3.0,0.2,45.0,0.8,0.4,27.0,-7,-4.0,18.0,44.0,2.46875,1.34375,1.125,1.5,0.125,1.375,2
2020-07-20,19:15,Tondela,Sp Braga,1.0,0.0,H,0.0,0.0,D,5.0,0.0,1.0,0.0,19-20,15,4,30,57,7,17,-16.0,21.0,32,32,75.0,85.0,3.0,5.0,15,15.0,4.0,1.0,2.2,2.0,3.2,1.6,29.0,11,11.0,-27.0,-37.0,0.9375,1.78125,-0.84375,-0.5,0.65625,-1.15625,2
2020-07-20,17:00,Pacos Ferreira,Portimonense,2.0,1.0,H,2.0,1.0,H,2.0,3.0,0.0,0.0,19-20,13,16,35,30,10,6,-17.0,-16.0,32,32,108.0,76.0,6.0,2.0,13,19.0,11.0,1.6,2.0,17.0,1.4,1.2,24.0,-3,8.0,-7.0,-1.0,1.09375,0.9375,0.15625,-0.53125,-0.5,-0.03125,2
2020-07-19,21:15,Guimaraes,Maritimo,1.0,0.0,H,1.0,0.0,H,2.0,4.0,0.0,0.0,19-20,7,12,46,38,12,9,14.0,-7.0,32,32,65.0,89.0,5.0,2.0,8,5.0,12.0,1.2,1.4,15.0,1.2,0.6,32.0,-5,-7.0,-17.0,21.0,1.4375,1.1875,0.25,0.4375,-0.21875,0.65625,2
2020-07-19,19:00,Belenenses,Gil Vicente,1.0,0.0,H,0.0,0.0,D,4.0,4.0,0.0,0.0,19-20,14,9,32,42,8,11,-26.0,-3.0,32,32,92.0,65.0,4.0,3.0,10,9.0,19.0,0.6,2.2,7.0,2.0,1.0,39.0,5,-10.0,-32.0,-23.0,1.0,1.3125,-0.3125,-0.8125,-0.09375,-0.71875,2
2020-07-18,21:15,Famalicao,Boavista,2.0,2.0,D,2.0,0.0,H,2.0,3.0,0.0,0.0,19-20,6,12,52,38,14,10,2.0,-9.0,32,32,93.0,104.0,9.0,7.0,21,19.0,8.0,1.0,0.8,29.0,0.6,2.0,6.0,-6,11.0,23.0,11.0,1.625,1.1875,0.4375,0.0625,-0.28125,0.34375,2
2020-07-18,19:00,Rio Ave,Santa Clara,2.0,2.0,D,1.0,1.0,D,3.0,2.0,0.0,0.0,19-20,6,10,51,41,14,11,10.0,-5.0,32,32,63.0,70.0,7.0,2.0,4,7.0,10.0,1.6,1.2,26.0,1.4,1.2,18.0,-4,-3.0,8.0,15.0,1.59375,1.28125,0.3125,0.3125,-0.15625,0.46875,2
2020-07-15,21:30,Porto,Sp Lisbon,2.0,0.0,H,0.0,0.0,D,4.0,2.0,0.0,0.0,19-20,1,3,76,59,24,18,46.0,18.0,31,31,79.0,85.0,2.0,3.0,7,2.0,3.0,2.6,0.2,43.0,1.6,0.4,37.0,-2,-1.0,6.0,28.0,2.4516129032258065,1.903225806451613,0.5483870967741935,1.4838709677419355,0.5806451612903226,0.9032258064516129,2
2020-07-15,19:15,Sp Braga,Belenenses,1.0,1.0,D,1.0,0.0,H,2.0,2.0,0.0,0.0,19-20,4,14,56,31,17,8,21.0,-26.0,31,31,83.0,90.0,5.0,4.0,14,4.0,9.0,3.0,1.4,34.0,0.6,2.4,3.0,-10,-5.0,31.0,47.0,1.8064516129032258,1.0,0.8064516129032258,0.6774193548387096,-0.8387096774193549,1.5161290322580645,2
2020-07-15,17:00,Moreirense,Pacos Ferreira,1.0,1.0,D,1.0,0.0,H,2.0,5.0,0.0,0.0,19-20,8,13,42,34,10,10,4.0,-17.0,31,31,70.0,103.0,3.0,6.0,12,6.0,19.0,0.8,0.4,31.0,1.8,2.0,21.0,-5,-13.0,10.0,21.0,1.3548387096774193,1.096774193548387,0.25806451612903225,0.12903225806451613,-0.5483870967741935,0.6774193548387096,2
2020-07-14,21:30,Gil Vicente,Tondela,3.0,2.0,H,1.0,0.0,H,2.0,4.0,0.0,0.0,19-20,10,15,39,30,10,7,-4.0,-15.0,31,31,63.0,71.0,3.0,3.0,20,19.0,15.0,1.6,1.0,33.0,0.6,2.0,3.0,-5,4.0,30.0,11.0,1.2580645161290323,0.967741935483871,0.29032258064516125,-0.12903225806451613,-0.4838709677419355,0.3548387096774194,2
2020-07-14,21:30,Benfica,Guimaraes,2.0,0.0,H,1.0,0.0,H,2.0,0.0,0.0,0.0,19-20,2,7,68,46,21,12,38.0,16.0,31,31,66.0,65.0,2.0,5.0,6,1.0,5.0,1.8,1.8,20.0,1.4,1.2,22.0,-5,-4.0,-2.0,22.0,2.193548387096774,1.4838709677419355,0.7096774193548385,1.2258064516129032,0.5161290322580645,0.7096774193548387,2
2020-07-14,19:15,Portimonense,Boavista,2.0,1.0,H,2.0,0.0,H,1.0,5.0,0.0,1.0,19-20,17,12,27,38,5,10,-17.0,-8.0,31,31,75.0,99.0,2.0,6.0,3,11.0,8.0,1.2,1.2,16.0,1.0,1.8,12.0,5,3.0,4.0,-9.0,0.8709677419354839,1.2258064516129032,-0.3548387096774194,-0.5483870967741935,-0.25806451612903225,-0.29032258064516125,2
2020-07-14,17:00,Santa Clara,Aves,3.0,0.0,H,2.0,0.0,H,0.0,1.0,0.0,0.0,19-20,11,18,38,17,10,5,-8.0,-35.0,31,31,70.0,89.0,2.0,7.0,19,10.0,14.0,1.0,1.4,7.0,0.2,1.6,16.0,-7,-4.0,-9.0,27.0,1.2258064516129032,0.5483870967741935,0.6774193548387097,-0.25806451612903225,-1.1290322580645162,0.870967741935484,2
2020-07-13,21:15,Setubal,Famalicao,1.0,2.0,A,1.0,1.0,D,4.0,4.0,0.0,0.0,19-20,16,6,30,49,6,13,-17.0,1.0,31,31,90.0,89.0,7.0,9.0,1,13.0,19.0,0.8,2.2,0.0,0.6,0.6,20.0,10,-6.0,-20.0,-18.0,0.967741935483871,1.5806451612903225,-0.6129032258064515,-0.5483870967741935,0.03225806451612903,-0.5806451612903225,2
2020-07-13,19:00,Maritimo,Rio Ave,0.0,0.0,D,0.0,0.0,D,0.0,2.0,0.0,0.0,19-20,12,5,37,50,9,14,-7.0,10.0,31,31,89.0,61.0,2.0,7.0,5,12.0,7.0,1.6,0.8,39.0,1.8,1.6,30.0,7,5.0,9.0,-17.0,1.1935483870967742,1.6129032258064515,-0.41935483870967727,-0.22580645161290322,0.3225806451612903,-0.5483870967741935,2
2020-07-11,19:15,Belenenses,Moreirense,0.0,1.0,A,0.0,0.0,D,4.0,2.0,0.0,0.0,19-20,14,8,31,39,8,9,-25.0,3.0,30,30,86.0,68.0,4.0,3.0,10,9.0,6.0,0.8,2.4,5.0,0.6,0.6,22.0,6,3.0,-17.0,-28.0,1.0333333333333334,1.3,-0.2666666666666666,-0.8333333333333334,0.1,-0.9333333333333333,2
2020-07-10,21:30,Pacos Ferreira,Sp Braga,1.0,5.0,A,0.0,3.0,A,5.0,3.0,0.0,0.0,19-20,13,4,34,53,10,16,-13.0,17.0,30,30,98.0,80.0,6.0,5.0,13,19.0,4.0,1.6,1.2,30.0,2.0,1.4,26.0,9,15.0,4.0,-30.0,1.1333333333333333,1.7666666666666666,-0.6333333333333333,-0.43333333333333335,0.5666666666666667,-1.0,2
2020-07-10,19:15,Sp Lisbon,Santa Clara,1.0,0.0,H,0.0,0.0,D,4.0,2.0,0.0,0.0,19-20,3,10,56,38,17,10,17.0,-7.0,30,30,81.0,68.0,3.0,2.0,9,3.0,10.0,1.6,0.4,35.0,1.4,1.6,12.0,-7,-7.0,23.0,24.0,1.8666666666666667,1.2666666666666666,0.6000000000000001,0.5666666666666667,-0.23333333333333334,0.8,2
2020-07-10,17:00,Guimaraes,Gil Vicente,1.0,2.0,A,0.0,0.0,D,2.0,0.0,0.0,0.0,19-20,7,12,46,36,12,9,17.0,-5.0,30,30,63.0,63.0,5.0,3.0,8,5.0,19.0,1.4,1.0,30.0,1.4,1.4,24.0,-5,-14.0,6.0,22.0,1.5333333333333334,1.2,0.3333333333333335,0.5666666666666667,-0.16666666666666666,0.7333333333333333,2
2020-07-09,21:30,Famalicao,Benfica,1.0,1.0,D,0.0,1.0,A,2.0,3.0,0.0,0.0,19-20,6,2,48,67,13,21,1.0,38.0,30,30,87.0,63.0,9.0,2.0,21,19.0,1.0,1.0,0.6,23.0,2.0,2.0,22.0,4,18.0,1.0,-37.0,1.6,2.2333333333333334,-0.6333333333333333,0.03333333333333333,1.2666666666666666,-1.2333333333333332,2
2020-07-09,19:15,Tondela,Porto,1.0,3.0,A,0.0,0.0,D,3.0,4.0,0.0,0.0,19-20,15,1,30,73,7,23,-13.0,44.0,30,30,68.0,75.0,3.0,2.0,15,15.0,2.0,0.8,1.4,7.0,2.2,0.0,41.0,14,13.0,-34.0,-57.0,1.0,2.433333333333333,-1.4333333333333331,-0.43333333333333335,1.4666666666666666,-1.9,2
2020-07-09,17:00,Rio Ave,Portimonense,2.0,1.0,H,1.0,1.0,D,1.0,2.0,0.0,0.0,19-20,6,17,47,27,13,5,9.0,-16.0,30,30,60.0,73.0,7.0,2.0,4,7.0,11.0,1.6,1.4,24.0,1.4,1.2,24.0,-11,-4.0,0.0,25.0,1.5666666666666667,0.9,0.6666666666666666,0.3,-0.5333333333333333,0.8333333333333333,2
2020-07-08,21:15,Aves,Setubal,1.0,0.0,H,1.0,0.0,H,5.0,4.0,1.0,1.0,19-20,18,16,14,30,4,6,-36.0,-16.0,30,30,84.0,86.0,6.0,6.0,0,14.0,13.0,0.0,2.0,2.0,1.2,2.4,1.0,2,1.0,1.0,-20.0,0.4666666666666667,1.0,-0.5333333333333333,-1.2,-0.5333333333333333,-0.6666666666666666,2
2020-07-08,19:00,Boavista,Maritimo,0.0,1.0,A,0.0,1.0,A,3.0,1.0,2.0,0.0,19-20,10,12,38,34,10,8,-7.0,-8.0,30,30,96.0,88.0,4.0,2.0,11,8.0,12.0,1.2,1.6,21.0,1.4,1.0,33.0,-2,-4.0,-12.0,1.0,1.2666666666666666,1.1333333333333333,0.1333333333333333,-0.23333333333333334,-0.26666666666666666,0.033333333333333326,2
2020-07-06,21:00,Moreirense,Sp Lisbon,0.0,0.0,D,0.0,0.0,D,3.0,4.0,1.0,0.0,19-20,8,3,38,55,9,17,3.0,17.0,29,29,65.0,77.0,2.0,3.0,12,6.0,3.0,0.8,0.6,25.0,2.0,0.8,43.0,5,3.0,-18.0,-14.0,1.3103448275862069,1.896551724137931,-0.5862068965517242,0.10344827586206896,0.5862068965517241,-0.48275862068965514,2
2020-07-05,21:30,Porto,Belenenses,5.0,0.0,H,1.0,0.0,H,2.0,3.0,0.0,0.0,19-20,1,14,70,31,22,8,39.0,-20.0,29,29,73.0,83.0,2.0,4.0,7,2.0,9.0,1.4,0.4,36.0,1.2,1.4,10.0,-13,-7.0,26.0,59.0,2.413793103448276,1.0689655172413792,1.3448275862068966,1.3448275862068966,-0.6896551724137931,2.0344827586206895,2
2020-07-05,19:15,Tondela,Famalicao,0.0,1.0,A,0.0,0.0,D,3.0,5.0,0.0,1.0,19-20,15,7,30,45,7,12,-12.0,0.0,29,29,65.0,82.0,3.0,8.0,15,15.0,19.0,0.8,1.2,12.0,1.2,0.8,16.0,8,-4.0,-4.0,-12.0,1.0344827586206897,1.5517241379310345,-0.5172413793103448,-0.41379310344827586,0.0,-0.41379310344827586,2
2020-07-05,17:00,Gil Vicente,Rio Ave,1.0,0.0,H,1.0,0.0,H,0.0,0.0,0.0,0.0,19-20,13,5,33,47,8,13,-6.0,10.0,29,29,63.0,60.0,3.0,7.0,20,19.0,7.0,1.2,1.6,12.0,2.0,1.8,33.0,8,12.0,-21.0,-16.0,1.1379310344827587,1.6206896551724137,-0.482758620689655,-0.20689655172413793,0.3448275862068966,-0.5517241379310345,2
2020-07-04,21:30,Sp Braga,Aves,4.0,0.0,H,0.0,0.0,D,1.0,1.0,0.0,0.0,19-20,4,18,50,14,15,4,13.0,-32.0,29,29,79.0,83.0,5.0,6.0,14,4.0,14.0,1.6,2.0,15.0,0.0,1.6,3.0,-14,-10.0,12.0,45.0,1.7241379310344827,0.4827586206896552,1.2413793103448274,0.4482758620689655,-1.103448275862069,1.5517241379310345,2
2020-07-04,21:15,Benfica,Boavista,3.0,1.0,H,3.0,0.0,H,1.0,2.0,0.0,0.0,19-20,2,9,64,38,20,10,36.0,-5.0,29,29,62.0,94.0,2.0,4.0,6,1.0,8.0,1.4,1.8,12.0,1.0,1.2,30.0,-7,-7.0,-18.0,41.0,2.206896551724138,1.3103448275862069,0.896551724137931,1.2413793103448276,-0.1724137931034483,1.4137931034482758,2
2020-07-04,19:15,Portimonense,Guimaraes,0.0,1.0,A,0.0,0.0,D,1.0,1.0,0.0,0.0,19-20,17,7,27,43,5,11,-15.0,16.0,29,29,72.0,62.0,2.0,5.0,3,11.0,5.0,1.6,1.0,35.0,1.6,1.4,21.0,10,6.0,14.0,-31.0,0.9310344827586207,1.4827586206896552,-0.5517241379310346,-0.5172413793103449,0.5517241379310345,-1.0689655172413794,2
2020-07-04,17:00,Setubal,Pacos Ferreira,2.0,3.0,A,2.0,0.0,H,1.0,2.0,0.0,0.0,19-20,16,13,30,31,6,9,-15.0,-14.0,29,29,85.0,96.0,6.0,6.0,1,13.0,19.0,1.0,2.0,3.0,1.6,1.2,24.0,3,-6.0,-21.0,-1.0,1.0344827586206897,1.0689655172413792,-0.0344827586206895,-0.5172413793103449,-0.4827586206896552,-0.03448275862068967,2
2020-07-03,19:15,Santa Clara,Maritimo,0.0,1.0,A,0.0,0.0,D,2.0,2.0,0.0,0.0,19-20,10,12,38,31,10,7,-6.0,-9.0,29,29,66.0,86.0,2.0,2.0,19,10.0,12.0,2.0,1.8,20.0,1.4,1.2,25.0,-2,-2.0,-5.0,3.0,1.3103448275862069,1.0689655172413792,0.24137931034482762,-0.20689655172413793,-0.3103448275862069,0.10344827586206898,2
2020-07-01,21:15,Sp Lisbon,Gil Vicente,2.0,1.0,H,1.0,0.0,H,0.0,2.0,0.0,0.0,19-20,3,11,52,33,16,8,16.0,-5.0,28,28,77.0,61.0,3.0,3.0,9,3.0,19.0,2.0,0.6,41.0,1.2,1.4,16.0,-8,-16.0,25.0,21.0,1.8571428571428572,1.1785714285714286,0.6785714285714286,0.5714285714285714,-0.17857142857142858,0.75,2
2020-07-01,19:00,Belenenses,Tondela,1.0,1.0,D,1.0,1.0,D,3.0,5.0,0.0,1.0,19-20,15,16,30,29,8,7,-20.0,-12.0,28,28,80.0,60.0,4.0,2.0,10,9.0,15.0,1.0,1.2,10.0,0.8,1.2,12.0,-1,-6.0,-2.0,-8.0,1.0714285714285714,1.0357142857142858,0.03571428571428559,-0.7142857142857143,-0.42857142857142855,-0.28571428571428575,2
2020-06-30,21:30,Rio Ave,Sp Braga,4.0,3.0,H,3.0,2.0,H,2.0,2.0,0.0,1.0,19-20,6,4,44,50,12,15,9.0,14.0,28,28,58.0,77.0,7.0,4.0,4,7.0,4.0,1.4,1.4,25.0,1.6,1.4,22.0,2,3.0,3.0,-5.0,1.5714285714285714,1.7857142857142858,-0.2142857142857144,0.32142857142857145,0.5,-0.17857142857142855,2
2020-06-30,19:15,Guimaraes,Setubal,2.0,0.0,H,1.0,0.0,H,0.0,1.0,0.0,3.0,19-20,7,14,40,30,10,6,14.0,-13.0,28,28,62.0,84.0,5.0,3.0,8,5.0,13.0,1.6,1.6,12.0,1.2,1.8,6.0,-7,-8.0,6.0,27.0,1.4285714285714286,1.0714285714285714,0.3571428571428572,0.5,-0.4642857142857143,0.9642857142857143,2
2020-06-30,17:00,Famalicao,Portimonense,0.0,1.0,A,0.0,1.0,A,4.0,2.0,0.0,0.0,19-20,5,17,45,24,12,4,1.0,-16.0,28,28,78.0,70.0,8.0,2.0,21,19.0,11.0,1.2,0.6,25.0,1.6,1.6,28.0,-12,8.0,-3.0,17.0,1.6071428571428572,0.8571428571428571,0.7500000000000001,0.03571428571428571,-0.5714285714285714,0.6071428571428571,2
2020-06-29,21:15,Pacos Ferreira,Porto,0.0,1.0,A,0.0,1.0,A,3.0,3.0,0.0,0.0,19-20,13,1,31,67,9,21,-13.0,38.0,28,28,93.0,70.0,6.0,2.0,13,19.0,2.0,1.8,1.4,33.0,1.4,0.6,29.0,12,17.0,4.0,-51.0,1.1071428571428572,2.392857142857143,-1.2857142857142856,-0.4642857142857143,1.3571428571428572,-1.8214285714285716,2
2020-06-29,18:00,Maritimo,Benfica,2.0,0.0,H,0.0,0.0,D,3.0,1.0,0.0,0.0,19-20,16,2,28,64,6,20,-11.0,38.0,28,28,83.0,61.0,2.0,2.0,5,12.0,1.0,1.0,1.6,14.0,1.6,1.6,18.0,14,11.0,-4.0,-49.0,1.0,2.2857142857142856,-1.2857142857142856,-0.39285714285714285,1.3571428571428572,-1.75,2
2020-06-29,17:00,Aves,Moreirense,0.0,1.0,A,0.0,0.0,D,2.0,1.0,0.0,0.0,19-20,18,10,14,35,4,8,-31.0,2.0,28,28,81.0,64.0,6.0,2.0,0,14.0,6.0,0.0,1.8,4.0,1.0,0.6,18.0,8,8.0,-14.0,-33.0,0.5,1.25,-0.75,-1.1071428571428572,0.07142857142857142,-1.1785714285714286,2
2020-06-28,21:00,Boavista,Santa Clara,1.0,0.0,H,1.0,0.0,H,3.0,2.0,0.0,0.0,19-20,10,8,35,38,9,10,-6.0,-5.0,28,28,91.0,64.0,4.0,2.0,11,8.0,10.0,1.0,1.4,22.0,2.2,1.8,29.0,2,-2.0,-7.0,-1.0,1.25,1.3571428571428572,-0.1071428571428572,-0.21428571428571427,-0.17857142857142858,-0.0357142857142857,2
2020-06-26,19:15,Belenenses,Sp Lisbon,1.0,3.0,A,1.0,3.0,A,4.0,1.0,0.0,0.0,19-20,14,4,30,49,8,15,-18.0,14.0,27,27,76.0,76.0,4.0,3.0,10,9.0,3.0,0.8,0.6,16.0,1.6,1.0,36.0,10,6.0,-20.0,-32.0,1.1111111111111112,1.8148148148148149,-0.7037037037037037,-0.6666666666666666,0.5185185185185185,-1.1851851851851851,2
2020-06-25,21:00,Sp Braga,Guimaraes,3.0,2.0,H,2.0,2.0,D,2.0,2.0,0.0,0.0,19-20,4,7,47,40,14,10,13.0,15.0,27,27,75.0,60.0,4.0,5.0,14,4.0,5.0,1.4,1.2,14.0,1.6,1.0,21.0,-3,-1.0,-7.0,-2.0,1.7407407407407407,1.4814814814814814,0.2592592592592593,0.48148148148148145,0.5555555555555556,-0.07407407407407413,2
2020-06-24,21:15,Moreirense,Famalicao,1.0,1.0,D,0.0,0.0,D,3.0,3.0,0.0,0.0,19-20,10,6,34,44,8,12,2.0,1.0,27,27,61.0,75.0,2.0,8.0,12,6.0,19.0,1.0,0.6,21.0,1.6,0.6,31.0,4,-13.0,-10.0,1.0,1.2592592592592593,1.6296296296296295,-0.37037037037037024,0.07407407407407407,0.037037037037037035,0.037037037037037035,2
2020-06-24,19:00,Tondela,Pacos Ferreira,1.0,3.0,A,0.0,2.0,A,3.0,4.0,0.0,0.0,19-20,14,16,29,28,7,8,-10.0,-15.0,27,27,57.0,89.0,2.0,6.0,15,15.0,19.0,0.6,1.0,17.0,1.8,1.4,27.0,-2,-4.0,-10.0,5.0,1.0740740740740742,1.037037037037037,0.0370370370370372,-0.37037037037037035,-0.5555555555555556,0.18518518518518523,2
2020-06-23,21:15,Porto,Boavista,4.0,0.0,H,0.0,0.0,D,2.0,3.0,0.0,0.0,19-20,2,9,64,35,20,9,34.0,-2.0,27,27,68.0,88.0,2.0,4.0,7,2.0,8.0,1.0,0.6,22.0,1.0,0.8,29.0,-7,-6.0,-7.0,36.0,2.3703703703703702,1.2962962962962963,1.074074074074074,1.2592592592592593,-0.07407407407407407,1.3333333333333335,2
2020-06-23,19:15,Benfica,Santa Clara,3.0,4.0,A,0.0,1.0,A,2.0,1.0,0.0,0.0,19-20,1,9,64,35,20,9,39.0,-6.0,27,27,59.0,63.0,2.0,2.0,6,1.0,10.0,1.2,1.0,25.0,1.4,1.6,20.0,-8,-9.0,5.0,45.0,2.3703703703703702,1.2962962962962963,1.074074074074074,1.4444444444444444,-0.2222222222222222,1.6666666666666665,2
2020-06-23,19:00,Setubal,Rio Ave,1.0,2.0,A,1.0,1.0,D,2.0,0.0,1.0,0.0,19-20,12,6,30,41,6,11,-12.0,8.0,27,27,82.0,58.0,2.0,7.0,1,13.0,7.0,1.0,1.4,10.0,1.0,1.2,15.0,6,6.0,-5.0,-20.0,1.1111111111111112,1.5185185185185186,-0.40740740740740744,-0.4444444444444444,0.2962962962962963,-0.7407407407407407,2
2020-06-22,21:00,Portimonense,Maritimo,3.0,2.0,H,2.0,0.0,H,5.0,1.0,0.0,0.0,19-20,17,15,21,28,3,6,-17.0,-10.0,27,27,65.0,82.0,2.0,2.0,3,11.0,12.0,1.0,1.2,19.0,0.8,1.4,18.0,2,-1.0,1.0,-7.0,0.7777777777777778,1.037037037037037,-0.2592592592592592,-0.6296296296296297,-0.37037037037037035,-0.2592592592592593,2
2020-06-21,21:00,Gil Vicente,Aves,3.0,0.0,H,2.0,0.0,H,1.0,3.0,0.0,0.0,19-20,11,18,30,14,7,4,-8.0,-28.0,27,27,60.0,78.0,3.0,6.0,20,19.0,14.0,0.8,1.4,5.0,0.2,1.8,5.0,-7,5.0,0.0,20.0,1.1111111111111112,0.5185185185185185,0.5925925925925927,-0.2962962962962963,-1.037037037037037,0.7407407407407407,2
2020-06-19,21:15,Famalicao,Sp Braga,0.0,0.0,D,0.0,0.0,D,3.0,1.0,1.0,0.0,19-20,5,4,43,46,12,14,1.0,13.0,26,26,72.0,74.0,7.0,4.0,21,19.0,4.0,1.8,1.0,36.0,2.0,1.4,18.0,1,15.0,18.0,-12.0,1.6538461538461537,1.7692307692307692,-0.11538461538461542,0.038461538461538464,0.5,-0.46153846153846156,1
2020-06-19,19:00,Guimaraes,Moreirense,1.0,1.0,D,1.0,0.0,H,3.0,0.0,1.0,0.0,19-20,7,10,39,33,10,8,15.0,2.0,26,26,57.0,61.0,4.0,2.0,8,5.0,6.0,1.8,0.8,27.0,1.2,0.6,26.0,-3,-1.0,1.0,13.0,1.5,1.2692307692307692,0.23076923076923084,0.5769230769230769,0.07692307692307693,0.49999999999999994,1
2020-06-18,21:15,Sp Lisbon,Tondela,2.0,0.0,H,2.0,0.0,H,0.0,3.0,0.0,0.0,19-20,4,14,46,29,14,7,12.0,-8.0,26,26,76.0,54.0,3.0,2.0,9,3.0,15.0,1.6,1.0,31.0,0.8,1.0,22.0,-10,-12.0,9.0,20.0,1.7692307692307692,1.1153846153846154,0.6538461538461537,0.46153846153846156,-0.3076923076923077,0.7692307692307693,1
2020-06-18,19:00,Boavista,Setubal,3.0,1.0,H,2.0,0.0,H,4.0,2.0,0.0,0.0,19-20,10,12,32,30,8,6,-4.0,-10.0,26,26,84.0,80.0,4.0,2.0,11,8.0,13.0,0.4,1.0,18.0,1.0,1.4,14.0,-2,-5.0,4.0,6.0,1.2307692307692308,1.1538461538461537,0.0769230769230771,-0.15384615384615385,-0.38461538461538464,0.23076923076923078,1
2020-06-17,21:15,Rio Ave,Benfica,1.0,2.0,A,1.0,0.0,H,3.0,2.0,3.0,0.0,19-20,6,2,41,61,11,19,9.0,38.0,26,26,55.0,57.0,4.0,2.0,4,7.0,1.0,1.2,1.0,23.0,1.0,0.8,17.0,4,6.0,6.0,-29.0,1.5769230769230769,2.3461538461538463,-0.7692307692307694,0.34615384615384615,1.4615384615384615,-1.1153846153846154,1
2020-06-17,19:00,Pacos Ferreira,Belenenses,2.0,1.0,H,0.0,1.0,A,5.0,3.0,0.0,0.0,19-20,16,13,25,30,7,8,-16.0,-17.0,26,26,84.0,73.0,6.0,4.0,13,19.0,9.0,1.8,1.4,21.0,0.8,0.2,25.0,3,10.0,-4.0,1.0,0.9615384615384616,1.1538461538461537,-0.19230769230769218,-0.6153846153846154,-0.6538461538461539,0.038461538461538436,1
2020-06-16,21:15,Aves,Porto,0.0,0.0,D,0.0,0.0,D,6.0,3.0,0.0,0.0,19-20,18,1,13,63,4,20,-28.0,34.0,26,26,72.0,65.0,6.0,2.0,0,14.0,2.0,0.2,2.2,0.0,1.2,0.6,27.0,17,12.0,-27.0,-62.0,0.5,2.423076923076923,-1.923076923076923,-1.0769230769230769,1.3076923076923077,-2.3846153846153846,1
2020-06-16,19:00,Santa Clara,Portimonense,1.0,1.0,D,0.0,0.0,D,2.0,4.0,1.0,0.0,19-20,8,17,34,20,9,3,-6.0,-17.0,26,26,61.0,61.0,1.0,2.0,19,10.0,11.0,1.4,1.8,20.0,0.8,1.2,19.0,-9,-1.0,1.0,11.0,1.3076923076923077,0.7692307692307693,0.5384615384615384,-0.23076923076923078,-0.6538461538461539,0.4230769230769231,1
2020-06-15,19:00,Maritimo,Gil Vicente,2.0,1.0,H,2.0,1.0,H,2.0,0.0,0.0,0.0,19-20,15,11,25,30,5,7,-11.0,-7.0,26,26,80.0,60.0,2.0,3.0,5,12.0,19.0,0.4,1.4,4.0,0.6,1.2,9.0,4,-7.0,-5.0,-4.0,0.9615384615384616,1.1538461538461537,-0.19230769230769218,-0.4230769230769231,-0.2692307692307692,-0.15384615384615385,1
2020-06-13,21:00,Sp Braga,Boavista,0.0,1.0,A,0.0,0.0,D,2.0,3.0,0.0,0.0,19-20,3,13,46,29,14,7,14.0,-5.0,25,25,72.0,81.0,4.0,4.0,14,4.0,8.0,2.2,1.2,30.0,0.4,1.4,4.0,-10,-4.0,26.0,19.0,1.84,1.16,0.6800000000000002,0.56,-0.2,0.76,1
2020-06-12,21:15,Sp Lisbon,Pacos Ferreira,1.0,0.0,H,0.0,0.0,D,2.0,2.0,0.0,0.0,19-20,4,16,43,25,13,7,11.0,-15.0,25,25,74.0,82.0,3.0,6.0,9,3.0,19.0,1.6,1.2,24.0,1.8,1.8,30.0,-12,-16.0,-6.0,26.0,1.72,1.0,0.72,0.44,-0.6,1.04,1
2020-06-12,19:00,Moreirense,Rio Ave,0.0,1.0,A,0.0,1.0,A,0.0,0.0,0.0,0.0,19-20,9,7,33,38,8,10,3.0,8.0,25,25,61.0,55.0,2.0,4.0,12,6.0,7.0,1.4,0.6,37.0,1.2,1.2,14.0,2,-1.0,23.0,-5.0,1.32,1.52,-0.19999999999999996,0.12,0.32,-0.2,1
2020-06-11,21:15,Tondela,Aves,2.0,0.0,H,1.0,0.0,H,3.0,2.0,0.0,1.0,19-20,14,18,26,13,6,4,-10.0,-26.0,25,25,51.0,70.0,2.0,5.0,15,15.0,14.0,0.4,1.2,9.0,0.4,2.0,1.0,-4,1.0,8.0,16.0,1.04,0.52,0.52,-0.4,-1.04,0.64,1
2020-06-11,19:00,Belenenses,Guimaraes,1.0,1.0,D,1.0,1.0,D,2.0,1.0,0.0,0.0,19-20,13,6,29,38,8,10,-17.0,15.0,25,25,71.0,56.0,4.0,4.0,10,9.0,5.0,1.0,0.2,31.0,1.8,1.0,32.0,7,4.0,-1.0,-32.0,1.16,1.52,-0.3600000000000001,-0.68,0.6,-1.28,1
2020-06-10,21:30,Porto,Maritimo,1.0,0.0,H,1.0,0.0,H,4.0,3.0,0.0,0.0,19-20,2,15,60,25,19,5,33.0,-10.0,25,25,61.0,77.0,2.0,2.0,7,2.0,12.0,1.4,0.8,22.0,1.0,1.2,8.0,-13,-10.0,14.0,43.0,2.4,1.0,1.4,1.32,-0.4,1.7200000000000002,1
2020-06-10,19:15,Portimonense,Benfica,2.0,2.0,D,0.0,2.0,A,5.0,3.0,0.0,0.0,19-20,17,1,19,60,3,19,-17.0,38.0,25,25,56.0,54.0,2.0,2.0,3,11.0,1.0,0.6,1.0,19.0,0.6,0.6,18.0,16,10.0,1.0,-55.0,0.76,2.4,-1.64,-0.68,1.52,-2.2,1
2020-06-10,17:00,Setubal,Santa Clara,2.0,2.0,D,1.0,1.0,D,6.0,1.0,0.0,0.0,19-20,12,9,29,33,6,9,-10.0,-6.0,25,25,74.0,60.0,2.0,1.0,1,13.0,10.0,0.8,1.4,12.0,1.2,1.4,22.0,3,3.0,-10.0,-4.0,1.16,1.32,-0.16000000000000014,-0.4,-0.24,-0.16000000000000003,1
2020-06-09,21:00,Gil Vicente,Famalicao,1.0,3.0,A,0.0,2.0,A,2.0,3.0,0.0,0.0,19-20,10,5,30,40,7,11,-5.0,-1.0,25,25,58.0,69.0,3.0,7.0,20,19.0,19.0,0.8,0.8,16.0,1.4,1.0,29.0,5,0.0,-13.0,-4.0,1.2,1.6,-0.40000000000000013,-0.2,-0.04,-0.16,1
2020-06-07,21:00,Rio Ave,Pacos Ferreira,2.0,3.0,A,1.0,2.0,A,4.0,5.0,1.0,1.0,19-20,7,16,38,22,10,6,9.0,-16.0,24,24,51.0,77.0,3.0,5.0,4,7.0,19.0,1.6,0.6,23.0,1.2,1.6,21.0,-9,-12.0,2.0,25.0,1.5833333333333333,0.9166666666666666,0.6666666666666666,0.375,-0.6666666666666666,1.0416666666666665,1
2020-06-06,21:15,Boavista,Moreirense,0.0,1.0,A,0.0,0.0,D,4.0,6.0,1.0,0.0,19-20,11,9,29,30,7,7,-4.0,2.0,24,24,77.0,55.0,3.0,2.0,11,8.0,6.0,0.6,1.2,8.0,1.4,0.8,31.0,2,2.0,-23.0,-6.0,1.2083333333333333,1.25,-0.04166666666666674,-0.16666666666666666,0.08333333333333333,-0.25,1
2020-06-05,21:15,Aves,Belenenses,0.0,2.0,A,0.0,2.0,A,5.0,2.0,0.0,0.0,19-20,18,14,13,26,4,7,-24.0,-19.0,24,24,65.0,69.0,5.0,4.0,0,14.0,9.0,0.4,2.4,2.0,0.6,0.6,24.0,4,5.0,-22.0,-5.0,0.5416666666666666,1.0833333333333333,-0.5416666666666666,-1.0,-0.7916666666666666,-0.20833333333333337,1
2020-06-05,20:00,Santa Clara,Sp Braga,3.0,2.0,H,1.0,1.0,D,5.0,2.0,0.0,1.0,19-20,10,3,30,46,8,14,-7.0,15.0,24,24,55.0,70.0,1.0,3.0,19,10.0,4.0,1.0,1.0,14.0,2.2,1.0,43.0,7,6.0,-29.0,-22.0,1.25,1.9166666666666667,-0.6666666666666667,-0.2916666666666667,0.625,-0.9166666666666667,1
2020-06-04,21:15,Guimaraes,Sp Lisbon,2.0,2.0,D,1.0,1.0,D,4.0,2.0,1.0,0.0,19-20,7,4,37,42,10,13,15.0,11.0,24,24,52.0,72.0,3.0,3.0,8,5.0,3.0,2.8,0.6,39.0,1.6,1.0,29.0,3,2.0,10.0,4.0,1.5416666666666667,1.75,-0.20833333333333326,0.625,0.4583333333333333,0.16666666666666669,1
2020-06-04,19:15,Benfica,Tondela,0.0,0.0,D,0.0,0.0,D,1.0,0.0,0.0,0.0,19-20,2,14,59,25,19,6,38.0,-10.0,24,24,53.0,51.0,2.0,2.0,6,1.0,15.0,1.0,1.2,18.0,0.4,1.2,6.0,-12,-14.0,12.0,48.0,2.4583333333333335,1.0416666666666667,1.4166666666666667,1.5833333333333333,-0.4166666666666667,2.0,1
2020-06-04,18:00,Maritimo,Setubal,1.0,1.0,D,1.0,0.0,H,3.0,1.0,0.0,0.0,19-20,15,12,24,28,5,6,-10.0,-10.0,24,24,74.0,73.0,2.0,2.0,5,12.0,13.0,0.8,1.0,7.0,0.8,1.4,10.0,3,-1.0,-3.0,0.0,1.0,1.1666666666666667,-0.16666666666666674,-0.4166666666666667,-0.4166666666666667,0.0,1
2020-06-03,21:15,Famalicao,Porto,2.0,1.0,H,0.0,0.0,D,4.0,1.0,0.0,0.0,19-20,7,1,37,60,10,19,-2.0,34.0,24,24,65.0,60.0,7.0,2.0,21,19.0,2.0,1.0,2.2,19.0,1.8,0.8,35.0,6,17.0,-16.0,-36.0,1.5416666666666667,2.5,-0.9583333333333333,-0.08333333333333333,1.4166666666666667,-1.5,1
2020-06-03,19:00,Portimonense,Gil Vicente,1.0,0.0,H,0.0,0.0,D,0.0,2.0,0.0,0.0,19-20,17,9,16,30,2,7,-18.0,-4.0,24,24,56.0,56.0,2.0,3.0,3,11.0,19.0,0.6,1.4,6.0,1.2,1.0,24.0,8,-8.0,-18.0,-14.0,0.6666666666666666,1.25,-0.5833333333333334,-0.75,-0.16666666666666666,-0.5833333333333334,1
2020-03-08,20:00,Pacos Ferreira,Guimaraes,1.0,2.0,A,1.0,0.0,H,2.0,2.0,0.0,0.0,19-20,16,7,22,34,6,9,-15.0,14.0,23,23,75.0,50.0,5.0,3.0,13,19.0,5.0,1.2,1.6,27.0,2.4,0.8,33.0,9,14.0,-6.0,-29.0,0.9565217391304348,1.4782608695652173,-0.5217391304347825,-0.6521739130434783,0.6086956521739131,-1.2608695652173914,0
2020-03-08,17:30,Sp Lisbon,Aves,2.0,0.0,H,0.0,0.0,D,1.0,2.0,0.0,2.0,19-20,4,18,39,13,12,4,9.0,-22.0,23,23,71.0,63.0,3.0,3.0,9,3.0,14.0,1.2,1.2,21.0,0.8,2.2,6.0,-14,-11.0,15.0,31.0,1.6956521739130435,0.5652173913043478,1.1304347826086958,0.391304347826087,-0.9565217391304348,1.3478260869565217,0
2020-03-08,17:00,Gil Vicente,Santa Clara,1.0,1.0,D,0.0,0.0,D,1.0,0.0,0.0,0.0,19-20,9,11,29,29,7,8,-4.0,-7.0,23,23,55.0,55.0,3.0,1.0,20,19.0,10.0,1.2,1.8,26.0,1.2,1.0,18.0,-2,9.0,8.0,3.0,1.2608695652173914,1.2608695652173914,0.0,-0.17391304347826086,-0.30434782608695654,0.13043478260869568,0
2020-03-08,15:00,Moreirense,Maritimo,2.0,0.0,H,1.0,0.0,H,0.0,4.0,0.0,0.0,19-20,12,15,27,24,6,5,0.0,-8.0,23,23,55.0,70.0,2.0,2.0,12,6.0,12.0,2.0,1.0,25.0,1.0,1.0,11.0,-3,-6.0,14.0,8.0,1.173913043478261,1.0434782608695652,0.1304347826086958,0.0,-0.34782608695652173,0.34782608695652173,0
2020-03-08,15:00,Belenenses,Famalicao,0.0,0.0,D,0.0,0.0,D,1.0,3.0,0.0,0.0,19-20,14,6,25,36,7,10,-19.0,-2.0,23,23,68.0,62.0,4.0,7.0,10,9.0,19.0,1.0,1.2,26.0,1.4,2.6,19.0,8,-10.0,7.0,-17.0,1.0869565217391304,1.565217391304348,-0.4782608695652175,-0.8260869565217391,-0.08695652173913043,-0.7391304347826086,0
2020-03-07,20:30,Porto,Rio Ave,1.0,1.0,D,1.0,1.0,D,1.0,4.0,0.0,0.0,19-20,2,5,59,37,19,10,34.0,9.0,23,23,59.0,47.0,2.0,3.0,7,2.0,7.0,2.4,0.6,45.0,1.8,0.8,27.0,-3,-5.0,18.0,25.0,2.5652173913043477,1.608695652173913,0.9565217391304346,1.4782608695652173,0.391304347826087,1.0869565217391304,0
2020-03-07,18:00,Setubal,Benfica,1.0,1.0,D,0.0,0.0,D,4.0,3.0,0.0,0.0,19-20,12,2,27,58,6,19,-10.0,38.0,23,23,69.0,50.0,2.0,2.0,1,13.0,1.0,0.6,2.0,7.0,1.4,1.4,20.0,10,12.0,-13.0,-48.0,1.173913043478261,2.5217391304347827,-1.3478260869565217,-0.43478260869565216,1.6521739130434783,-2.0869565217391304,0
2020-03-07,15:30,Tondela,Boavista,1.0,1.0,D,1.0,1.0,D,0.0,2.0,0.0,0.0,19-20,15,10,24,28,6,7,-10.0,-4.0,23,23,51.0,75.0,2.0,3.0,15,15.0,8.0,0.4,1.0,5.0,0.8,1.0,9.0,5,7.0,-4.0,-6.0,1.0434782608695652,1.2173913043478262,-0.17391304347826098,-0.43478260869565216,-0.17391304347826086,-0.2608695652173913,0
2020-03-06,20:30,Sp Braga,Portimonense,3.0,1.0,H,2.0,0.0,H,0.0,3.0,0.0,0.0,19-20,3,17,43,16,13,2,13.0,-16.0,23,23,70.0,53.0,3.0,2.0,14,4.0,11.0,1.8,0.8,41.0,0.4,1.0,8.0,-14,-7.0,33.0,29.0,1.8695652173913044,0.6956521739130435,1.173913043478261,0.5652173913043478,-0.6956521739130435,1.2608695652173911,0
2020-03-03,20:00,Famalicao,Sp Lisbon,3.0,1.0,H,2.0,1.0,H,3.0,3.0,0.0,0.0,19-20,7,4,33,39,9,12,-4.0,11.0,22,22,59.0,68.0,7.0,3.0,21,19.0,3.0,0.8,2.6,6.0,1.2,0.6,31.0,3,16.0,-25.0,-15.0,1.5,1.7727272727272727,-0.2727272727272727,-0.18181818181818182,0.5,-0.6818181818181819,0
2020-03-02,20:45,Benfica,Moreirense,1.0,1.0,D,0.0,0.0,D,1.0,3.0,0.0,0.0,19-20,2,12,57,26,19,6,38.0,0.0,22,22,49.0,52.0,2.0,2.0,6,1.0,6.0,1.6,1.2,24.0,2.0,1.2,28.0,-10,-5.0,-4.0,38.0,2.590909090909091,1.1818181818181819,1.409090909090909,1.7272727272727273,0.0,1.7272727272727273,0
2020-03-02,19:30,Santa Clara,Porto,0.0,2.0,A,0.0,1.0,A,2.0,3.0,0.0,0.0,19-20,9,2,29,56,8,18,-5.0,32.0,22,22,53.0,56.0,1.0,2.0,19,10.0,2.0,1.4,0.6,30.0,2.4,0.8,45.0,7,8.0,-15.0,-37.0,1.3181818181818181,2.5454545454545454,-1.2272727272727273,-0.22727272727272727,1.4545454545454546,-1.6818181818181819,0
2020-03-01,20:00,Guimaraes,Tondela,2.0,0.0,H,2.0,0.0,H,1.0,2.0,0.0,0.0,19-20,7,14,31,24,8,6,12.0,-8.0,22,22,49.0,49.0,3.0,2.0,8,5.0,15.0,2.2,1.2,24.0,0.4,1.2,9.0,-7,-10.0,15.0,20.0,1.4090909090909092,1.0909090909090908,0.31818181818181834,0.5454545454545454,-0.36363636363636365,0.9090909090909091,0
2020-03-01,17:30,Maritimo,Sp Braga,1.0,2.0,A,0.0,1.0,A,4.0,3.0,0.0,0.0,19-20,14,3,24,40,5,12,-7.0,12.0,22,22,66.0,67.0,2.0,3.0,5,12.0,4.0,0.8,0.8,15.0,1.8,0.8,39.0,11,8.0,-24.0,-19.0,1.0909090909090908,1.8181818181818181,-0.7272727272727273,-0.3181818181818182,0.5454545454545454,-0.8636363636363635,0
2020-03-01,15:00,Aves,Pacos Ferreira,1.0,3.0,A,1.0,1.0,D,2.0,1.0,0.0,0.0,19-20,18,16,13,19,4,5,-20.0,-17.0,22,22,61.0,74.0,3.0,5.0,0,14.0,19.0,0.6,1.8,10.0,0.6,1.8,15.0,2,-5.0,-5.0,-3.0,0.5909090909090909,0.8636363636363636,-0.2727272727272727,-0.9090909090909091,-0.7727272727272727,-0.13636363636363635,0
2020-02-29,20:30,Boavista,Gil Vicente,0.0,1.0,A,0.0,0.0,D,2.0,2.0,0.0,0.0,19-20,9,12,28,26,7,6,-3.0,-5.0,22,22,73.0,53.0,3.0,3.0,11,8.0,19.0,1.0,0.8,18.0,1.2,2.2,15.0,-3,-11.0,3.0,2.0,1.2727272727272727,1.1818181818181819,0.09090909090909083,-0.13636363636363635,-0.22727272727272727,0.09090909090909091,0
2020-02-29,18:00,Rio Ave,Belenenses,0.0,0.0,D,0.0,0.0,D,3.0,5.0,0.0,0.0,19-20,5,15,36,24,10,7,9.0,-19.0,22,22,44.0,63.0,3.0,4.0,4,7.0,9.0,2.2,1.0,33.0,1.4,1.4,30.0,-10,-2.0,3.0,28.0,1.6363636363636365,1.0909090909090908,0.5454545454545456,0.4090909090909091,-0.8636363636363636,1.2727272727272727,0
2020-02-28,20:30,Portimonense,Setubal,0.0,0.0,D,0.0,0.0,D,3.0,2.0,0.0,0.0,19-20,17,12,15,26,2,6,-16.0,-10.0,22,22,50.0,67.0,2.0,2.0,3,11.0,13.0,0.6,1.4,4.0,1.2,2.0,6.0,5,-2.0,-2.0,-6.0,0.6818181818181818,1.1818181818181819,-0.5000000000000001,-0.7272727272727273,-0.45454545454545453,-0.27272727272727276,0
2020-02-24,19:30,Gil Vicente,Benfica,0.0,1.0,A,0.0,1.0,A,1.0,1.0,0.0,0.0,19-20,11,2,26,54,6,18,-4.0,37.0,21,21,52.0,48.0,3.0,2.0,20,19.0,1.0,1.2,2.0,20.0,1.8,1.2,18.0,9,18.0,2.0,-41.0,1.2380952380952381,2.5714285714285716,-1.3333333333333335,-0.19047619047619047,1.7619047619047619,-1.9523809523809523,0
2020-02-23,20:30,Porto,Portimonense,1.0,0.0,H,0.0,0.0,D,2.0,5.0,0.0,0.0,19-20,2,17,53,15,17,2,31.0,-15.0,21,21,54.0,45.0,2.0,2.0,7,2.0,11.0,2.4,1.2,42.0,0.6,1.8,5.0,-15,-9.0,37.0,46.0,2.5238095238095237,0.7142857142857143,1.8095238095238093,1.4761904761904763,-0.7142857142857143,2.1904761904761907,0
2020-02-23,20:00,Sp Braga,Setubal,3.0,1.0,H,0.0,0.0,D,3.0,4.0,0.0,0.0,19-20,4,12,37,26,11,6,10.0,-8.0,21,21,64.0,63.0,3.0,2.0,14,4.0,13.0,1.6,0.8,37.0,1.2,1.4,13.0,-8,-9.0,24.0,18.0,1.7619047619047619,1.2380952380952381,0.5238095238095237,0.47619047619047616,-0.38095238095238093,0.8571428571428571,0
2020-02-23,17:30,Sp Lisbon,Boavista,2.0,0.0,H,2.0,0.0,H,2.0,2.0,0.0,0.0,19-20,4,9,36,28,11,7,9.0,-1.0,21,21,66.0,71.0,3.0,3.0,9,3.0,8.0,0.8,1.0,23.0,1.0,0.8,27.0,-5,-5.0,-4.0,10.0,1.7142857142857142,1.3333333333333333,0.38095238095238093,0.42857142857142855,-0.047619047619047616,0.47619047619047616,0
2020-02-23,15:00,Pacos Ferreira,Famalicao,2.0,1.0,H,0.0,0.0,D,5.0,3.0,1.0,1.0,19-20,16,6,16,33,4,9,-18.0,-3.0,21,21,69.0,56.0,4.0,6.0,13,19.0,19.0,0.2,1.6,1.0,0.8,2.4,9.0,10,0.0,-8.0,-15.0,0.7619047619047619,1.5714285714285714,-0.8095238095238095,-0.8571428571428571,-0.14285714285714285,-0.7142857142857142,0
2020-02-23,15:00,Moreirense,Santa Clara,2.0,1.0,H,1.0,1.0,D,1.0,3.0,0.0,1.0,19-20,15,8,23,29,5,8,-1.0,-4.0,21,21,51.0,50.0,2.0,0.0,12,6.0,10.0,1.8,1.2,19.0,1.2,0.4,42.0,7,-4.0,-23.0,3.0,1.0952380952380953,1.380952380952381,-0.2857142857142856,-0.047619047619047616,-0.19047619047619047,0.14285714285714285,0
2020-02-22,20:30,Belenenses,Maritimo,1.0,0.0,H,1.0,0.0,H,4.0,4.0,0.0,0.0,19-20,15,12,21,24,6,5,-20.0,-6.0,21,21,59.0,62.0,4.0,2.0,10,9.0,12.0,1.2,1.6,21.0,1.0,0.8,20.0,3,-3.0,1.0,-14.0,1.0,1.1428571428571428,-0.1428571428571428,-0.9523809523809523,-0.2857142857142857,-0.6666666666666666,0
2020-02-22,18:00,Tondela,Rio Ave,1.0,2.0,A,0.0,0.0,D,0.0,0.0,0.0,0.0,19-20,13,5,24,33,6,9,-7.0,8.0,21,21,49.0,44.0,2.0,3.0,15,15.0,7.0,0.4,1.0,14.0,2.2,0.8,29.0,8,8.0,-15.0,-15.0,1.1428571428571428,1.5714285714285714,-0.4285714285714286,-0.3333333333333333,0.38095238095238093,-0.7142857142857142,0
2020-02-21,20:30,Aves,Guimaraes,0.0,2.0,A,0.0,0.0,D,2.0,1.0,0.0,0.0,19-20,18,8,13,28,4,7,-18.0,10.0,21,21,59.0,48.0,3.0,3.0,0,14.0,5.0,1.2,1.4,17.0,2.0,1.2,15.0,10,9.0,2.0,-28.0,0.6190476190476191,1.3333333333333333,-0.7142857142857142,-0.8571428571428571,0.47619047619047616,-1.3333333333333333,0
2020-02-16,20:00,Famalicao,Aves,1.0,1.0,D,0.0,0.0,D,6.0,1.0,1.0,0.0,19-20,6,18,32,12,9,4,-3.0,-18.0,20,20,50.0,58.0,5.0,3.0,21,19.0,14.0,0.8,2.2,9.0,1.2,1.6,18.0,-12,5.0,-9.0,15.0,1.6,0.6,1.0,-0.15,-0.9,0.75,0
2020-02-16,17:30,Guimaraes,Porto,1.0,2.0,A,0.0,1.0,A,0.0,2.0,0.0,0.0,19-20,8,2,28,50,7,16,11.0,30.0,20,20,48.0,52.0,3.0,2.0,8,5.0,2.0,1.8,0.8,22.0,2.8,1.4,39.0,6,3.0,-17.0,-19.0,1.4,2.5,-1.1,0.55,1.5,-0.95,0
2020-02-16,15:00,Maritimo,Pacos Ferreira,3.0,0.0,H,1.0,0.0,H,2.0,3.0,0.0,0.0,19-20,14,16,21,16,4,4,-9.0,-15.0,20,20,60.0,66.0,2.0,4.0,5,12.0,19.0,0.4,0.8,8.0,0.2,1.0,3.0,-2,-7.0,5.0,6.0,1.05,0.8,0.25,-0.45,-0.75,0.3,0
2020-02-16,15:00,Boavista,Belenenses,1.0,2.0,A,0.0,1.0,A,1.0,2.0,0.0,1.0,19-20,9,15,28,18,7,5,0.0,-21.0,20,20,70.0,57.0,3.0,3.0,11,8.0,9.0,0.8,0.6,36.0,0.8,1.8,9.0,-6,-1.0,27.0,21.0,1.4,0.9,0.4999999999999999,0.0,-1.05,1.05,0
2020-02-15,20:30,Rio Ave,Sp Lisbon,1.0,1.0,D,1.0,0.0,H,3.0,3.0,0.0,1.0,19-20,5,4,32,35,9,11,8.0,9.0,20,20,41.0,63.0,3.0,2.0,4,7.0,3.0,2.2,0.6,37.0,1.2,1.0,27.0,1,4.0,10.0,-1.0,1.6,1.75,-0.1499999999999999,0.4,0.45,-0.04999999999999999,0
2020-02-15,18:00,Benfica,Sp Braga,0.0,1.0,A,0.0,1.0,A,2.0,5.0,0.0,0.0,19-20,1,4,54,34,18,10,38.0,9.0,20,20,46.0,59.0,2.0,3.0,6,1.0,4.0,2.2,1.2,30.0,1.8,1.0,35.0,-3,-3.0,-5.0,29.0,2.7,1.7,1.0000000000000002,1.9,0.45,1.45,0
2020-02-15,15:30,Santa Clara,Tondela,1.0,0.0,H,0.0,0.0,D,1.0,2.0,0.0,0.0,19-20,10,12,26,24,7,6,-5.0,-6.0,20,20,49.0,47.0,0.0,2.0,19,10.0,15.0,1.0,0.6,36.0,0.6,1.2,19.0,-2,-5.0,17.0,1.0,1.3,1.2,0.10000000000000009,-0.25,-0.3,0.04999999999999999,0
2020-02-15,15:30,Portimonense,Moreirense,1.0,1.0,D,1.0,1.0,D,1.0,1.0,0.0,0.0,19-20,17,13,14,22,2,5,-15.0,-1.0,20,20,44.0,50.0,2.0,2.0,3,11.0,6.0,0.4,1.6,1.0,2.0,1.8,19.0,4,5.0,-18.0,-14.0,0.7,1.1,-0.40000000000000013,-0.75,-0.05,-0.7,0
2020-02-14,20:30,Setubal,Gil Vicente,1.0,2.0,A,0.0,1.0,A,1.0,3.0,0.0,0.0,19-20,10,12,26,23,6,5,-7.0,-5.0,20,20,62.0,49.0,2.0,3.0,1,13.0,19.0,1.2,1.6,20.0,1.2,1.8,10.0,-2,-6.0,10.0,-2.0,1.3,1.15,0.15000000000000013,-0.35,-0.25,-0.09999999999999998,0
2020-02-09,20:00,Aves,Rio Ave,0.0,4.0,A,0.0,1.0,A,5.0,1.0,1.0,0.0,19-20,18,6,12,29,4,8,-14.0,4.0,19,19,53.0,40.0,2.0,3.0,0,14.0,7.0,1.2,1.0,24.0,1.4,0.8,32.0,12,7.0,-8.0,-18.0,0.631578947368421,1.5263157894736843,-0.8947368421052633,-0.7368421052631579,0.21052631578947367,-0.9473684210526315,0
2020-02-09,17:30,Sp Lisbon,Portimonense,2.0,1.0,H,1.0,1.0,D,1.0,1.0,0.0,0.0,19-20,4,17,32,14,10,2,8.0,-14.0,19,19,62.0,43.0,2.0,2.0,9,3.0,11.0,1.0,1.2,18.0,0.4,1.4,3.0,-13,-8.0,15.0,22.0,1.6842105263157894,0.7368421052631579,0.9473684210526315,0.42105263157894735,-0.7368421052631579,1.1578947368421053,0
2020-02-09,15:00,Tondela,Maritimo,0.0,0.0,D,0.0,0.0,D,1.0,3.0,0.0,0.0,19-20,12,14,23,20,6,4,-6.0,-9.0,19,19,46.0,57.0,2.0,2.0,15,15.0,12.0,0.8,1.4,19.0,0.6,0.8,8.0,-2,3.0,11.0,3.0,1.2105263157894737,1.0526315789473684,0.1578947368421053,-0.3157894736842105,-0.47368421052631576,0.15789473684210525,0
2020-02-09,15:00,Moreirense,Setubal,1.0,1.0,D,0.0,1.0,A,2.0,4.0,0.0,0.0,19-20,13,10,21,25,5,6,-1.0,-7.0,19,19,48.0,58.0,2.0,2.0,12,6.0,13.0,1.8,1.8,18.0,1.0,2.0,21.0,3,-7.0,-3.0,6.0,1.105263157894737,1.3157894736842106,-0.21052631578947367,-0.05263157894736842,-0.3684210526315789,0.3157894736842105,0
2020-02-08,20:30,Porto,Benfica,3.0,2.0,H,3.0,1.0,H,4.0,6.0,0.0,0.0,19-20,2,1,47,54,15,18,29.0,39.0,19,19,48.0,40.0,2.0,2.0,7,2.0,1.0,2.6,1.2,36.0,2.0,0.6,45.0,1,1.0,-9.0,-10.0,2.473684210526316,2.8421052631578947,-0.36842105263157876,1.5263157894736843,2.0526315789473686,-0.5263157894736843,0
2020-02-08,18:00,Sp Braga,Gil Vicente,2.0,2.0,D,2.0,0.0,H,2.0,4.0,1.0,0.0,19-20,3,12,33,22,10,5,9.0,-5.0,19,19,57.0,45.0,2.0,3.0,14,4.0,19.0,2.8,0.8,45.0,1.0,1.6,10.0,-9,-15.0,35.0,14.0,1.736842105263158,1.1578947368421053,0.5789473684210527,0.47368421052631576,-0.2631578947368421,0.7368421052631579,0
2020-02-08,15:30,Famalicao,Guimaraes,0.0,7.0,A,0.0,2.0,A,2.0,3.0,1.0,0.0,19-20,5,9,32,25,9,6,4.0,4.0,19,19,48.0,45.0,4.0,3.0,21,19.0,5.0,1.4,0.8,17.0,0.4,1.0,11.0,-4,14.0,6.0,0.0,1.6842105263157894,1.3157894736842106,0.36842105263157876,0.21052631578947367,0.21052631578947367,0.0,0
2020-02-08,15:30,Belenenses,Santa Clara,0.0,2.0,A,0.0,2.0,A,0.0,2.0,0.0,0.0,19-20,15,11,18,23,5,6,-19.0,-7.0,19,19,57.0,47.0,3.0,0.0,10,9.0,10.0,1.0,2.8,12.0,0.8,0.6,30.0,4,-1.0,-18.0,-12.0,0.9473684210526315,1.2105263157894737,-0.26315789473684215,-1.0,-0.3684210526315789,-0.631578947368421,0
2020-02-07,20:30,Pacos Ferreira,Boavista,0.0,1.0,A,0.0,1.0,A,2.0,4.0,0.0,0.0,19-20,16,8,16,25,4,6,-14.0,-1.0,19,19,64.0,66.0,4.0,3.0,13,19.0,8.0,0.4,0.8,8.0,0.8,0.8,28.0,8,11.0,-20.0,-13.0,0.8421052631578947,1.3157894736842106,-0.47368421052631593,-0.7368421052631579,-0.05263157894736842,-0.6842105263157894,0
2020-02-02,20:00,Boavista,Guimaraes,2.0,0.0,H,1.0,0.0,H,5.0,2.0,0.0,0.0,19-20,11,7,22,25,5,6,-3.0,6.0,18,18,61.0,43.0,3.0,3.0,11,8.0,5.0,0.4,1.0,17.0,0.8,1.0,16.0,4,3.0,1.0,-9.0,1.2222222222222223,1.3888888888888888,-0.16666666666666652,-0.16666666666666666,0.3333333333333333,-0.5,0
2020-02-02,17:30,Sp Braga,Sp Lisbon,1.0,0.0,H,0.0,0.0,D,4.0,7.0,0.0,0.0,19-20,5,3,30,32,9,10,8.0,9.0,18,18,53.0,55.0,2.0,2.0,14,4.0,3.0,2.6,1.0,42.0,1.8,1.0,27.0,2,1.0,15.0,-1.0,1.6666666666666667,1.7777777777777777,-0.11111111111111094,0.4444444444444444,0.5,-0.05555555555555558,0
2020-02-02,17:30,Santa Clara,Pacos Ferreira,2.0,1.0,H,0.0,0.0,D,2.0,4.0,0.0,0.0,19-20,13,16,20,16,5,4,-8.0,-13.0,18,18,45.0,60.0,0.0,4.0,19,10.0,19.0,0.4,1.2,21.0,0.4,0.4,16.0,-3,-9.0,5.0,5.0,1.1111111111111112,0.8888888888888888,0.22222222222222232,-0.4444444444444444,-0.7222222222222222,0.2777777777777778,0
2020-02-02,15:00,Maritimo,Aves,1.0,2.0,A,1.0,1.0,D,2.0,3.0,0.0,0.0,19-20,14,18,20,9,4,3,-8.0,-15.0,18,18,55.0,50.0,2.0,2.0,5,12.0,14.0,0.6,0.4,16.0,0.8,1.0,12.0,-4,-2.0,4.0,7.0,1.1111111111111112,0.5,0.6111111111111112,-0.4444444444444444,-0.8333333333333334,0.38888888888888895,0
2020-02-02,15:00,Gil Vicente,Moreirense,1.0,5.0,A,0.0,2.0,A,1.0,2.0,0.0,0.0,19-20,10,14,22,18,5,4,-1.0,-5.0,18,18,44.0,46.0,3.0,2.0,20,19.0,6.0,1.2,1.0,16.0,1.2,1.8,7.0,-4,13.0,9.0,4.0,1.2222222222222223,1.0,0.22222222222222232,-0.05555555555555555,-0.2777777777777778,0.22222222222222224,0
2020-02-01,18:00,Setubal,Porto,0.0,4.0,A,0.0,2.0,A,1.0,2.0,0.0,0.0,19-20,8,2,25,44,6,14,-3.0,25.0,18,18,57.0,46.0,2.0,2.0,1,13.0,2.0,1.2,1.2,30.0,2.4,1.2,33.0,6,11.0,-3.0,-28.0,1.3888888888888888,2.4444444444444446,-1.0555555555555558,-0.16666666666666666,1.3888888888888888,-1.5555555555555556,0
2020-02-01,15:30,Portimonense,Tondela,0.0,1.0,A,0.0,1.0,A,3.0,3.0,0.0,0.0,19-20,17,11,14,20,2,5,-13.0,-7.0,18,18,40.0,43.0,2.0,2.0,3,11.0,15.0,0.6,1.4,6.0,0.6,2.0,6.0,6,-4.0,0.0,-6.0,0.7777777777777778,1.1111111111111112,-0.33333333333333337,-0.7222222222222222,-0.3888888888888889,-0.3333333333333333,0
2020-01-31,21:15,Rio Ave,Famalicao,2.0,2.0,D,0.0,2.0,A,4.0,3.0,0.0,0.0,19-20,6,4,28,31,8,9,4.0,4.0,18,18,36.0,45.0,3.0,4.0,4,7.0,19.0,1.2,0.6,37.0,1.0,1.2,19.0,2,-12.0,18.0,0.0,1.5555555555555556,1.7222222222222223,-0.16666666666666674,0.2222222222222222,0.2222222222222222,0.0,0
2020-01-31,19:00,Benfica,Belenenses,3.0,2.0,H,2.0,0.0,H,2.0,4.0,0.0,0.0,19-20,1,15,51,18,17,5,38.0,-18.0,18,18,38.0,53.0,2.0,3.0,6,1.0,9.0,2.2,0.2,45.0,0.8,2.6,15.0,-14,-8.0,30.0,56.0,2.8333333333333335,1.0,1.8333333333333335,2.111111111111111,-1.0,3.111111111111111,0
2020-01-29,20:15,Moreirense,Sp Braga,1.0,2.0,A,0.0,2.0,A,3.0,3.0,0.0,1.0,19-20,14,6,18,27,4,8,-4.0,7.0,17,17,43.0,50.0,2.0,1.0,12,6.0,4.0,1.0,1.6,11.0,2.2,1.0,36.0,8,2.0,-25.0,-11.0,1.0588235294117647,1.588235294117647,-0.5294117647058822,-0.23529411764705882,0.4117647058823529,-0.6470588235294117,0
2020-01-28,20:15,Porto,Gil Vicente,2.0,1.0,H,1.0,1.0,D,2.0,3.0,0.0,1.0,19-20,2,9,41,22,13,5,24.0,0.0,17,17,44.0,41.0,2.0,2.0,7,2.0,19.0,2.2,1.2,28.0,1.0,0.8,22.0,-7,-17.0,6.0,24.0,2.411764705882353,1.2941176470588236,1.1176470588235292,1.411764705882353,0.0,1.411764705882353,0
2020-01-27,21:00,Sp Lisbon,Maritimo,1.0,0.0,H,0.0,0.0,D,2.0,3.0,0.0,0.0,19-20,4,12,29,20,9,4,8.0,-7.0,17,17,53.0,52.0,2.0,2.0,9,3.0,12.0,1.8,1.0,21.0,1.0,0.6,25.0,-8,-9.0,-4.0,15.0,1.7058823529411764,1.1764705882352942,0.5294117647058822,0.47058823529411764,-0.4117647058823529,0.8823529411764706,0
2020-01-27,18:45,Guimaraes,Rio Ave,1.0,2.0,A,0.0,2.0,A,0.0,4.0,0.0,0.0,19-20,6,7,25,25,6,7,7.0,3.0,17,17,43.0,32.0,3.0,3.0,8,5.0,7.0,1.0,0.6,24.0,1.0,0.4,32.0,-1,-2.0,-8.0,4.0,1.4705882352941178,1.4705882352941178,0.0,0.4117647058823529,0.17647058823529413,0.2352941176470588,0
2020-01-26,20:00,Aves,Boavista,0.0,1.0,A,0.0,1.0,A,4.0,5.0,0.0,0.0,19-20,18,13,9,19,3,4,-14.0,-4.0,17,17,46.0,56.0,2.0,3.0,0,14.0,8.0,1.0,0.8,18.0,0.4,1.8,3.0,5,6.0,15.0,-10.0,0.5294117647058824,1.1176470588235294,-0.5882352941176471,-0.8235294117647058,-0.23529411764705882,-0.588235294117647,0
2020-01-26,17:30,Pacos Ferreira,Benfica,0.0,2.0,A,0.0,1.0,A,3.0,2.0,0.0,0.0,19-20,16,1,16,48,4,16,-11.0,36.0,17,17,57.0,36.0,4.0,2.0,13,19.0,1.0,0.8,0.6,24.0,2.6,0.4,45.0,15,18.0,-21.0,-47.0,0.9411764705882353,2.823529411764706,-1.8823529411764708,-0.6470588235294118,2.1176470588235294,-2.764705882352941,0
2020-01-26,15:00,Tondela,Setubal,0.0,3.0,A,0.0,2.0,A,1.0,2.0,0.0,0.0,19-20,10,9,20,22,5,5,-4.0,-6.0,17,17,42.0,55.0,2.0,2.0,15,15.0,13.0,1.2,1.8,11.0,1.2,1.6,24.0,1,2.0,-13.0,2.0,1.1764705882352942,1.2941176470588236,-0.11764705882352944,-0.23529411764705882,-0.35294117647058826,0.11764705882352944,0
2020-01-26,15:00,Famalicao,Santa Clara,0.0,1.0,A,0.0,1.0,A,2.0,4.0,0.0,0.0,19-20,3,15,31,17,9,4,5.0,-9.0,17,17,43.0,41.0,4.0,0.0,21,19.0,10.0,1.4,1.6,26.0,0.6,1.6,10.0,-12,9.0,16.0,14.0,1.8235294117647058,1.0,0.8235294117647058,0.29411764705882354,-0.5294117647058824,0.8235294117647058,0
2020-01-26,15:00,Belenenses,Portimonense,2.0,1.0,H,1.0,0.0,H,1.0,2.0,0.0,0.0,19-20,16,17,15,14,4,2,-19.0,-12.0,17,17,52.0,38.0,3.0,2.0,10,9.0,11.0,0.6,2.6,1.0,0.4,1.4,9.0,-1,-2.0,-8.0,-7.0,0.8823529411764706,0.8235294117647058,0.05882352941176472,-1.1176470588235294,-0.7058823529411765,-0.4117647058823529,0
2020-01-19,20:00,Rio Ave,Boavista,2.0,0.0,H,2.0,0.0,H,1.0,4.0,0.0,0.0,19-20,7,12,22,19,6,4,1.0,-2.0,16,16,31.0,52.0,3.0,3.0,4,7.0,8.0,0.6,0.8,24.0,0.8,1.6,7.0,-5,-1.0,17.0,3.0,1.375,1.1875,0.1875,0.0625,-0.125,0.1875,0
2020-01-19,17:30,Famalicao,Maritimo,1.0,1.0,D,0.0,1.0,A,2.0,5.0,0.0,0.0,19-20,3,12,30,19,9,4,5.0,-7.0,16,16,41.0,47.0,4.0,2.0,21,19.0,12.0,1.4,1.8,27.0,0.8,1.2,28.0,-9,7.0,-1.0,12.0,1.875,1.1875,0.6875,0.3125,-0.4375,0.75,0
2020-01-19,15:00,Pacos Ferreira,Gil Vicente,0.0,0.0,D,0.0,0.0,D,1.0,1.0,0.0,0.0,19-20,15,9,15,21,4,5,-11.0,0.0,16,16,56.0,40.0,4.0,2.0,13,19.0,19.0,0.8,1.0,26.0,1.6,1.0,25.0,6,0.0,1.0,-11.0,0.9375,1.3125,-0.375,-0.6875,0.0,-0.6875,0
2020-01-18,20:30,Belenenses,Setubal,0.0,1.0,A,0.0,1.0,A,2.0,5.0,0.0,0.0,19-20,16,12,15,19,4,4,-18.0,-7.0,16,16,50.0,50.0,3.0,2.0,10,9.0,13.0,0.8,2.4,5.0,1.2,1.8,16.0,4,-4.0,-11.0,-11.0,0.9375,1.1875,-0.25,-1.125,-0.4375,-0.6875,0
2020-01-18,18:00,Tondela,Moreirense,1.0,1.0,D,0.0,0.0,D,1.0,3.0,0.0,0.0,19-20,10,13,19,17,5,4,-4.0,-4.0,16,16,41.0,40.0,2.0,2.0,15,15.0,6.0,1.0,1.8,10.0,1.4,1.8,12.0,-3,9.0,-2.0,0.0,1.1875,1.0625,0.125,-0.25,-0.25,0.0,0
2020-01-18,15:30,Guimaraes,Santa Clara,1.0,0.0,H,0.0,0.0,D,4.0,5.0,0.0,0.0,19-20,6,14,22,17,5,4,6.0,-8.0,16,16,39.0,36.0,3.0,0.0,8,5.0,10.0,1.0,0.8,15.0,0.8,1.8,14.0,-8,-5.0,1.0,14.0,1.375,1.0625,0.3125,0.375,-0.5,0.875,0
2020-01-18,15:30,Aves,Portimonense,3.0,0.0,H,0.0,0.0,D,3.0,3.0,0.0,0.0,19-20,18,17,6,14,2,2,-17.0,-9.0,16,16,43.0,35.0,2.0,2.0,0,14.0,11.0,0.8,1.4,6.0,0.8,1.0,15.0,1,3.0,-9.0,-8.0,0.375,0.875,-0.5,-1.0625,-0.5625,-0.5,0
2020-01-17,21:15,Sp Lisbon,Benfica,0.0,2.0,A,0.0,0.0,D,4.0,4.0,0.0,0.0,19-20,4,1,29,45,9,15,10.0,34.0,16,16,49.0,32.0,2.0,2.0,9,3.0,1.0,2.0,1.2,30.0,3.0,0.4,45.0,3,2.0,-15.0,-24.0,1.8125,2.8125,-1.0,0.625,2.125,-1.5,0
2020-01-17,19:00,Porto,Sp Braga,1.0,2.0,A,0.0,1.0,A,5.0,6.0,0.0,0.0,19-20,2,5,41,24,13,7,25.0,6.0,16,16,39.0,44.0,2.0,1.0,7,2.0,4.0,2.4,0.8,41.0,2.2,0.8,30.0,-3,-2.0,11.0,19.0,2.5625,1.5,1.0625,1.5625,0.375,1.1875,0
2020-01-12,20:00,Sp Braga,Tondela,2.0,1.0,H,0.0,1.0,A,4.0,3.0,0.0,0.0,19-20,7,10,21,19,6,5,5.0,-3.0,15,15,40.0,38.0,1.0,2.0,14,4.0,15.0,2.2,0.6,24.0,0.8,1.6,14.0,-3,-11.0,10.0,8.0,1.4,1.2666666666666666,0.1333333333333333,0.3333333333333333,-0.2,0.5333333333333333,0
2020-01-12,17:30,Maritimo,Guimaraes,0.0,0.0,D,0.0,0.0,D,1.0,2.0,0.0,0.0,19-20,12,6,18,21,4,5,-7.0,6.0,15,15,46.0,37.0,2.0,3.0,5,12.0,5.0,1.0,1.4,31.0,1.0,1.2,15.0,6,7.0,16.0,-13.0,1.2,1.4,-0.19999999999999996,-0.4666666666666667,0.4,-0.8666666666666667,0
2020-01-12,15:00,Gil Vicente,Belenenses,2.0,0.0,H,0.0,0.0,D,0.0,0.0,0.0,0.0,19-20,11,16,18,15,4,4,-2.0,-16.0,15,15,40.0,50.0,2.0,3.0,20,19.0,9.0,1.6,1.2,18.0,0.8,2.4,9.0,-5,10.0,9.0,14.0,1.2,1.0,0.19999999999999996,-0.13333333333333333,-1.0666666666666667,0.9333333333333333,0
2020-01-11,20:30,Setubal,Sp Lisbon,1.0,3.0,A,0.0,2.0,A,3.0,3.0,0.0,0.0,19-20,10,4,19,26,4,8,-5.0,8.0,15,15,47.0,46.0,2.0,2.0,1,13.0,3.0,1.0,1.4,23.0,1.8,1.0,24.0,6,10.0,-1.0,-13.0,1.2666666666666666,1.7333333333333334,-0.4666666666666668,-0.3333333333333333,0.5333333333333333,-0.8666666666666667,0
2020-01-11,18:00,Boavista,Famalicao,0.0,1.0,A,0.0,0.0,D,5.0,4.0,1.0,1.0,19-20,8,3,19,27,4,8,-1.0,4.0,15,15,47.0,37.0,2.0,3.0,11,8.0,19.0,0.8,1.6,11.0,1.8,2.4,16.0,5,-11.0,-5.0,-5.0,1.2666666666666666,1.8,-0.5333333333333334,-0.06666666666666667,0.26666666666666666,-0.3333333333333333,0
2020-01-11,15:30,Portimonense,Pacos Ferreira,0.0,0.0,D,0.0,0.0,D,2.0,3.0,0.0,0.0,19-20,17,16,13,14,2,4,-9.0,-11.0,15,15,33.0,53.0,2.0,4.0,3,11.0,19.0,1.0,1.2,16.0,1.0,1.0,30.0,1,-8.0,-14.0,2.0,0.8666666666666667,0.9333333333333333,-0.06666666666666665,-0.6,-0.7333333333333333,0.1333333333333333,0
2020-01-10,21:15,Moreirense,Porto,2.0,4.0,A,2.0,2.0,D,2.0,4.0,0.0,1.0,19-20,13,2,17,38,4,12,-2.0,23.0,15,15,38.0,35.0,2.0,1.0,12,6.0,2.0,1.6,1.6,19.0,1.8,0.4,39.0,11,4.0,-20.0,-25.0,1.1333333333333333,2.533333333333333,-1.4,-0.13333333333333333,1.5333333333333334,-1.6666666666666667,0
2020-01-10,19:00,Santa Clara,Rio Ave,0.0,1.0,A,0.0,0.0,D,2.0,3.0,0.0,0.0,19-20,14,7,17,19,4,5,-7.0,0.0,15,15,34.0,28.0,0.0,3.0,19,10.0,7.0,1.0,2.0,18.0,0.6,0.8,16.0,7,3.0,2.0,-7.0,1.1333333333333333,1.2666666666666666,-0.1333333333333333,-0.4666666666666667,0.0,-0.4666666666666667,0
2020-01-10,19:00,Benfica,Aves,2.0,1.0,H,0.0,1.0,A,4.0,2.0,0.0,0.0,19-20,1,18,42,6,14,2,33.0,-16.0,15,15,28.0,41.0,2.0,2.0,6,1.0,14.0,3.0,0.4,45.0,0.8,1.4,9.0,-17,-13.0,36.0,49.0,2.8,0.4,2.4,2.2,-1.0666666666666667,3.2666666666666666,0
2020-01-05,20:00,Famalicao,Setubal,3.0,0.0,H,1.0,0.0,H,2.0,1.0,0.0,0.0,19-20,4,9,24,19,7,4,1.0,-2.0,14,14,35.0,46.0,3.0,2.0,21,19.0,13.0,1.6,2.8,3.0,1.2,0.8,33.0,-5,6.0,-30.0,3.0,1.7142857142857142,1.3571428571428572,0.357142857142857,0.07142857142857142,-0.14285714285714285,0.21428571428571427,0
2020-01-05,17:30,Sp Lisbon,Porto,1.0,2.0,A,1.0,1.0,D,5.0,5.0,0.0,0.0,19-20,3,2,26,35,8,11,9.0,22.0,14,14,41.0,30.0,2.0,1.0,9,3.0,2.0,1.6,0.8,33.0,1.6,0.2,37.0,1,1.0,-4.0,-13.0,1.8571428571428572,2.5,-0.6428571428571428,0.6428571428571429,1.5714285714285714,-0.9285714285714285,0
2020-01-05,15:00,Tondela,Gil Vicente,1.0,1.0,D,1.0,1.0,D,2.0,2.0,0.0,0.0,19-20,10,12,18,17,5,4,-3.0,-2.0,14,14,36.0,38.0,2.0,2.0,15,15.0,19.0,0.8,1.4,15.0,1.8,1.0,23.0,-2,-4.0,-8.0,-1.0,1.2857142857142858,1.2142857142857142,0.07142857142857162,-0.21428571428571427,-0.14285714285714285,-0.07142857142857142,0
2020-01-05,15:00,Rio Ave,Maritimo,0.0,1.0,A,0.0,0.0,D,1.0,5.0,0.0,0.0,19-20,7,14,19,15,5,3,1.0,-8.0,14,14,27.0,41.0,3.0,2.0,4,7.0,12.0,0.6,1.0,23.0,0.8,1.8,21.0,-7,-5.0,2.0,9.0,1.3571428571428572,1.0714285714285714,0.2857142857142858,0.07142857142857142,-0.5714285714285714,0.6428571428571428,0
2020-01-05,15:00,Pacos Ferreira,Moreirense,1.0,0.0,H,1.0,0.0,H,4.0,4.0,0.0,0.0,19-20,17,13,11,17,3,4,-12.0,-1.0,14,14,49.0,34.0,4.0,2.0,13,19.0,6.0,0.8,1.2,21.0,1.8,1.6,27.0,4,13.0,-6.0,-11.0,0.7857142857142857,1.2142857142857142,-0.4285714285714285,-0.8571428571428571,-0.07142857142857142,-0.7857142857142857,0
2020-01-04,20:30,Guimaraes,Benfica,0.0,1.0,A,0.0,1.0,A,4.0,3.0,1.0,0.0,19-20,5,1,21,39,5,13,7.0,32.0,14,14,33.0,25.0,2.0,2.0,8,5.0,1.0,1.2,1.2,21.0,3.2,0.4,45.0,4,4.0,-24.0,-25.0,1.5,2.7857142857142856,-1.2857142857142856,0.5,2.2857142857142856,-1.7857142857142856,0
2020-01-04,18:00,Belenenses,Sp Braga,1.0,7.0,A,1.0,4.0,A,4.0,1.0,1.0,0.0,19-20,15,9,15,18,4,5,-10.0,-1.0,14,14,46.0,39.0,2.0,1.0,10,9.0,4.0,0.8,1.0,16.0,1.2,0.8,16.0,6,5.0,0.0,-9.0,1.0714285714285714,1.2857142857142858,-0.2142857142857144,-0.7142857142857143,-0.07142857142857142,-0.6428571428571429,0
2020-01-04,15:30,Boavista,Portimonense,1.0,1.0,D,0.0,0.0,D,1.0,2.0,0.0,0.0,19-20,9,16,18,12,4,2,-1.0,-9.0,14,14,46.0,31.0,2.0,2.0,11,8.0,11.0,0.6,1.6,9.0,1.0,1.2,17.0,-7,-3.0,-8.0,8.0,1.2857142857142858,0.8571428571428571,0.4285714285714287,-0.07142857142857142,-0.6428571428571429,0.5714285714285715,0
2020-01-04,15:30,Aves,Santa Clara,0.0,1.0,A,0.0,0.0,D,4.0,2.0,0.0,0.0,19-20,18,15,6,14,2,3,-15.0,-8.0,14,14,37.0,32.0,2.0,0.0,0,14.0,10.0,0.8,1.4,12.0,1.0,2.2,5.0,3,4.0,7.0,-7.0,0.42857142857142855,1.0,-0.5714285714285714,-1.0714285714285714,-0.5714285714285714,-0.5,0
2019-12-16,20:15,Porto,Tondela,3.0,0.0,H,2.0,0.0,H,0.0,0.0,0.0,0.0,19-20,2,8,32,18,10,5,19.0,0.0,13,13,30.0,36.0,1.0,2.0,7,2.0,15.0,1.2,0.4,33.0,0.8,1.0,21.0,-6,-13.0,12.0,19.0,2.4615384615384617,1.3846153846153846,1.076923076923077,1.4615384615384615,0.0,1.4615384615384615,3
2019-12-16,19:00,Santa Clara,Sp Lisbon,0.0,4.0,A,0.0,1.0,A,1.0,1.0,0.0,0.0,19-20,15,4,14,23,3,7,-4.0,5.0,13,13,31.0,40.0,0.0,2.0,19,10.0,3.0,1.2,1.6,8.0,1.2,1.0,27.0,11,7.0,-19.0,-9.0,1.0769230769230769,1.7692307692307692,-0.6923076923076923,-0.3076923076923077,0.38461538461538464,-0.6923076923076923,3
2019-12-15,20:00,Sp Braga,Pacos Ferreira,0.0,1.0,A,0.0,1.0,A,1.0,5.0,0.0,0.0,19-20,8,17,18,8,5,2,0.0,-13.0,13,13,38.0,44.0,1.0,4.0,14,4.0,19.0,1.2,1.0,23.0,0.8,1.6,9.0,-9,-15.0,14.0,13.0,1.3846153846153846,0.6153846153846154,0.7692307692307692,0.0,-1.0,1.0,3
2019-12-15,17:30,Gil Vicente,Guimaraes,2.0,2.0,D,2.0,0.0,H,4.0,1.0,0.0,0.0,19-20,12,5,16,20,4,5,-2.0,7.0,13,13,34.0,32.0,2.0,2.0,20,19.0,5.0,1.6,1.0,27.0,1.8,0.8,24.0,7,14.0,3.0,-9.0,1.2307692307692308,1.5384615384615385,-0.3076923076923077,-0.15384615384615385,0.5384615384615384,-0.6923076923076923,3
2019-12-15,15:00,Moreirense,Belenenses,2.0,1.0,H,0.0,1.0,A,1.0,5.0,0.0,1.0,19-20,14,13,14,15,3,4,-2.0,-9.0,13,13,33.0,41.0,2.0,1.0,12,6.0,9.0,1.6,1.6,18.0,0.6,1.6,23.0,1,-3.0,-5.0,7.0,1.0769230769230769,1.1538461538461537,-0.07692307692307687,-0.15384615384615385,-0.6923076923076923,0.5384615384615384,3
2019-12-14,20:30,Setubal,Aves,1.0,0.0,H,0.0,0.0,D,4.0,3.0,0.0,0.0,19-20,11,18,16,6,3,2,-3.0,-14.0,13,13,42.0,34.0,2.0,2.0,1,13.0,14.0,1.2,1.0,26.0,1.2,1.8,15.0,-7,-1.0,11.0,11.0,1.2307692307692308,0.46153846153846156,0.7692307692307693,-0.23076923076923078,-1.0769230769230769,0.846153846153846,3
2019-12-14,18:00,Benfica,Famalicao,4.0,0.0,H,1.0,0.0,H,0.0,2.0,0.0,0.0,19-20,1,3,36,24,12,7,28.0,5.0,13,13,25.0,33.0,2.0,3.0,6,1.0,19.0,3.2,0.4,45.0,2.0,2.2,8.0,-2,-18.0,37.0,23.0,2.769230769230769,1.8461538461538463,0.9230769230769229,2.1538461538461537,0.38461538461538464,1.7692307692307692,3
2019-12-14,15:30,Maritimo,Boavista,1.0,0.0,H,1.0,0.0,H,2.0,1.0,0.0,1.0,19-20,15,9,12,18,2,4,-9.0,0.0,13,13,39.0,45.0,2.0,1.0,5,12.0,8.0,0.8,2.0,9.0,1.0,1.4,15.0,6,4.0,-6.0,-9.0,0.9230769230769231,1.3846153846153846,-0.46153846153846145,-0.6923076923076923,0.0,-0.6923076923076923,3
2019-12-13,20:30,Portimonense,Rio Ave,1.0,1.0,D,0.0,1.0,A,4.0,3.0,1.0,0.0,19-20,16,6,11,18,2,5,-9.0,1.0,13,13,27.0,24.0,1.0,3.0,3,11.0,7.0,0.8,1.8,17.0,0.6,1.0,25.0,10,4.0,-8.0,-10.0,0.8461538461538461,1.3846153846153846,-0.5384615384615384,-0.6923076923076923,0.07692307692307693,-0.7692307692307692,3
2019-12-09,20:15,Rio Ave,Gil Vicente,1.0,0.0,H,0.0,0.0,D,3.0,2.0,1.0,0.0,19-20,11,9,15,16,4,4,0.0,-1.0,12,12,21.0,32.0,2.0,2.0,4,7.0,19.0,0.4,1.0,15.0,1.8,1.0,37.0,2,-12.0,-22.0,1.0,1.25,1.3333333333333333,-0.08333333333333326,0.0,-0.08333333333333333,0.08333333333333333,3
2019-12-08,20:00,Belenenses,Porto,1.0,1.0,D,1.0,1.0,D,7.0,2.0,0.0,0.0,19-20,14,2,14,31,4,10,-9.0,19.0,12,12,34.0,28.0,1.0,1.0,10,9.0,2.0,1.0,1.8,27.0,1.6,0.2,41.0,12,7.0,-14.0,-28.0,1.1666666666666667,2.5833333333333335,-1.4166666666666667,-0.75,1.5833333333333333,-2.333333333333333,3
2019-12-08,17:30,Sp Lisbon,Moreirense,1.0,0.0,H,0.0,0.0,D,3.0,4.0,0.0,1.0,19-20,5,12,20,14,6,3,4.0,-1.0,12,12,37.0,29.0,2.0,1.0,9,3.0,6.0,1.6,1.2,21.0,1.8,1.6,25.0,-7,-3.0,-4.0,5.0,1.6666666666666667,1.1666666666666667,0.5,0.3333333333333333,-0.08333333333333333,0.41666666666666663,3
2019-12-08,15:00,Pacos Ferreira,Setubal,2.0,3.0,A,0.0,1.0,A,4.0,5.0,0.0,0.0,19-20,17,14,8,13,2,2,-12.0,-4.0,12,12,40.0,37.0,4.0,2.0,13,19.0,13.0,0.4,1.0,13.0,0.6,0.6,17.0,3,6.0,-4.0,-8.0,0.6666666666666666,1.0833333333333333,-0.41666666666666663,-1.0,-0.3333333333333333,-0.6666666666666667,3
2019-12-08,15:00,Guimaraes,Portimonense,2.0,0.0,H,1.0,0.0,H,1.0,1.0,0.0,0.0,19-20,8,16,17,11,4,2,5.0,-7.0,12,12,31.0,26.0,2.0,1.0,8,5.0,11.0,1.6,1.4,14.0,1.0,1.6,23.0,-8,-6.0,-9.0,12.0,1.4166666666666667,0.9166666666666666,0.5000000000000001,0.4166666666666667,-0.5833333333333334,1.0,3
2019-12-07,20:30,Aves,Sp Braga,1.0,0.0,H,1.0,0.0,H,5.0,5.0,0.0,0.0,19-20,18,5,3,18,1,5,-15.0,1.0,12,12,29.0,33.0,2.0,1.0,0,14.0,4.0,1.0,2.0,0.0,1.6,0.8,33.0,13,10.0,-33.0,-16.0,0.25,1.5,-1.25,-1.25,0.08333333333333333,-1.3333333333333333,3
2019-12-07,18:00,Famalicao,Tondela,2.0,3.0,A,1.0,2.0,A,2.0,7.0,0.0,0.0,19-20,3,10,24,15,7,4,6.0,-1.0,12,12,31.0,29.0,3.0,2.0,21,19.0,15.0,1.6,2.2,13.0,0.4,0.6,12.0,-7,4.0,1.0,7.0,2.0,1.25,0.75,0.5,-0.08333333333333333,0.5833333333333334,3
2019-12-07,15:00,Maritimo,Santa Clara,2.0,2.0,D,1.0,1.0,D,3.0,4.0,0.0,0.0,19-20,16,13,11,13,2,3,-9.0,-4.0,12,12,36.0,27.0,2.0,0.0,5,12.0,10.0,0.4,1.6,7.0,0.8,1.6,5.0,3,2.0,2.0,-5.0,0.9166666666666666,1.0833333333333333,-0.16666666666666663,-0.75,-0.3333333333333333,-0.4166666666666667,3
2019-12-06,20:30,Boavista,Benfica,1.0,4.0,A,1.0,1.0,D,4.0,4.0,0.0,0.0,19-20,5,1,18,33,4,11,3.0,25.0,12,12,41.0,21.0,1.0,2.0,11,8.0,1.0,1.0,0.8,22.0,2.6,0.2,45.0,4,7.0,-23.0,-22.0,1.5,2.75,-1.25,0.25,2.0833333333333335,-1.8333333333333335,3
2019-12-02,20:45,Porto,Pacos Ferreira,2.0,0.0,H,1.0,0.0,H,2.0,3.0,0.0,0.0,19-20,2,17,28,8,9,2,17.0,-10.0,11,11,26.0,37.0,1.0,4.0,7,2.0,19.0,1.4,0.2,39.0,0.4,0.8,17.0,-15,-17.0,22.0,27.0,2.5454545454545454,0.7272727272727273,1.8181818181818181,1.5454545454545454,-0.9090909090909091,2.4545454545454546,3
2019-12-02,18:45,Sp Braga,Rio Ave,2.0,0.0,H,1.0,0.0,H,2.0,2.0,0.0,0.0,19-20,9,8,15,15,4,4,-1.0,2.0,11,11,31.0,19.0,1.0,2.0,14,4.0,7.0,1.4,0.8,28.0,0.4,0.8,20.0,1,-3.0,8.0,-3.0,1.3636363636363635,1.3636363636363635,0.0,-0.09090909090909091,0.18181818181818182,-0.2727272727272727,3
2019-12-01,20:00,Gil Vicente,Sp Lisbon,3.0,1.0,H,1.0,1.0,D,4.0,2.0,0.0,0.0,19-20,12,4,13,20,3,6,-3.0,6.0,11,11,28.0,35.0,2.0,2.0,20,19.0,3.0,1.2,1.0,29.0,1.6,0.6,33.0,8,16.0,-4.0,-9.0,1.1818181818181819,1.8181818181818181,-0.6363636363636362,-0.2727272727272727,0.5454545454545454,-0.8181818181818181,3
2019-12-01,17:30,Setubal,Guimaraes,1.0,1.0,D,0.0,0.0,D,2.0,1.0,0.0,0.0,19-20,14,6,12,16,2,4,-4.0,5.0,11,11,35.0,30.0,2.0,2.0,1,13.0,5.0,0.4,0.6,17.0,1.6,1.2,16.0,8,8.0,1.0,-9.0,1.0909090909090908,1.4545454545454546,-0.36363636363636376,-0.36363636363636365,0.45454545454545453,-0.8181818181818181,3
2019-12-01,15:00,Tondela,Belenenses,0.0,1.0,A,0.0,0.0,D,2.0,3.0,0.0,0.0,19-20,8,16,15,11,4,3,0.0,-10.0,11,11,27.0,31.0,2.0,1.0,15,15.0,9.0,0.4,0.4,19.0,1.0,2.4,18.0,-8,6.0,1.0,10.0,1.3636363636363635,1.0,0.36363636363636354,0.0,-0.9090909090909091,0.9090909090909091,3
2019-11-30,20:30,Portimonense,Famalicao,2.0,1.0,H,1.0,0.0,H,1.0,1.0,0.0,0.0,19-20,16,3,8,24,1,7,-8.0,7.0,11,11,25.0,30.0,1.0,3.0,3,11.0,19.0,0.6,1.6,11.0,2.0,2.0,21.0,13,-8.0,-10.0,-15.0,0.7272727272727273,2.1818181818181817,-1.4545454545454544,-0.7272727272727273,0.6363636363636364,-1.3636363636363638,3
2019-11-30,18:00,Benfica,Maritimo,4.0,0.0,H,3.0,0.0,H,3.0,2.0,1.0,0.0,19-20,1,14,30,11,10,2,21.0,-5.0,11,11,18.0,34.0,1.0,2.0,6,1.0,12.0,2.0,0.2,45.0,0.8,1.0,13.0,-13,-11.0,32.0,26.0,2.727272727272727,1.0,1.727272727272727,1.9090909090909092,-0.45454545454545453,2.3636363636363638,3
2019-11-30,15:30,Moreirense,Aves,3.0,2.0,H,2.0,1.0,H,1.0,2.0,0.0,1.0,19-20,13,18,11,3,2,1,-2.0,-14.0,11,11,28.0,27.0,1.0,1.0,12,6.0,14.0,1.4,1.6,14.0,0.6,1.6,0.0,-5,-8.0,14.0,12.0,1.0,0.2727272727272727,0.7272727272727273,-0.18181818181818182,-1.2727272727272727,1.0909090909090908,3
2019-11-29,20:30,Santa Clara,Boavista,1.0,2.0,A,0.0,2.0,A,2.0,2.0,0.0,0.0,19-20,11,7,13,15,3,3,-3.0,2.0,11,11,25.0,39.0,0.0,1.0,19,10.0,8.0,0.8,1.2,10.0,0.6,0.6,12.0,4,2.0,-2.0,-5.0,1.1818181818181819,1.3636363636363635,-0.18181818181818166,-0.2727272727272727,0.18181818181818182,-0.45454545454545453,3
2019-11-10,21:00,Boavista,Porto,0.0,1.0,A,0.0,1.0,A,3.0,1.0,0.0,0.0,19-20,6,2,15,25,3,8,3.0,16.0,10,10,36.0,25.0,1.0,1.0,11,8.0,2.0,0.6,0.4,18.0,1.6,0.2,37.0,4,6.0,-19.0,-13.0,1.5,2.5,-1.0,0.3,1.6,-1.3,3
2019-11-10,20:00,Guimaraes,Sp Braga,0.0,2.0,A,0.0,1.0,A,5.0,2.0,0.0,0.0,19-20,5,11,16,12,4,3,7.0,-3.0,10,10,25.0,29.0,2.0,1.0,8,5.0,4.0,2.2,1.0,26.0,1.4,1.2,21.0,-6,1.0,5.0,10.0,1.6,1.2,0.40000000000000013,0.7,-0.3,1.0,3
2019-11-10,18:30,Sp Lisbon,Belenenses,2.0,0.0,H,0.0,0.0,D,4.0,3.0,0.0,0.0,19-20,4,15,17,11,5,3,4.0,-8.0,10,10,31.0,28.0,2.0,1.0,9,3.0,9.0,1.4,1.0,27.0,1.0,2.4,24.0,-11,-6.0,3.0,12.0,1.7,1.1,0.5999999999999999,0.4,-0.8,1.2000000000000002,3
2019-11-10,15:00,Pacos Ferreira,Tondela,1.0,0.0,H,1.0,0.0,H,5.0,2.0,1.0,1.0,19-20,17,8,5,15,1,4,-11.0,1.0,10,10,32.0,25.0,3.0,1.0,13,19.0,15.0,0.6,1.0,6.0,0.6,0.8,26.0,9,4.0,-20.0,-12.0,0.5,1.5,-1.0,-1.1,0.1,-1.2000000000000002,3
2019-11-10,15:00,Maritimo,Portimonense,1.0,1.0,D,0.0,1.0,A,4.0,6.0,0.0,0.0,19-20,15,16,10,7,2,1,-5.0,-8.0,10,10,30.0,19.0,2.0,1.0,5,12.0,11.0,1.0,1.2,14.0,0.4,1.4,9.0,-1,1.0,5.0,3.0,1.0,0.7,0.30000000000000004,-0.5,-0.8,0.30000000000000004,3
2019-11-09,20:30,Famalicao,Moreirense,3.0,3.0,D,2.0,0.0,H,3.0,3.0,1.0,0.0,19-20,3,14,23,10,7,2,7.0,-2.0,10,10,27.0,25.0,2.0,1.0,21,19.0,6.0,1.8,1.6,26.0,1.0,1.4,12.0,-11,13.0,14.0,9.0,2.3,1.0,1.2999999999999998,0.7,-0.2,0.8999999999999999,3
2019-11-09,18:00,Santa Clara,Benfica,1.0,2.0,A,1.0,0.0,H,3.0,3.0,0.0,0.0,19-20,9,1,13,27,3,9,-2.0,20.0,10,10,22.0,15.0,0.0,1.0,19,10.0,1.0,0.6,1.2,15.0,2.0,0.2,45.0,8,9.0,-30.0,-22.0,1.3,2.7,-1.4000000000000001,-0.2,2.0,-2.2,3
2019-11-09,15:30,Rio Ave,Setubal,1.0,0.0,H,1.0,0.0,H,0.0,1.0,0.0,0.0,19-20,10,12,12,12,3,2,1.0,-3.0,10,10,19.0,34.0,2.0,2.0,4,7.0,13.0,0.6,0.8,10.0,0.4,0.4,23.0,-2,-6.0,-13.0,4.0,1.2,1.2,0.0,0.1,-0.3,0.4,3
2019-11-08,20:30,Aves,Gil Vicente,1.0,2.0,A,1.0,2.0,A,2.0,3.0,0.0,0.0,19-20,18,14,3,10,1,2,-13.0,-4.0,10,10,25.0,25.0,1.0,2.0,0,14.0,19.0,0.6,1.6,0.0,0.8,0.8,19.0,4,-5.0,-19.0,-9.0,0.3,1.0,-0.7,-1.3,-0.4,-0.9,3
2019-11-04,21:00,Setubal,Boavista,1.0,0.0,H,0.0,0.0,D,3.0,4.0,0.0,0.0,19-20,15,6,9,15,1,3,-4.0,4.0,9,9,31.0,32.0,2.0,1.0,1,13.0,8.0,0.4,0.4,14.0,0.8,0.4,25.0,9,5.0,-11.0,-8.0,1.0,1.6666666666666667,-0.6666666666666667,-0.4444444444444444,0.4444444444444444,-0.8888888888888888,3
2019-11-04,21:00,Portimonense,Santa Clara,1.0,1.0,D,1.0,0.0,H,4.0,2.0,0.0,0.0,19-20,16,9,6,12,1,3,-8.0,-2.0,9,9,15.0,20.0,1.0,0.0,3,11.0,10.0,0.6,1.8,6.0,0.8,1.0,17.0,7,1.0,-11.0,-6.0,0.6666666666666666,1.3333333333333333,-0.6666666666666666,-0.8888888888888888,-0.2222222222222222,-0.6666666666666666,3
2019-11-04,19:00,Belenenses,Pacos Ferreira,1.0,0.0,H,0.0,0.0,D,1.0,4.0,0.0,0.0,19-20,15,17,8,5,2,1,-9.0,-10.0,9,9,27.0,28.0,1.0,3.0,10,9.0,19.0,1.4,2.6,15.0,1.0,1.6,10.0,-2,-10.0,5.0,1.0,0.8888888888888888,0.5555555555555556,0.33333333333333326,-1.0,-1.1111111111111112,0.11111111111111116,3
2019-11-03,20:15,Sp Braga,Famalicao,2.0,2.0,D,0.0,0.0,D,5.0,4.0,0.0,1.0,19-20,10,3,11,22,3,7,-3.0,7.0,9,9,24.0,23.0,1.0,1.0,14,4.0,19.0,1.0,1.0,23.0,2.2,1.6,33.0,7,-15.0,-10.0,-10.0,1.2222222222222223,2.4444444444444446,-1.2222222222222223,-0.3333333333333333,0.7777777777777778,-1.1111111111111112,3
2019-11-03,20:00,Porto,Aves,1.0,0.0,H,1.0,0.0,H,1.0,1.0,0.0,0.0,19-20,2,18,22,3,7,1,15.0,-12.0,9,9,24.0,24.0,1.0,1.0,7,2.0,14.0,2.0,0.6,35.0,0.8,2.4,0.0,-16,-12.0,35.0,27.0,2.4444444444444446,0.3333333333333333,2.111111111111111,1.6666666666666667,-1.3333333333333333,3.0,3
2019-11-03,17:30,Tondela,Sp Lisbon,1.0,0.0,H,0.0,0.0,D,4.0,3.0,0.0,0.0,19-20,8,4,12,17,3,5,0.0,5.0,9,9,21.0,28.0,1.0,2.0,15,15.0,3.0,1.2,1.2,18.0,1.6,1.0,37.0,4,12.0,-19.0,-5.0,1.3333333333333333,1.8888888888888888,-0.5555555555555556,0.0,0.5555555555555556,-0.5555555555555556,3
2019-11-03,15:00,Gil Vicente,Maritimo,2.0,0.0,H,0.0,0.0,D,0.0,0.0,0.0,0.0,19-20,15,12,7,10,1,2,-6.0,-3.0,9,9,25.0,30.0,2.0,2.0,20,19.0,12.0,0.4,1.2,6.0,1.2,1.4,20.0,3,7.0,-14.0,-3.0,0.7777777777777778,1.1111111111111112,-0.33333333333333337,-0.6666666666666666,-0.3333333333333333,-0.3333333333333333,3
2019-11-02,20:30,Moreirense,Guimaraes,1.0,1.0,D,0.0,0.0,D,5.0,3.0,0.0,0.0,19-20,12,5,9,15,2,4,-2.0,7.0,9,9,20.0,22.0,1.0,2.0,12,6.0,5.0,0.8,1.6,9.0,3.0,1.0,33.0,7,1.0,-24.0,-9.0,1.0,1.6666666666666667,-0.6666666666666667,-0.2222222222222222,0.7777777777777778,-1.0,3
2019-11-02,18:00,Benfica,Rio Ave,2.0,0.0,H,1.0,0.0,H,1.0,3.0,0.0,0.0,19-20,1,7,24,12,8,3,18.0,3.0,9,9,14.0,16.0,1.0,2.0,6,1.0,7.0,2.0,0.2,45.0,1.0,1.2,15.0,-6,-6.0,30.0,15.0,2.6666666666666665,1.3333333333333333,1.3333333333333333,2.0,0.3333333333333333,1.6666666666666667,3
2019-10-31,20:15,Santa Clara,Setubal,1.0,1.0,D,1.0,1.0,D,3.0,5.0,0.0,1.0,19-20,9,13,11,8,3,1,-2.0,-4.0,8,8,17.0,26.0,0.0,1.0,19,10.0,13.0,0.6,0.8,19.0,0.2,0.2,15.0,-4,-3.0,4.0,2.0,1.375,1.0,0.375,-0.25,-0.5,0.25,3
2019-10-31,20:15,Boavista,Sp Braga,2.0,0.0,H,1.0,0.0,H,4.0,2.0,0.0,0.0,19-20,7,9,12,11,2,3,2.0,-1.0,8,8,28.0,22.0,1.0,1.0,11,8.0,4.0,0.6,0.4,17.0,1.0,1.4,30.0,-2,4.0,-13.0,3.0,1.5,1.375,0.125,0.25,-0.125,0.375,3
2019-10-31,19:45,Pacos Ferreira,Sp Lisbon,1.0,2.0,A,0.0,1.0,A,5.0,7.0,0.0,0.0,19-20,17,5,5,14,1,4,-9.0,4.0,8,8,23.0,21.0,3.0,2.0,13,19.0,3.0,0.8,1.4,14.0,1.6,1.4,29.0,12,16.0,-15.0,-13.0,0.625,1.75,-1.125,-1.125,0.5,-1.625,3
2019-10-30,21:00,Famalicao,Gil Vicente,2.0,1.0,H,1.0,0.0,H,3.0,1.0,0.0,0.0,19-20,3,15,19,7,6,1,6.0,-5.0,8,8,20.0,24.0,1.0,2.0,21,19.0,19.0,2.4,1.8,30.0,0.2,0.8,9.0,-12,0.0,21.0,11.0,2.375,0.875,1.5,0.75,-0.625,1.375,3
2019-10-30,20:15,Benfica,Portimonense,4.0,0.0,H,1.0,0.0,H,1.0,1.0,0.0,0.0,19-20,2,16,21,6,7,1,14.0,-4.0,8,8,13.0,14.0,1.0,1.0,6,1.0,11.0,2.0,0.2,45.0,0.6,1.2,8.0,-14,-10.0,37.0,18.0,2.625,0.75,1.875,1.75,-0.5,2.25,3
2019-10-30,20:00,Guimaraes,Belenenses,5.0,0.0,H,2.0,0.0,H,1.0,4.0,0.0,0.0,19-20,6,13,12,8,3,2,2.0,-4.0,8,8,21.0,23.0,2.0,1.0,8,5.0,9.0,2.2,1.2,28.0,1.4,1.8,21.0,-7,-4.0,7.0,6.0,1.5,1.0,0.5,0.25,-0.5,0.75,3
2019-10-30,18:45,Maritimo,Porto,1.0,1.0,D,1.0,0.0,H,4.0,5.0,0.0,0.0,19-20,12,1,9,21,2,7,-3.0,15.0,8,8,26.0,19.0,2.0,1.0,5,12.0,2.0,1.2,1.2,23.0,2.4,0.4,45.0,11,10.0,-22.0,-18.0,1.125,2.625,-1.5,-0.375,1.875,-2.25,3
2019-10-30,17:00,Rio Ave,Moreirense,1.0,1.0,D,0.0,1.0,A,1.0,1.0,0.0,0.0,19-20,8,12,11,8,3,2,3.0,-2.0,8,8,15.0,19.0,2.0,1.0,4,7.0,6.0,1.0,1.2,15.0,0.8,1.4,8.0,-4,1.0,7.0,5.0,1.375,1.0,0.375,0.375,-0.25,0.625,3
2019-10-28,20:15,Sp Braga,Santa Clara,2.0,0.0,H,1.0,0.0,H,1.0,1.0,0.0,0.0,19-20,12,9,8,11,2,3,-3.0,0.0,7,7,21.0,16.0,1.0,0.0,14,4.0,10.0,0.8,1.6,20.0,0.6,0.4,27.0,3,-6.0,-7.0,-3.0,1.1428571428571428,1.5714285714285714,-0.4285714285714286,-0.42857142857142855,0.0,-0.42857142857142855,3
2019-10-27,20:00,Sp Lisbon,Guimaraes,3.0,1.0,H,2.0,0.0,H,1.0,1.0,0.0,0.0,19-20,8,4,11,12,3,3,2.0,4.0,7,7,20.0,20.0,2.0,2.0,9,3.0,5.0,1.6,1.4,21.0,2.0,1.2,38.0,4,-2.0,-17.0,-2.0,1.5714285714285714,1.7142857142857142,-0.1428571428571428,0.2857142857142857,0.5714285714285714,-0.2857142857142857,3
2019-10-27,17:30,Porto,Famalicao,3.0,0.0,H,1.0,0.0,H,0.0,3.0,0.0,0.0,19-20,3,2,18,19,6,6,12.0,9.0,7,7,19.0,17.0,1.0,1.0,7,2.0,19.0,2.2,0.4,45.0,2.6,1.4,43.0,1,-17.0,2.0,3.0,2.5714285714285716,2.7142857142857144,-0.1428571428571428,1.7142857142857142,1.2857142857142858,0.4285714285714284,3
2019-10-27,15:00,Tondela,Benfica,0.0,1.0,A,0.0,1.0,A,1.0,2.0,0.0,0.0,19-20,6,2,12,18,3,6,1.0,13.0,8,7,20.0,11.0,1.0,1.0,15,15.0,1.0,1.2,1.0,26.0,1.8,0.6,42.0,4,14.0,-16.0,-12.0,1.5,2.5714285714285716,-1.0714285714285716,0.125,1.8571428571428572,-1.7321428571428572,3
2019-10-26,20:30,Moreirense,Boavista,1.0,1.0,D,1.0,0.0,H,3.0,4.0,1.0,0.0,19-20,14,8,7,11,2,2,-2.0,2.0,7,7,16.0,24.0,0.0,1.0,12,6.0,8.0,0.6,1.2,7.0,0.6,0.4,19.0,6,-2.0,-12.0,-4.0,1.0,1.5714285714285714,-0.5714285714285714,-0.2857142857142857,0.2857142857142857,-0.5714285714285714,3
2019-10-26,18:00,Setubal,Maritimo,0.0,0.0,D,0.0,0.0,D,0.0,1.0,0.0,0.0,19-20,14,10,7,8,1,2,-4.0,-3.0,7,7,26.0,25.0,1.0,2.0,1,13.0,12.0,0.2,0.2,16.0,1.6,1.8,25.0,4,1.0,-9.0,-1.0,1.0,1.1428571428571428,-0.1428571428571428,-0.5714285714285714,-0.42857142857142855,-0.14285714285714285,3
2019-10-26,15:30,Gil Vicente,Portimonense,1.0,1.0,D,1.0,1.0,D,3.0,2.0,1.0,0.0,19-20,14,15,6,5,1,1,-5.0,-4.0,7,7,21.0,12.0,1.0,1.0,20,19.0,11.0,0.2,0.8,7.0,0.6,1.6,4.0,-1,8.0,3.0,-1.0,0.8571428571428571,0.7142857142857143,0.1428571428571428,-0.7142857142857143,-0.5714285714285714,-0.1428571428571429,3
2019-10-26,15:30,Belenenses,Aves,3.0,2.0,H,2.0,2.0,D,3.0,2.0,0.0,0.0,19-20,16,18,5,3,1,1,-5.0,-11.0,7,8,20.0,22.0,1.0,1.0,10,9.0,14.0,0.8,1.4,10.0,0.8,2.4,0.0,-2,-5.0,10.0,6.0,0.7142857142857143,0.375,0.3392857142857143,-0.7142857142857143,-1.375,0.6607142857142857,3
2019-10-25,20:30,Pacos Ferreira,Rio Ave,0.0,0.0,D,0.0,0.0,D,0.0,1.0,0.0,0.0,19-20,17,9,4,10,1,3,-9.0,3.0,7,7,23.0,14.0,3.0,2.0,13,19.0,7.0,1.0,1.6,13.0,1.6,1.6,17.0,8,12.0,-4.0,-12.0,0.5714285714285714,1.4285714285714286,-0.8571428571428572,-1.2857142857142858,0.42857142857142855,-1.7142857142857144,3
2019-10-05,15:30,Aves,Tondela,0.0,1.0,A,0.0,0.0,D,1.0,1.0,0.0,0.0,19-20,18,9,3,9,1,2,-10.0,0.0,7,7,21.0,19.0,1.0,1.0,0,14.0,15.0,1.0,3.2,0.0,1.6,1.4,19.0,9,-1.0,-19.0,-10.0,0.42857142857142855,1.2857142857142858,-0.8571428571428572,-1.4285714285714286,0.0,-1.4285714285714286,3
2019-09-30,20:15,Aves,Sp Lisbon,0.0,1.0,A,0.0,0.0,D,3.0,2.0,0.0,0.0,19-20,18,9,3,8,1,2,-9.0,1.0,6,6,18.0,18.0,1.0,2.0,0,14.0,3.0,1.6,3.2,3.0,1.8,1.6,13.0,9,11.0,-10.0,-10.0,0.5,1.3333333333333333,-0.8333333333333333,-1.5,0.16666666666666666,-1.6666666666666667,3
2019-09-29,20:00,Rio Ave,Porto,0.0,1.0,A,0.0,1.0,A,3.0,3.0,0.0,0.0,19-20,7,3,10,15,3,5,4.0,11.0,6,6,11.0,16.0,2.0,1.0,4,7.0,2.0,2.6,1.6,27.0,2.8,0.4,45.0,4,5.0,-18.0,-7.0,1.6666666666666667,2.5,-0.8333333333333333,0.6666666666666666,1.8333333333333333,-1.1666666666666665,3
2019-09-29,18:00,Portimonense,Sp Braga,0.0,1.0,A,0.0,1.0,A,3.0,4.0,0.0,0.0,19-20,14,15,5,5,1,1,-3.0,-4.0,6,6,9.0,17.0,1.0,1.0,3,11.0,4.0,1.0,1.6,8.0,0.8,2.0,7.0,-1,7.0,1.0,1.0,0.8333333333333334,0.8333333333333334,0.0,-0.5,-0.6666666666666666,0.16666666666666663,3
2019-09-29,16:00,Santa Clara,Gil Vicente,1.0,0.0,H,0.0,0.0,D,4.0,1.0,0.0,1.0,19-20,9,13,8,6,2,1,-1.0,-4.0,6,6,12.0,20.0,0.0,0.0,19,10.0,19.0,0.6,0.4,20.0,0.2,1.2,10.0,-4,-9.0,10.0,3.0,1.3333333333333333,1.0,0.33333333333333326,-0.16666666666666666,-0.6666666666666666,0.5,3
2019-09-29,16:00,Guimaraes,Pacos Ferreira,1.0,0.0,H,0.0,0.0,D,1.0,6.0,0.0,1.0,19-20,6,17,9,4,2,1,3.0,-8.0,6,6,19.0,17.0,2.0,2.0,8,5.0,19.0,2.0,1.4,31.0,1.0,1.6,17.0,-11,-14.0,14.0,11.0,1.5,0.6666666666666666,0.8333333333333334,0.5,-1.3333333333333333,1.8333333333333333,3
2019-09-28,21:30,Famalicao,Belenenses,3.0,1.0,H,0.0,1.0,A,2.0,2.0,0.0,0.0,19-20,2,15,16,5,5,1,7.0,-3.0,6,6,15.0,18.0,1.0,1.0,21,19.0,9.0,2.2,1.2,41.0,0.6,1.2,14.0,-13,10.0,27.0,10.0,2.6666666666666665,0.8333333333333334,1.833333333333333,1.1666666666666667,-0.5,1.6666666666666667,3
2019-09-28,19:00,Benfica,Setubal,1.0,0.0,H,0.0,0.0,D,4.0,4.0,1.0,0.0,19-20,2,12,15,7,5,1,12.0,-3.0,6,6,7.0,22.0,0.0,1.0,6,1.0,13.0,2.0,0.6,39.0,0.2,0.8,22.0,-10,-12.0,17.0,15.0,2.5,1.1666666666666667,1.3333333333333333,2.0,-0.5,2.5,3
2019-09-28,16:30,Maritimo,Moreirense,2.0,1.0,H,0.0,0.0,D,4.0,6.0,0.0,0.0,19-20,15,10,5,7,1,2,-4.0,-1.0,6,6,21.0,10.0,2.0,0.0,5,12.0,6.0,1.4,2.2,14.0,1.0,0.8,14.0,5,6.0,0.0,-3.0,0.8333333333333334,1.1666666666666667,-0.33333333333333337,-0.6666666666666666,-0.16666666666666666,-0.5,3
2019-09-27,20:30,Boavista,Tondela,0.0,0.0,D,0.0,0.0,D,3.0,4.0,0.0,0.0,19-20,5,8,10,8,2,2,2.0,0.0,6,6,21.0,15.0,1.0,1.0,11,8.0,15.0,0.8,0.6,21.0,1.8,1.8,21.0,-3,-7.0,0.0,2.0,1.6666666666666667,1.3333333333333333,0.3333333333333335,0.3333333333333333,0.0,0.3333333333333333,3
2019-09-23,21:00,Sp Lisbon,Famalicao,1.0,2.0,A,1.0,0.0,H,3.0,2.0,0.0,0.0,19-20,7,3,8,13,2,4,2.0,6.0,5,5,15.0,13.0,2.0,1.0,9,3.0,19.0,1.8,1.4,21.0,2.2,1.0,39.0,4,-16.0,-18.0,-4.0,1.6,2.6,-1.0,0.4,1.2,-0.7999999999999999,3
2019-09-23,19:00,Sp Braga,Maritimo,2.0,2.0,D,0.0,1.0,A,2.0,5.0,0.0,1.0,19-20,16,15,4,4,1,1,-4.0,-4.0,5,5,15.0,16.0,1.0,1.0,14,4.0,12.0,1.0,1.8,6.0,1.2,2.0,13.0,1,-8.0,-7.0,0.0,0.8,0.8,0.0,-0.8,-0.8,0.0,3
2019-09-22,20:30,Porto,Santa Clara,2.0,0.0,H,2.0,0.0,H,4.0,4.0,0.0,0.0,19-20,3,8,12,8,4,2,9.0,1.0,5,5,12.0,8.0,1.0,0.0,7,2.0,10.0,2.6,0.8,42.0,0.6,0.4,28.0,-5,-8.0,14.0,8.0,2.4,1.6,0.7999999999999998,1.8,0.2,1.6,2
2019-09-22,18:00,Tondela,Guimaraes,1.0,3.0,A,1.0,3.0,A,2.0,4.0,0.0,0.0,19-20,7,11,8,6,2,1,2.0,1.0,5,5,13.0,15.0,1.0,2.0,15,15.0,5.0,1.6,1.2,29.0,1.6,1.4,22.0,-4,10.0,7.0,1.0,1.6,1.2,0.40000000000000013,0.4,0.2,0.2,2
2019-09-22,18:00,Setubal,Portimonense,0.0,0.0,D,0.0,0.0,D,3.0,0.0,0.0,0.0,19-20,11,14,6,4,1,1,-3.0,-3.0,5,5,19.0,9.0,1.0,1.0,1,13.0,11.0,0.2,0.8,23.0,1.0,1.6,7.0,-3,2.0,16.0,0.0,1.2,0.8,0.3999999999999999,-0.6,-0.6,0.0,2
2019-09-22,15:30,Gil Vicente,Boavista,0.0,0.0,D,0.0,0.0,D,5.0,2.0,0.0,1.0,19-20,13,5,5,9,1,2,-4.0,2.0,5,5,15.0,19.0,0.0,0.0,20,19.0,8.0,0.6,1.4,10.0,1.2,0.8,25.0,8,11.0,-15.0,-6.0,1.0,1.8,-0.8,-0.8,0.4,-1.2000000000000002,2
2019-09-21,20:30,Moreirense,Benfica,1.0,2.0,A,0.0,0.0,D,3.0,2.0,0.0,0.0,19-20,9,2,7,12,2,4,0.0,11.0,5,5,7.0,5.0,0.0,0.0,12,6.0,1.0,1.0,1.0,21.0,2.6,0.4,36.0,7,5.0,-15.0,-11.0,1.4,2.4,-1.0,0.0,2.2,-2.2,2
2019-09-21,18:00,Belenenses,Rio Ave,0.0,2.0,A,0.0,1.0,A,3.0,0.0,0.0,0.0,19-20,12,8,5,7,1,2,-1.0,2.0,5,5,15.0,11.0,1.0,2.0,10,9.0,7.0,0.6,0.8,19.0,2.2,1.8,19.0,4,2.0,0.0,-3.0,1.0,1.4,-0.3999999999999999,-0.2,0.4,-0.6000000000000001,2
2019-09-20,20:30,Pacos Ferreira,Aves,2.0,1.0,H,0.0,1.0,A,5.0,3.0,1.0,0.0,19-20,18,17,1,3,0,1,-9.0,-8.0,5,5,12.0,15.0,1.0,1.0,13,19.0,14.0,0.6,2.4,3.0,1.6,3.2,6.0,1,5.0,-3.0,-1.0,0.2,0.6,-0.39999999999999997,-1.8,-1.6,-0.19999999999999996,2
2019-09-15,20:00,Boavista,Sp Lisbon,1.0,1.0,D,1.0,0.0,H,2.0,6.0,0.0,1.0,19-20,5,8,8,7,2,2,2.0,2.0,4,4,17.0,9.0,0.0,1.0,11,8.0,3.0,1.25,0.75,28.0,2.0,1.5,23.0,-3,5.0,5.0,0.0,2.0,1.75,0.25,0.5,0.5,0.0,2
2019-09-15,18:00,Portimonense,Porto,2.0,3.0,A,0.0,2.0,A,1.0,1.0,0.0,1.0,19-20,14,3,4,9,1,3,-2.0,8.0,4,4,8.0,11.0,1.0,0.0,3,11.0,2.0,0.75,1.25,11.0,2.5,0.5,36.0,11,9.0,-25.0,-10.0,1.0,2.25,-1.25,-0.5,2.0,-2.5,2
2019-09-15,16:00,Santa Clara,Moreirense,2.0,0.0,H,1.0,0.0,H,3.0,2.0,0.0,0.0,19-20,12,8,5,7,1,2,-1.0,2.0,4,4,5.0,5.0,0.0,0.0,19,10.0,6.0,0.25,0.5,18.0,1.25,0.75,28.0,4,4.0,-10.0,-3.0,1.25,1.75,-0.5,-0.25,0.5,-0.75,2
2019-09-15,16:00,Rio Ave,Tondela,2.0,4.0,A,1.0,2.0,A,2.0,3.0,0.0,0.0,19-20,5,10,7,5,2,1,4.0,0.0,4,4,9.0,10.0,2.0,1.0,4,7.0,15.0,2.25,1.25,26.0,1.0,1.0,19.0,-5,-8.0,7.0,4.0,1.75,1.25,0.5,1.0,0.0,1.0,2
2019-09-15,16:00,Maritimo,Belenenses,1.0,3.0,A,0.0,2.0,A,2.0,3.0,0.0,0.0,19-20,13,17,4,2,1,0,-2.0,-3.0,4,4,14.0,12.0,1.0,1.0,5,12.0,9.0,1.25,1.75,17.0,0.0,0.75,6.0,-4,3.0,11.0,1.0,1.0,0.5,0.5,-0.5,-0.75,0.25,2
2019-09-14,21:30,Guimaraes,Aves,5.0,1.0,H,2.0,1.0,H,3.0,2.0,0.0,0.0,19-20,15,16,3,3,0,1,-3.0,-4.0,4,4,12.0,13.0,2.0,1.0,8,5.0,14.0,0.75,1.5,10.0,1.75,2.75,9.0,-1,-9.0,1.0,1.0,0.75,0.75,0.0,-0.75,-1.0,0.25,2
2019-09-14,19:00,Benfica,Gil Vicente,2.0,0.0,H,1.0,0.0,H,1.0,4.0,0.0,0.0,19-20,2,11,9,5,3,1,9.0,-2.0,4,4,4.0,11.0,0.0,0.0,6,1.0,19.0,2.75,0.5,30.0,0.75,1.25,15.0,-9,-18.0,15.0,11.0,2.25,1.25,1.0,2.25,-0.5,2.75,2
2019-09-14,16:30,Famalicao,Pacos Ferreira,4.0,2.0,H,1.0,0.0,H,3.0,2.0,0.0,0.0,19-20,1,18,10,1,3,0,4.0,-7.0,4,4,10.0,10.0,1.0,1.0,21,19.0,19.0,1.75,0.75,34.0,0.25,2.0,4.0,-17,0.0,30.0,11.0,2.5,0.25,2.25,1.0,-1.75,2.75,2
2019-09-13,20:30,Setubal,Sp Braga,1.0,0.0,H,0.0,0.0,D,1.0,4.0,0.0,1.0,19-20,16,13,3,4,0,1,-4.0,-3.0,4,4,18.0,11.0,1.0,0.0,1,13.0,4.0,0.0,1.0,11.0,1.25,2.0,10.0,3,9.0,1.0,-1.0,0.75,1.0,-0.25,-1.0,-0.75,-0.25,2
2019-09-08,15:00,Rio Ave,Guimaraes,1.0,1.0,D,1.0,1.0,D,2.0,2.0,1.0,0.0,19-20,7,16,6,2,2,0,4.0,-3.0,3,3,7.0,10.0,1.0,2.0,4,7.0,5.0,2.6666666666666665,1.3333333333333333,27.0,0.6666666666666666,1.6666666666666667,7.0,-9,2.0,20.0,7.0,2.0,0.6666666666666666,1.3333333333333335,1.3333333333333333,-1.0,2.333333333333333,2
2019-09-01,21:00,Sp Braga,Benfica,0.0,4.0,A,0.0,1.0,A,2.0,1.0,0.0,0.0,19-20,11,6,4,6,1,2,1.0,5.0,3,3,9.0,3.0,0.0,0.0,14,4.0,1.0,1.6666666666666667,1.3333333333333333,14.0,2.3333333333333335,0.6666666666666666,21.0,5,3.0,-7.0,-4.0,1.3333333333333333,2.0,-0.6666666666666667,0.3333333333333333,1.6666666666666667,-1.3333333333333335,2
2019-09-01,18:30,Porto,Guimaraes,3.0,0.0,H,1.0,0.0,H,3.0,3.0,0.0,2.0,19-20,6,16,6,2,2,0,5.0,0.0,3,2,8.0,7.0,0.0,0.0,7,2.0,5.0,2.3333333333333335,0.6666666666666666,27.0,1.0,1.0,9.0,-10,-3.0,18.0,5.0,2.0,1.0,1.0,1.6666666666666667,0.0,1.6666666666666667,2
2019-09-01,16:00,Tondela,Santa Clara,0.0,0.0,D,0.0,0.0,D,2.0,2.0,1.0,0.0,19-20,10,11,4,4,1,1,0.0,-1.0,3,3,8.0,3.0,0.0,0.0,15,15.0,10.0,1.3333333333333333,1.3333333333333333,18.0,0.3333333333333333,0.6666666666666666,17.0,-1,5.0,1.0,1.0,1.3333333333333333,1.3333333333333333,0.0,0.0,-0.3333333333333333,0.3333333333333333,2
2019-08-31,21:30,Gil Vicente,Setubal,0.0,0.0,D,0.0,0.0,D,3.0,6.0,0.0,0.0,19-20,13,17,4,2,1,0,-2.0,-4.0,3,3,8.0,12.0,0.0,1.0,20,19.0,13.0,1.0,1.6666666666666667,14.0,0.0,1.3333333333333333,8.0,-4,6.0,6.0,2.0,1.3333333333333333,0.6666666666666666,0.6666666666666666,-0.6666666666666666,-1.3333333333333333,0.6666666666666666,2
2019-08-31,19:00,Sp Lisbon,Rio Ave,2.0,3.0,A,1.0,1.0,D,2.0,2.0,1.0,0.0,19-20,3,13,7,3,2,1,3.0,3.0,3,2,7.0,5.0,0.0,1.0,9,3.0,7.0,2.0,1.0,30.0,2.5,1.0,15.0,-10,-4.0,15.0,0.0,2.3333333333333335,1.5,0.8333333333333335,1.0,1.5,-0.5,2
2019-08-31,16:30,Pacos Ferreira,Maritimo,0.0,1.0,A,0.0,0.0,D,1.0,4.0,0.0,1.0,19-20,18,17,1,1,0,0,-6.0,-3.0,3,3,9.0,10.0,1.0,0.0,13,19.0,12.0,0.3333333333333333,2.3333333333333335,5.0,1.3333333333333333,2.3333333333333335,3.0,1,7.0,2.0,-3.0,0.3333333333333333,0.3333333333333333,0.0,-2.0,-1.0,-1.0,2
2019-08-31,16:30,Aves,Famalicao,2.0,3.0,A,1.0,1.0,D,5.0,3.0,1.0,1.0,19-20,13,3,3,7,1,2,-3.0,3.0,3,3,8.0,7.0,0.0,0.0,0,14.0,19.0,1.6666666666666667,2.6666666666666665,12.0,1.3333333333333333,0.3333333333333333,26.0,10,-5.0,-14.0,-6.0,1.0,2.3333333333333335,-1.3333333333333335,-1.0,1.0,-2.0,2
2019-08-30,21:15,Belenenses,Boavista,0.0,1.0,A,0.0,0.0,D,3.0,4.0,1.0,0.0,19-20,15,6,2,5,0,1,-2.0,1.0,3,3,9.0,13.0,0.0,0.0,10,9.0,8.0,0.0,0.6666666666666666,8.0,1.3333333333333333,1.0,18.0,9,1.0,-10.0,-3.0,0.6666666666666666,1.6666666666666667,-1.0,-0.6666666666666666,0.3333333333333333,-1.0,2
2019-08-30,19:00,Moreirense,Portimonense,1.0,0.0,H,1.0,0.0,H,2.0,5.0,0.0,1.0,19-20,7,9,4,4,1,1,1.0,-1.0,3,3,3.0,3.0,0.0,0.0,12,6.0,11.0,1.3333333333333333,1.0,17.0,1.0,1.3333333333333333,15.0,-2,-5.0,2.0,2.0,1.3333333333333333,1.3333333333333333,0.0,0.3333333333333333,-0.3333333333333333,0.6666666666666666,2
2019-08-25,21:00,Guimaraes,Famalicao,1.0,1.0,D,0.0,0.0,D,4.0,1.0,0.0,0.0,19-20,16,4,1,6,0,2,0.0,3.0,1,2,3.0,6.0,0.0,0.0,8,5.0,19.0,1.0,1.0,5.0,1.5,0.0,27.0,12,-14.0,-22.0,-3.0,1.0,3.0,-2.0,0.0,1.5,-1.5,2
2019-08-25,20:30,Gil Vicente,Sp Braga,1.0,1.0,D,0.0,1.0,A,2.0,2.0,0.0,0.0,19-20,12,11,3,3,1,1,-2.0,1.0,2,2,6.0,7.0,0.0,0.0,20,19.0,4.0,1.0,2.0,12.0,2.0,1.5,12.0,1,15.0,0.0,-3.0,1.5,1.5,0.0,-1.0,0.5,-1.5,2
2019-08-25,18:30,Portimonense,Sp Lisbon,1.0,3.0,A,1.0,2.0,A,1.0,0.0,0.0,0.0,19-20,7,6,4,4,1,1,1.0,1.0,2,2,2.0,7.0,0.0,0.0,3,11.0,3.0,1.0,0.5,19.0,1.5,1.0,19.0,1,8.0,0.0,0.0,2.0,2.0,0.0,0.5,0.5,0.0,2
2019-08-25,16:00,Santa Clara,Belenenses,0.0,0.0,D,0.0,0.0,D,2.0,1.0,0.0,0.0,19-20,11,16,3,1,1,0,-1.0,-2.0,2,2,1.0,8.0,0.0,0.0,19,10.0,9.0,0.5,1.0,15.0,0.0,1.0,4.0,-5,1.0,11.0,1.0,1.5,0.5,1.0,-0.5,-1.0,0.5,2
2019-08-25,16:00,Maritimo,Tondela,2.0,3.0,A,0.0,1.0,A,2.0,5.0,0.0,0.0,19-20,16,15,1,1,0,0,-2.0,-1.0,2,2,8.0,3.0,0.0,0.0,5,12.0,15.0,1.0,2.0,4.0,0.5,1.0,4.0,1,-3.0,0.0,-1.0,0.5,0.5,0.0,-1.0,-0.5,-0.5,2
2019-08-24,21:30,Boavista,Pacos Ferreira,1.0,1.0,D,1.0,1.0,D,5.0,2.0,0.0,0.0,19-20,5,18,4,0,1,0,1.0,-6.0,2,2,8.0,7.0,0.0,1.0,11,8.0,19.0,1.5,1.0,17.0,0.0,3.0,0.0,-13,-11.0,17.0,7.0,2.0,0.0,2.0,0.5,-3.0,3.5,2
2019-08-24,19:00,Benfica,Porto,0.0,2.0,A,0.0,1.0,A,2.0,5.0,0.0,0.0,19-20,1,7,6,3,2,1,7.0,3.0,2,2,1.0,3.0,0.0,0.0,6,1.0,2.0,3.5,0.0,27.0,2.5,1.0,15.0,-6,-1.0,12.0,4.0,3.0,1.5,1.5,3.5,1.5,2.0,2
2019-08-23,21:15,Rio Ave,Aves,5.0,1.0,H,2.0,0.0,H,0.0,3.0,0.0,0.0,19-20,17,9,0,3,0,1,-1.0,1.0,1,2,5.0,5.0,1.0,0.0,4,7.0,14.0,0.0,1.0,0.0,2.0,1.5,15.0,8,-7.0,-15.0,-2.0,0.0,1.5,-1.5,-1.0,0.5,-1.5,2
2019-08-23,19:00,Setubal,Moreirense,0.0,0.0,D,0.0,0.0,D,3.0,1.0,0.0,0.0,19-20,16,8,1,3,0,1,-4.0,1.0,2,2,9.0,2.0,1.0,0.0,1,13.0,6.0,0.0,2.0,4.0,2.0,1.5,15.0,8,7.0,-11.0,-5.0,0.5,1.5,-1.0,-2.0,0.5,-2.5,2
2019-08-19,20:15,Tondela,Portimonense,1.0,2.0,A,0.0,2.0,A,1.0,1.0,0.0,0.0,19-20,13,12,1,1,0,0,0.0,0.0,1,1,2.0,1.0,0.0,0.0,15,15.0,11.0,0.0,0.0,5.0,0.0,0.0,5.0,1,4.0,0.0,0.0,1.0,1.0,0.0,0.0,0.0,0.0,2
2019-08-18,21:00,Sp Lisbon,Sp Braga,2.0,1.0,H,2.0,0.0,H,3.0,5.0,0.0,0.0,19-20,11,5,1,3,0,1,0.0,2.0,1,1,4.0,2.0,0.0,0.0,9,3.0,4.0,1.0,1.0,5.0,3.0,1.0,15.0,6,-1.0,-10.0,-2.0,1.0,3.0,-2.0,0.0,2.0,-2.0,2
2019-08-18,18:30,Guimaraes,Boavista,1.0,1.0,D,1.0,0.0,H,3.0,3.0,0.0,0.0,19-20,16,7,0,3,0,1,0.0,1.0,0,1,0.0,5.0,0.0,0.0,8,5.0,8.0,0.0,0.0,0.0,2.0,1.0,15.0,9,-3.0,-15.0,-1.0,0.0,3.0,-3.0,0.0,1.0,-1.0,2
2019-08-18,16:00,Pacos Ferreira,Santa Clara,0.0,1.0,A,0.0,1.0,A,3.0,1.0,0.0,0.0,19-20,18,17,0,0,0,0,-5.0,-2.0,1,1,4.0,0.0,1.0,0.0,13,19.0,10.0,0.0,5.0,0.0,0.0,2.0,0.0,1,9.0,0.0,-3.0,0.0,0.0,0.0,-5.0,-2.0,-3.0,2
2019-08-18,16:00,Aves,Maritimo,3.0,1.0,H,2.0,1.0,H,2.0,4.0,0.0,0.0,19-20,15,8,0,1,0,0,-1.0,0.0,1,1,3.0,4.0,0.0,0.0,0,14.0,12.0,1.0,2.0,0.0,1.0,1.0,5.0,7,2.0,-5.0,-1.0,0.0,1.0,-1.0,-1.0,0.0,-1.0,2
2019-08-17,21:30,Porto,Setubal,4.0,0.0,H,2.0,0.0,H,0.0,2.0,0.0,0.0,19-20,14,10,0,1,0,0,-1.0,0.0,1,1,3.0,7.0,0.0,1.0,7,2.0,13.0,1.0,2.0,0.0,0.0,0.0,5.0,4,-11.0,-5.0,-1.0,0.0,1.0,-1.0,-1.0,0.0,-1.0,2
2019-08-17,19:00,Belenenses,Benfica,0.0,2.0,A,0.0,0.0,D,7.0,1.0,0.0,0.0,19-20,11,2,1,3,0,1,0.0,5.0,1,1,1.0,0.0,0.0,0.0,10,9.0,1.0,0.0,0.0,5.0,5.0,0.0,15.0,9,8.0,-10.0,-5.0,1.0,3.0,-2.0,0.0,5.0,-5.0,2
2019-08-17,16:30,Moreirense,Gil Vicente,3.0,0.0,H,2.0,0.0,H,0.0,3.0,0.0,0.0,19-20,16,4,0,3,0,1,-2.0,1.0,1,1,2.0,3.0,0.0,0.0,12,6.0,19.0,1.0,3.0,0.0,2.0,1.0,15.0,12,-13.0,-15.0,-3.0,0.0,3.0,-3.0,-2.0,1.0,-3.0,2
2019-08-16,20:30,Famalicao,Rio Ave,1.0,0.0,H,0.0,0.0,D,3.0,5.0,0.0,1.0,19-20,3,13,3,0,1,0,2.0,0.0,1,0,3.0,0.0,0.0,0.0,21,19.0,7.0,2.0,0.0,15.0,0.0,0.0,0.0,-10,12.0,15.0,2.0,3.0,0.0,3.0,2.0,0.0,2.0,2
2019-08-12,20:15,Setubal,Tondela,0.0,0.0,D,0.0,0.0,D,7.0,2.0,1.0,0.0,19-20,10,12,0,0,0,0,0.0,0.0,0,0,0.0,0.0,0.0,0.0,1,13.0,15.0,0.0,0.0,0.0,0.0,0.0,0.0,-2,-2.0,0.0,0.0,0.0,0.0,0.0,0.0,0.0,0.0,2
2019-08-11,21:00,Sp Braga,Moreirense,3.0,1.0,H,1.0,0.0,H,2.0,2.0,0.0,0.0,19-20,9,11,0,0,0,0,0.0,0.0,0,0,0.0,0.0,0.0,0.0,14,4.0,6.0,0.0,0.0,0.0,0.0,0.0,0.0,-2,-2.0,0.0,0.0,0.0,0.0,0.0,0.0,0.0,0.0,2
2019-08-11,18:30,Maritimo,Sp Lisbon,1.0,1.0,D,1.0,1.0,D,4.0,4.0,0.0,0.0,19-20,7,12,0,0,0,0,0.0,0.0,0,0,0.0,0.0,0.0,0.0,5,12.0,3.0,0.0,0.0,0.0,0.0,0.0,0.0,-5,9.0,0.0,0.0,0.0,0.0,0.0,0.0,0.0,0.0,2
2019-08-11,16:00,Boavista,Aves,2.0,1.0,H,1.0,1.0,D,5.0,3.0,0.0,0.0,19-20,6,11,0,0,0,0,0.0,0.0,0,0,0.0,0.0,0.0,0.0,11,8.0,14.0,0.0,0.0,0.0,0.0,0.0,0.0,-5,-6.0,0.0,0.0,0.0,0.0,0.0,0.0,0.0,0.0,2
2019-08-10,21:30,Benfica,Pacos Ferreira,5.0,0.0,H,2.0,0.0,H,0.0,4.0,0.0,1.0,19-20,5,12,0,0,0,0,0.0,0.0,0,0,0.0,0.0,0.0,0.0,6,1.0,19.0,0.0,0.0,0.0,0.0,0.0,0.0,-7,-18.0,0.0,0.0,0.0,0.0,0.0,0.0,0.0,0.0,2
2019-08-10,19:00,Gil Vicente,Porto,2.0,1.0,H,0.0,0.0,D,3.0,3.0,0.0,0.0,19-20,4,11,0,0,0,0,0.0,0.0,0,0,0.0,0.0,0.0,0.0,20,19.0,2.0,0.0,0.0,0.0,0.0,0.0,0.0,-7,17.0,0.0,0.0,0.0,0.0,0.0,0.0,0.0,0.0,2
2019-08-10,16:30,Santa Clara,Famalicao,0.0,2.0,A,0.0,1.0,A,0.0,3.0,0.0,0.0,19-20,3,10,0,0,0,0,0.0,0.0,0,0,0.0,0.0,0.0,0.0,19,10.0,19.0,0.0,0.0,0.0,0.0,0.0,0.0,-7,-9.0,0.0,0.0,0.0,0.0,0.0,0.0,0.0,0.0,2
2019-08-09,20:30,Portimonense,Belenenses,0.0,0.0,D,0.0,0.0,D,1.0,1.0,0.0,0.0,19-20,1,11,0,0,0,0,0.0,0.0,0,0,0.0,0.0,0.0,0.0,3,11.0,9.0,0.0,0.0,0.0,0.0,0.0,0.0,-10,2.0,0.0,0.0,0.0,0.0,0.0,0.0,0.0,0.0,2
2019-05-19,,Tondela,Chaves,5.0,2.0,H,4.0,2.0,H,5.0,3.0,0.0,0.0,18-19,15,16,32,32,8,8,-17.0,-20.0,33,33,95.0,80.0,13.0,5.0,15,11.0,6.0,0.6,1.8,11.0,2.4,1.8,20.0,-1,5.0,-9.0,3.0,0.9696969696969697,0.9696969696969697,0.0,-0.5151515151515151,-0.6060606060606061,0.09090909090909094,1
2019-05-19,,Moreirense,Guimaraes,1.0,3.0,A,1.0,1.0,D,3.0,2.0,0.0,0.0,18-19,5,6,52,49,16,14,-3.0,10.0,33,33,71.0,68.0,5.0,3.0,12,14.0,9.0,0.8,1.4,16.0,1.6,1.8,19.0,-1,5.0,-3.0,-13.0,1.5757575757575757,1.4848484848484849,0.09090909090909083,-0.09090909090909091,0.30303030303030304,-0.3939393939393939,1
2019-05-18,,Setubal,Rio Ave,1.0,3.0,A,0.0,0.0,D,1.0,2.0,0.0,0.0,18-19,13,9,36,42,8,11,-9.0,-4.0,33,33,100.0,91.0,6.0,11.0,1,15.0,5.0,1.0,1.8,20.0,2.2,1.6,24.0,4,10.0,-4.0,-5.0,1.0909090909090908,1.2727272727272727,-0.18181818181818188,-0.2727272727272727,-0.12121212121212122,-0.1515151515151515,1
2019-05-18,,Porto,Sp Lisbon,2.0,1.0,H,0.0,0.0,D,4.0,4.0,1.0,1.0,18-19,2,3,82,74,26,23,53.0,40.0,33,33,58.0,96.0,0.0,6.0,7,1.0,3.0,2.8,0.4,39.0,3.0,0.6,35.0,-1,-2.0,4.0,13.0,2.484848484848485,2.242424242424242,0.24242424242424265,1.606060606060606,1.2121212121212122,0.3939393939393938,1
2019-05-18,,Maritimo,Boavista,0.0,1.0,A,0.0,1.0,A,1.0,3.0,0.0,0.0,18-19,12,10,39,41,12,12,-17.0,-7.0,33,33,84.0,101.0,4.0,6.0,5,7.0,8.0,1.4,1.8,24.0,2.2,0.8,39.0,2,-1.0,-15.0,-10.0,1.1818181818181819,1.2424242424242424,-0.06060606060606055,-0.5151515151515151,-0.21212121212121213,-0.303030303030303,1
2019-05-18,,Feirense,Aves,2.0,1.0,H,0.0,1.0,A,3.0,1.0,0.0,0.0,18-19,18,14,17,36,2,10,-38.0,-13.0,33,33,92.0,77.0,4.0,3.0,2,16.0,13.0,1.6,2.6,9.0,1.2,1.6,15.0,4,3.0,-6.0,-25.0,0.5151515151515151,1.0909090909090908,-0.5757575757575757,-1.1515151515151516,-0.3939393939393939,-0.7575757575757577,1
2019-05-18,,Benfica,Santa Clara,4.0,1.0,H,3.0,0.0,H,0.0,1.0,0.0,0.0,18-19,1,8,84,42,27,11,69.0,1.0,33,33,69.0,78.0,7.0,6.0,6,2.0,19.0,4.4,1.2,45.0,1.6,1.4,21.0,-7,-17.0,24.0,68.0,2.5454545454545454,1.2727272727272727,1.2727272727272727,2.090909090909091,0.030303030303030304,2.0606060606060606,1
2019-05-17,,Sp Braga,Portimonense,2.0,0.0,H,1.0,0.0,H,1.0,2.0,0.0,0.0,18-19,4,11,64,39,20,11,17.0,-13.0,33,33,64.0,75.0,1.0,6.0,14,4.0,10.0,1.6,1.8,9.0,1.2,2.2,26.0,-7,-6.0,-17.0,30.0,1.9393939393939394,1.1818181818181819,0.7575757575757576,0.5151515151515151,-0.3939393939393939,0.9090909090909091,1
2019-05-16,,Belenenses,Nacional,3.0,0.0,H,1.0,0.0,H,2.0,3.0,0.0,0.0,18-19,10,17,40,28,9,7,-12.0,-37.0,33,33,72.0,82.0,6.0,4.0,10,12.0,19.0,1.0,4.2,1.0,0.6,2.4,4.0,-7,-7.0,-3.0,25.0,1.2121212121212122,0.8484848484848485,0.36363636363636365,-0.36363636363636365,-1.121212121212121,0.7575757575757575,1
2019-05-12,,Rio Ave,Benfica,2.0,3.0,A,0.0,2.0,A,3.0,4.0,0.0,0.0,18-19,8,1,42,81,11,26,-3.0,68.0,32,32,88.0,65.0,11.0,7.0,4,5.0,2.0,1.8,1.6,34.0,4.6,1.0,45.0,7,3.0,-11.0,-71.0,1.3125,2.53125,-1.21875,-0.09375,2.125,-2.21875,1
2019-05-12,,Nacional,Porto,0.0,4.0,A,0.0,2.0,A,1.0,0.0,0.0,0.0,18-19,17,2,28,79,7,25,-33.0,49.0,32,32,81.0,58.0,4.0,0.0,18,19.0,1.0,0.6,1.6,6.0,2.4,0.4,37.0,15,18.0,-31.0,-82.0,0.875,2.46875,-1.59375,-1.03125,1.53125,-2.5625,1
2019-05-12,,Guimaraes,Belenenses,5.0,1.0,H,0.0,0.0,D,1.0,2.0,0.0,0.0,18-19,6,10,46,40,13,9,6.0,-8.0,32,32,67.0,70.0,3.0,6.0,8,9.0,12.0,1.4,1.6,8.0,1.0,3.4,3.0,-4,-3.0,5.0,14.0,1.4375,1.25,0.1875,0.1875,-0.25,0.4375,1
2019-05-12,,Chaves,Setubal,1.0,2.0,A,0.0,2.0,A,4.0,4.0,0.0,0.0,18-19,16,14,32,33,8,7,-19.0,-10.0,32,32,76.0,96.0,5.0,6.0,16,6.0,15.0,2.2,2.2,28.0,0.8,1.6,10.0,2,-9.0,18.0,-9.0,1.0,1.03125,-0.03125,-0.59375,-0.3125,-0.28125,1
2019-05-11,,Sp Lisbon,Tondela,1.0,1.0,D,1.0,0.0,H,4.0,6.0,1.0,0.0,18-19,3,16,73,31,23,8,40.0,-17.0,32,32,92.0,89.0,5.0,13.0,9,3.0,11.0,3.4,0.4,45.0,1.0,2.0,12.0,-13,-8.0,33.0,57.0,2.28125,0.96875,1.3125,1.25,-0.53125,1.78125,1
2019-05-11,,Santa Clara,Feirense,4.0,4.0,D,2.0,3.0,A,1.0,2.0,0.0,0.0,18-19,8,18,41,16,11,2,1.0,-38.0,32,32,77.0,90.0,6.0,4.0,19,19.0,16.0,1.0,0.8,22.0,1.0,2.6,5.0,-10,3.0,17.0,39.0,1.28125,0.5,0.78125,0.03125,-1.1875,1.21875,1
2019-05-11,,Portimonense,Maritimo,3.0,2.0,H,1.0,2.0,A,0.0,2.0,0.0,0.0,18-19,13,10,36,39,10,12,-14.0,-16.0,32,32,75.0,82.0,6.0,4.0,3,10.0,7.0,1.0,2.4,15.0,1.0,1.4,33.0,3,3.0,-18.0,2.0,1.125,1.21875,-0.09375,-0.4375,-0.5,0.0625,1
2019-05-11,,Boavista,Sp Braga,4.0,2.0,H,3.0,2.0,H,4.0,1.0,0.0,0.0,18-19,11,4,38,64,11,20,-9.0,19.0,32,32,97.0,63.0,6.0,1.0,11,8.0,4.0,1.4,0.8,33.0,1.2,1.2,15.0,7,4.0,18.0,-28.0,1.1875,2.0,-0.8125,-0.28125,0.59375,-0.875,1
2019-05-10,,Aves,Moreirense,0.0,1.0,A,0.0,0.0,D,2.0,2.0,0.0,0.0,18-19,12,5,36,49,10,15,-12.0,-4.0,32,32,75.0,69.0,3.0,5.0,0,13.0,14.0,1.2,1.4,22.0,0.8,1.4,5.0,7,-1.0,17.0,-8.0,1.125,1.53125,-0.40625,-0.375,-0.125,-0.25,1
2019-05-06,,Setubal,Boavista,0.0,3.0,A,0.0,0.0,D,3.0,2.0,3.0,0.0,18-19,14,13,33,35,7,10,-7.0,-12.0,31,31,93.0,95.0,3.0,6.0,1,15.0,8.0,1.0,1.0,18.0,1.2,0.8,27.0,1,7.0,-9.0,5.0,1.064516129032258,1.1290322580645162,-0.06451612903225823,-0.22580645161290322,-0.3870967741935484,0.16129032258064516,1
2019-05-05,,Tondela,Santa Clara,1.0,3.0,A,0.0,1.0,A,1.0,3.0,0.0,0.0,18-19,16,10,31,38,8,10,-15.0,-1.0,31,31,88.0,74.0,13.0,6.0,15,11.0,19.0,0.8,1.6,18.0,0.6,0.6,13.0,6,-8.0,5.0,-14.0,1.0,1.2258064516129032,-0.22580645161290325,-0.4838709677419355,-0.03225806451612903,-0.4516129032258065,1
2019-05-05,,Guimaraes,Nacional,2.0,2.0,D,1.0,0.0,H,5.0,5.0,1.0,0.0,18-19,6,17,45,27,13,7,6.0,-33.0,31,31,62.0,76.0,2.0,4.0,8,9.0,19.0,1.0,1.4,6.0,0.6,1.8,2.0,-11,-10.0,4.0,39.0,1.4516129032258065,0.8709677419354839,0.5806451612903226,0.1935483870967742,-1.064516129032258,1.2580645161290323,1
2019-05-05,,Belenenses,Sp Lisbon,1.0,8.0,A,0.0,2.0,A,2.0,2.0,1.0,0.0,18-19,8,3,40,70,9,22,-1.0,33.0,31,31,68.0,90.0,5.0,5.0,10,12.0,3.0,0.8,2.2,5.0,2.4,0.4,45.0,5,9.0,-40.0,-34.0,1.2903225806451613,2.2580645161290325,-0.9677419354838712,-0.03225806451612903,1.064516129032258,-1.096774193548387,1
2019-05-04,,Porto,Aves,4.0,0.0,H,2.0,0.0,H,1.0,2.0,0.0,0.0,18-19,2,10,76,36,24,10,45.0,-8.0,31,31,57.0,73.0,0.0,3.0,7,1.0,13.0,2.2,0.8,35.0,1.6,0.6,32.0,-8,-12.0,3.0,53.0,2.4516129032258065,1.1612903225806452,1.2903225806451613,1.4516129032258065,-0.25806451612903225,1.7096774193548387,1
2019-05-04,,Maritimo,Sp Braga,1.0,0.0,H,0.0,0.0,D,0.0,1.0,1.0,0.0,18-19,12,4,36,64,11,20,-17.0,20.0,31,31,82.0,62.0,3.0,1.0,5,7.0,4.0,1.4,1.8,27.0,1.6,1.6,21.0,8,3.0,6.0,-37.0,1.1612903225806452,2.064516129032258,-0.9032258064516128,-0.5483870967741935,0.6451612903225806,-1.193548387096774,1
2019-05-04,,Feirense,Chaves,4.0,4.0,D,2.0,1.0,H,5.0,1.0,0.0,0.0,18-19,18,16,15,31,2,8,-38.0,-19.0,31,31,85.0,75.0,4.0,5.0,2,16.0,6.0,0.2,2.0,0.0,1.6,2.0,30.0,2,10.0,-30.0,-19.0,0.4838709677419355,1.0,-0.5161290322580645,-1.2258064516129032,-0.6129032258064516,-0.6129032258064516,1
2019-05-04,,Benfica,Portimonense,5.0,1.0,H,0.0,0.0,D,0.0,0.0,0.0,0.0,18-19,1,11,78,36,25,10,64.0,-10.0,31,31,65.0,75.0,7.0,6.0,6,2.0,10.0,3.8,0.8,45.0,0.8,1.8,19.0,-10,-8.0,26.0,74.0,2.5161290322580645,1.1612903225806452,1.3548387096774193,2.064516129032258,-0.3225806451612903,2.3870967741935485,1
2019-05-03,,Moreirense,Rio Ave,1.0,2.0,A,1.0,1.0,D,2.0,3.0,0.0,0.0,18-19,5,8,49,39,15,10,-3.0,-4.0,31,31,67.0,85.0,5.0,11.0,12,14.0,5.0,1.0,1.0,12.0,1.4,1.8,26.0,-3,9.0,-14.0,1.0,1.5806451612903225,1.2580645161290323,0.32258064516129026,-0.0967741935483871,-0.12903225806451613,0.03225806451612903,1
2019-04-28,,Sp Braga,Benfica,1.0,4.0,A,1.0,0.0,H,4.0,6.0,0.0,0.0,18-19,4,2,64,75,20,24,23.0,61.0,30,30,58.0,59.0,1.0,7.0,14,4.0,2.0,1.6,0.8,30.0,3.8,0.6,45.0,2,2.0,-15.0,-38.0,2.1333333333333333,2.5,-0.3666666666666667,0.7666666666666667,2.033333333333333,-1.2666666666666666,1
2019-04-28,,Maritimo,Tondela,2.0,0.0,H,1.0,0.0,H,2.0,0.0,0.0,0.0,18-19,13,15,33,31,10,8,-19.0,-13.0,30,30,80.0,88.0,3.0,13.0,5,7.0,11.0,1.0,2.4,18.0,1.0,1.4,25.0,-2,-4.0,-7.0,-6.0,1.1,1.0333333333333334,0.06666666666666665,-0.6333333333333333,-0.43333333333333335,-0.19999999999999996,1
2019-04-28,,Chaves,Nacional,4.0,1.0,H,2.0,1.0,H,2.0,2.0,0.0,0.0,18-19,16,17,28,27,7,7,-22.0,-30.0,30,30,73.0,74.0,5.0,4.0,16,6.0,19.0,1.0,1.8,22.0,0.4,1.2,3.0,-1,-13.0,19.0,8.0,0.9333333333333333,0.9,0.033333333333333326,-0.7333333333333333,-1.0,0.2666666666666667,1
2019-04-28,,Boavista,Moreirense,3.0,1.0,H,1.0,0.0,H,2.0,3.0,0.0,0.0,18-19,14,5,32,49,9,15,-14.0,-1.0,30,30,93.0,64.0,6.0,5.0,11,8.0,14.0,0.8,1.2,18.0,0.8,1.2,19.0,9,-6.0,-1.0,-13.0,1.0666666666666667,1.6333333333333333,-0.5666666666666667,-0.4666666666666667,-0.03333333333333333,-0.43333333333333335,1
2019-04-27,,Sp Lisbon,Guimaraes,2.0,0.0,H,1.0,0.0,H,0.0,1.0,0.0,0.0,18-19,3,6,67,45,21,13,31.0,8.0,30,30,90.0,61.0,5.0,2.0,9,3.0,9.0,2.2,0.4,45.0,1.6,1.2,12.0,-3,-6.0,33.0,23.0,2.2333333333333334,1.5,0.7333333333333334,1.0333333333333334,0.26666666666666666,0.7666666666666668,1
2019-04-27,,Santa Clara,Setubal,0.0,0.0,D,0.0,0.0,D,3.0,3.0,0.0,0.0,18-19,9,13,37,32,10,7,-1.0,-7.0,30,30,71.0,90.0,6.0,3.0,19,19.0,15.0,0.6,0.8,13.0,1.0,1.2,20.0,-4,4.0,-7.0,6.0,1.2333333333333334,1.0666666666666667,0.16666666666666674,-0.03333333333333333,-0.23333333333333334,0.2,1
2019-04-27,,Portimonense,Feirense,1.0,0.0,H,1.0,0.0,H,2.0,0.0,1.0,1.0,18-19,10,18,33,15,9,2,-11.0,-37.0,30,30,73.0,85.0,5.0,3.0,3,10.0,16.0,1.0,2.2,6.0,0.4,2.0,1.0,-8,-6.0,5.0,26.0,1.1,0.5,0.6000000000000001,-0.36666666666666664,-1.2333333333333334,0.8666666666666667,1
2019-04-27,,Aves,Belenenses,3.0,0.0,H,0.0,0.0,D,2.0,4.0,0.0,0.0,18-19,11,7,33,40,9,9,-11.0,2.0,30,30,71.0,64.0,3.0,5.0,0,13.0,12.0,1.0,0.8,24.0,1.2,2.0,8.0,4,1.0,16.0,-13.0,1.1,1.3333333333333333,-0.23333333333333317,-0.36666666666666664,0.06666666666666667,-0.4333333333333333,1
2019-04-26,,Rio Ave,Porto,2.0,2.0,D,0.0,2.0,A,3.0,1.0,1.0,0.0,18-19,8,2,38,75,10,24,-4.0,45.0,30,30,82.0,56.0,10.0,0.0,4,5.0,1.0,1.2,1.4,30.0,2.4,0.4,45.0,6,4.0,-15.0,-49.0,1.2666666666666666,2.5,-1.2333333333333334,-0.13333333333333333,1.5,-1.6333333333333333,1
2019-04-22,,Benfica,Maritimo,6.0,0.0,H,1.0,0.0,H,0.0,3.0,0.0,0.0,18-19,2,12,72,33,23,10,55.0,-13.0,29,29,59.0,77.0,7.0,3.0,6,2.0,7.0,3.0,1.0,43.0,1.6,1.6,27.0,-10,-5.0,16.0,68.0,2.4827586206896552,1.1379310344827587,1.3448275862068966,1.896551724137931,-0.4482758620689655,2.344827586206897,1
2019-04-20,,Porto,Santa Clara,1.0,0.0,H,1.0,0.0,H,2.0,1.0,0.0,0.0,18-19,2,8,72,37,23,10,44.0,0.0,29,29,54.0,70.0,0.0,6.0,7,1.0,19.0,2.6,0.6,45.0,0.6,0.6,19.0,-6,-18.0,26.0,44.0,2.4827586206896552,1.2758620689655173,1.206896551724138,1.5172413793103448,0.0,1.5172413793103448,1
2019-04-20,,Moreirense,Chaves,0.0,1.0,A,0.0,0.0,D,4.0,3.0,0.0,0.0,18-19,5,17,49,25,15,6,0.0,-23.0,29,29,60.0,70.0,5.0,5.0,12,14.0,6.0,1.2,1.6,26.0,1.0,2.0,12.0,-12,8.0,14.0,23.0,1.6896551724137931,0.8620689655172413,0.8275862068965518,0.0,-0.7931034482758621,0.7931034482758621,1
2019-04-20,,Feirense,Sp Braga,0.0,2.0,A,0.0,0.0,D,0.0,2.0,0.0,0.0,18-19,18,4,15,61,2,19,-35.0,21.0,29,29,85.0,56.0,3.0,1.0,2,16.0,4.0,0.6,2.0,2.0,1.4,0.8,24.0,14,12.0,-22.0,-56.0,0.5172413793103449,2.103448275862069,-1.5862068965517242,-1.206896551724138,0.7241379310344828,-1.9310344827586206,1
2019-04-20,,Belenenses,Rio Ave,1.0,3.0,A,0.0,2.0,A,2.0,1.0,0.0,0.0,18-19,7,9,40,35,9,9,4.0,-6.0,29,29,62.0,81.0,5.0,10.0,10,12.0,5.0,1.4,1.8,12.0,0.8,1.4,22.0,-2,7.0,-10.0,10.0,1.3793103448275863,1.206896551724138,0.1724137931034484,0.13793103448275862,-0.20689655172413793,0.3448275862068966,1
2019-04-19,,Tondela,Boavista,1.0,0.0,H,1.0,0.0,H,1.0,3.0,0.0,0.0,18-19,15,12,28,32,7,9,-14.0,-13.0,29,29,87.0,90.0,13.0,6.0,15,11.0,8.0,0.8,1.4,15.0,1.0,1.4,24.0,3,3.0,-9.0,-1.0,0.9655172413793104,1.103448275862069,-0.13793103448275856,-0.4827586206896552,-0.4482758620689655,-0.03448275862068967,1
2019-04-19,,Setubal,Portimonense,1.0,1.0,D,0.0,0.0,D,2.0,4.0,0.0,0.0,18-19,13,11,31,32,7,9,-7.0,-11.0,29,29,88.0,69.0,3.0,5.0,1,15.0,10.0,0.8,1.0,22.0,1.8,2.2,5.0,2,5.0,17.0,4.0,1.0689655172413792,1.103448275862069,-0.034482758620689724,-0.2413793103448276,-0.3793103448275862,0.1379310344827586,1
2019-04-19,,Nacional,Sp Lisbon,0.0,1.0,A,0.0,0.0,D,2.0,3.0,0.0,0.0,18-19,16,3,27,64,7,20,-29.0,30.0,29,29,72.0,87.0,4.0,5.0,18,19.0,3.0,0.6,2.0,4.0,2.4,0.6,45.0,13,16.0,-41.0,-59.0,0.9310344827586207,2.206896551724138,-1.2758620689655173,-1.0,1.0344827586206897,-2.0344827586206895,1
2019-04-19,,Guimaraes,Aves,0.0,2.0,A,0.0,1.0,A,0.0,0.0,0.0,0.0,18-19,6,14,45,30,13,8,10.0,-13.0,29,29,61.0,71.0,2.0,3.0,8,9.0,13.0,1.6,1.0,18.0,0.6,0.8,14.0,-8,-4.0,4.0,23.0,1.5517241379310345,1.0344827586206897,0.5172413793103448,0.3448275862068966,-0.4482758620689655,0.7931034482758621,1
2019-04-14,,Sp Braga,Tondela,3.0,0.0,H,1.0,0.0,H,2.0,2.0,0.0,0.0,18-19,4,15,58,28,18,7,18.0,-11.0,28,28,54.0,85.0,1.0,13.0,14,4.0,11.0,1.2,1.0,18.0,1.2,1.4,20.0,-11,-7.0,-2.0,29.0,2.0714285714285716,1.0,1.0714285714285716,0.6428571428571429,-0.39285714285714285,1.0357142857142858,1
2019-04-14,,Rio Ave,Guimaraes,2.0,1.0,H,1.0,0.0,H,4.0,3.0,1.0,0.0,18-19,9,6,32,45,8,13,-7.0,11.0,28,28,77.0,58.0,9.0,2.0,4,5.0,9.0,0.6,1.6,11.0,1.6,0.6,27.0,3,-4.0,-16.0,-18.0,1.1428571428571428,1.6071428571428572,-0.4642857142857144,-0.25,0.39285714285714285,-0.6428571428571428,1
2019-04-14,,Maritimo,Feirense,2.0,0.0,H,2.0,0.0,H,4.0,8.0,0.0,2.0,18-19,13,18,30,15,9,2,-15.0,-33.0,28,28,73.0,77.0,3.0,1.0,5,7.0,16.0,1.2,1.8,18.0,0.6,2.4,3.0,-5,-9.0,15.0,18.0,1.0714285714285714,0.5357142857142857,0.5357142857142857,-0.5357142857142857,-1.1785714285714286,0.6428571428571429,1
2019-04-14,,Boavista,Nacional,1.0,0.0,H,1.0,0.0,H,1.0,1.0,0.0,0.0,18-19,14,16,29,27,8,7,-14.0,-28.0,28,28,89.0,71.0,6.0,4.0,11,8.0,19.0,0.8,1.8,12.0,1.2,2.2,8.0,-2,-11.0,4.0,14.0,1.0357142857142858,0.9642857142857143,0.07142857142857151,-0.5,-1.0,0.5,1
2019-04-14,,Benfica,Setubal,4.0,2.0,H,2.0,1.0,H,2.0,4.0,0.0,0.0,18-19,2,11,69,31,22,7,53.0,-5.0,28,28,57.0,84.0,7.0,3.0,6,2.0,15.0,2.6,0.8,41.0,0.6,0.4,30.0,-9,-13.0,11.0,58.0,2.4642857142857144,1.1071428571428572,1.3571428571428572,1.8928571428571428,-0.17857142857142858,2.071428571428571,1
2019-04-13,,Santa Clara,Moreirense,1.0,1.0,D,1.0,1.0,D,2.0,0.0,0.0,1.0,18-19,8,5,36,48,10,15,0.0,0.0,28,28,68.0,60.0,6.0,4.0,19,19.0,14.0,0.4,0.4,20.0,1.2,1.6,28.0,3,5.0,-8.0,0.0,1.2857142857142858,1.7142857142857142,-0.4285714285714284,0.0,0.0,0.0,1
2019-04-13,,Portimonense,Porto,0.0,3.0,A,0.0,1.0,A,4.0,2.0,0.0,0.0,18-19,10,2,32,69,9,22,-8.0,41.0,28,28,65.0,52.0,5.0,0.0,3,10.0,1.0,2.0,2.2,9.0,2.2,1.0,42.0,8,9.0,-33.0,-49.0,1.1428571428571428,2.4642857142857144,-1.3214285714285716,-0.2857142857142857,1.4642857142857142,-1.75,1
2019-04-13,,Aves,Sp Lisbon,1.0,3.0,A,1.0,2.0,A,3.0,3.0,0.0,1.0,18-19,12,3,30,61,8,19,-11.0,28.0,28,28,68.0,84.0,3.0,4.0,0,13.0,3.0,0.8,0.2,22.0,2.4,0.6,45.0,9,10.0,-23.0,-39.0,1.0714285714285714,2.1785714285714284,-1.107142857142857,-0.39285714285714285,1.0,-1.3928571428571428,1
2019-04-12,,Chaves,Belenenses,2.0,2.0,D,1.0,1.0,D,1.0,3.0,2.0,1.0,18-19,17,7,24,39,6,9,-23.0,4.0,28,28,69.0,59.0,3.0,4.0,16,6.0,12.0,0.6,1.6,12.0,1.8,1.4,13.0,10,-6.0,-1.0,-27.0,0.8571428571428571,1.3928571428571428,-0.5357142857142857,-0.8214285714285714,0.14285714285714285,-0.9642857142857142,1
2019-04-08,,Tondela,Portimonense,3.0,2.0,H,0.0,2.0,A,2.0,4.0,1.0,0.0,18-19,16,9,25,32,6,9,-12.0,-7.0,27,27,83.0,61.0,12.0,5.0,15,11.0,10.0,0.6,1.6,7.0,1.8,1.8,14.0,7,1.0,-7.0,-5.0,0.9259259259259259,1.1851851851851851,-0.2592592592592592,-0.4444444444444444,-0.25925925925925924,-0.18518518518518517,1
2019-04-07,,Sp Lisbon,Rio Ave,3.0,0.0,H,2.0,0.0,H,0.0,0.0,0.0,0.0,18-19,3,9,58,32,18,8,25.0,-4.0,27,27,84.0,77.0,4.0,9.0,9,3.0,5.0,1.8,0.6,43.0,0.6,1.2,15.0,-6,-2.0,28.0,29.0,2.1481481481481484,1.1851851851851851,0.9629629629629632,0.9259259259259259,-0.14814814814814814,1.074074074074074,1
2019-04-07,,Setubal,Maritimo,1.0,0.0,H,1.0,0.0,H,2.0,1.0,0.0,0.0,18-19,14,12,28,30,6,9,-6.0,-14.0,27,27,82.0,72.0,3.0,3.0,1,15.0,7.0,0.6,0.6,21.0,1.2,1.6,25.0,2,8.0,-4.0,8.0,1.037037037037037,1.1111111111111112,-0.07407407407407418,-0.2222222222222222,-0.5185185185185185,0.2962962962962963,1
2019-04-07,,Feirense,Benfica,1.0,4.0,A,1.0,2.0,A,2.0,0.0,0.0,0.0,18-19,18,2,15,66,2,21,-30.0,50.0,27,27,75.0,57.0,1.0,7.0,2,16.0,2.0,0.6,2.2,4.0,2.6,0.6,39.0,16,14.0,-35.0,-80.0,0.5555555555555556,2.4444444444444446,-1.888888888888889,-1.1111111111111112,1.8518518518518519,-2.962962962962963,1
2019-04-06,,Nacional,Aves,0.0,0.0,D,0.0,0.0,D,4.0,3.0,1.0,1.0,18-19,15,12,26,29,7,8,-28.0,-11.0,27,27,67.0,65.0,3.0,2.0,18,19.0,13.0,1.2,2.6,6.0,1.0,0.4,25.0,3,6.0,-19.0,-17.0,0.9629629629629629,1.0740740740740742,-0.11111111111111127,-1.037037037037037,-0.4074074074074074,-0.6296296296296295,1
2019-04-06,,Moreirense,Sp Braga,1.0,0.0,H,0.0,0.0,D,1.0,1.0,0.0,0.0,18-19,5,4,45,58,14,18,-1.0,19.0,27,27,59.0,53.0,4.0,1.0,12,14.0,4.0,1.6,1.8,20.0,1.2,1.2,27.0,1,10.0,-7.0,-20.0,1.6666666666666667,2.1481481481481484,-0.4814814814814816,-0.037037037037037035,0.7037037037037037,-0.7407407407407407,1
2019-04-06,,Guimaraes,Chaves,4.0,0.0,H,3.0,0.0,H,0.0,1.0,0.0,0.0,18-19,6,17,42,24,12,6,7.0,-19.0,27,27,58.0,68.0,2.0,3.0,8,9.0,6.0,1.0,0.8,19.0,0.6,1.6,17.0,-11,3.0,2.0,26.0,1.5555555555555556,0.8888888888888888,0.6666666666666667,0.25925925925925924,-0.7037037037037037,0.962962962962963,1
2019-04-06,,Belenenses,Santa Clara,1.0,1.0,D,1.0,1.0,D,2.0,5.0,1.0,0.0,18-19,7,8,38,35,9,10,4.0,0.0,27,27,57.0,63.0,3.0,6.0,10,12.0,19.0,2.0,1.2,16.0,0.6,0.2,23.0,-1,-7.0,-7.0,4.0,1.4074074074074074,1.2962962962962963,0.11111111111111116,0.14814814814814814,0.0,0.14814814814814814,1
2019-04-05,,Porto,Boavista,2.0,0.0,H,1.0,0.0,H,0.0,2.0,0.0,0.0,18-19,2,13,66,29,21,8,39.0,-12.0,27,27,52.0,87.0,0.0,6.0,7,1.0,8.0,2.4,1.0,39.0,1.0,1.4,18.0,-11,-7.0,21.0,51.0,2.4444444444444446,1.0740740740740742,1.3703703703703705,1.4444444444444444,-0.4444444444444444,1.8888888888888888,1
2019-04-01,,Feirense,Setubal,0.0,1.0,A,0.0,0.0,D,1.0,2.0,1.0,0.0,18-19,18,15,15,25,2,5,-29.0,-7.0,26,26,74.0,80.0,0.0,3.0,2,16.0,15.0,0.6,2.8,5.0,0.4,1.0,9.0,3,1.0,-4.0,-22.0,0.5769230769230769,0.9615384615384616,-0.3846153846153847,-1.1153846153846154,-0.2692307692307692,-0.8461538461538463,1
2019-03-31,,Rio Ave,Aves,0.0,2.0,A,0.0,1.0,A,1.0,4.0,0.0,0.0,18-19,9,12,32,26,8,7,-2.0,-13.0,26,26,76.0,61.0,9.0,2.0,4,5.0,13.0,0.8,1.2,19.0,0.6,1.0,15.0,-3,-8.0,4.0,11.0,1.2307692307692308,1.0,0.23076923076923084,-0.07692307692307693,-0.5,0.4230769230769231,1
2019-03-31,,Maritimo,Nacional,3.0,2.0,H,3.0,1.0,H,2.0,3.0,0.0,0.0,18-19,11,14,27,26,8,7,-15.0,-27.0,26,26,70.0,64.0,3.0,3.0,5,7.0,19.0,0.8,1.2,17.0,1.6,2.0,12.0,-3,-12.0,5.0,12.0,1.0384615384615385,1.0,0.03846153846153855,-0.5769230769230769,-1.0384615384615385,0.4615384615384617,1
2019-03-31,,Boavista,Belenenses,2.0,0.0,H,0.0,0.0,D,2.0,1.0,0.0,0.0,18-19,13,7,26,38,7,9,-14.0,6.0,26,26,85.0,56.0,6.0,3.0,11,8.0,12.0,0.8,1.6,7.0,2.0,1.0,24.0,6,-4.0,-17.0,-20.0,1.0,1.4615384615384615,-0.46153846153846145,-0.5384615384615384,0.23076923076923078,-0.7692307692307692,1
2019-03-30,,Sp Braga,Porto,2.0,3.0,A,1.0,1.0,D,1.0,4.0,0.0,0.0,18-19,3,2,58,63,18,20,20.0,38.0,26,26,52.0,48.0,1.0,0.0,14,4.0,1.0,0.8,1.2,36.0,2.2,0.6,36.0,1,3.0,0.0,-18.0,2.230769230769231,2.423076923076923,-0.19230769230769207,0.7692307692307693,1.4615384615384615,-0.6923076923076922,1
2019-03-30,,Santa Clara,Guimaraes,1.0,0.0,H,1.0,0.0,H,3.0,1.0,0.0,0.0,18-19,8,6,32,42,9,12,-1.0,8.0,26,26,60.0,57.0,6.0,2.0,19,19.0,9.0,0.8,0.4,16.0,1.4,0.6,29.0,2,10.0,-13.0,-9.0,1.2307692307692308,1.6153846153846154,-0.3846153846153846,-0.038461538461538464,0.3076923076923077,-0.34615384615384615,1
2019-03-30,,Chaves,Sp Lisbon,1.0,3.0,A,0.0,1.0,A,5.0,2.0,1.0,1.0,18-19,17,4,24,55,6,17,-17.0,23.0,26,26,63.0,82.0,2.0,3.0,16,6.0,3.0,0.6,1.2,23.0,1.8,0.4,41.0,13,3.0,-18.0,-40.0,0.9230769230769231,2.1153846153846154,-1.1923076923076923,-0.6538461538461539,0.8846153846153846,-1.5384615384615383,1
2019-03-30,,Benfica,Tondela,1.0,0.0,H,0.0,0.0,D,1.0,4.0,0.0,0.0,18-19,1,16,63,25,20,6,49.0,-11.0,26,26,56.0,79.0,7.0,12.0,6,2.0,11.0,3.0,0.6,37.0,0.6,1.8,9.0,-15,-9.0,28.0,60.0,2.423076923076923,0.9615384615384616,1.4615384615384612,1.8846153846153846,-0.4230769230769231,2.3076923076923075,1
2019-03-29,,Portimonense,Moreirense,0.0,2.0,A,0.0,1.0,A,3.0,1.0,0.0,0.0,18-19,10,6,32,42,9,13,-5.0,-3.0,26,26,58.0,58.0,5.0,4.0,3,10.0,14.0,1.8,1.8,19.0,1.6,1.8,12.0,4,-4.0,7.0,-2.0,1.2307692307692308,1.6153846153846154,-0.3846153846153846,-0.19230769230769232,-0.11538461538461539,-0.07692307692307693,1
2019-03-17,,Tondela,Feirense,1.0,1.0,D,0.0,1.0,A,8.0,1.0,1.0,0.0,18-19,16,18,24,14,6,2,-11.0,-29.0,25,25,71.0,73.0,11.0,0.0,15,11.0,16.0,0.6,1.6,8.0,0.6,3.2,0.0,-2,-5.0,8.0,18.0,0.96,0.56,0.3999999999999999,-0.44,-1.16,0.72,0
2019-03-17,,Nacional,Rio Ave,0.0,1.0,A,0.0,1.0,A,2.0,2.0,0.0,0.0,18-19,14,10,26,29,7,7,-26.0,-3.0,25,25,62.0,74.0,3.0,9.0,18,19.0,5.0,1.6,3.8,18.0,0.8,1.2,8.0,4,14.0,10.0,-23.0,1.04,1.16,-0.11999999999999988,-1.04,-0.12,-0.92,0
2019-03-17,,Moreirense,Benfica,0.0,4.0,A,0.0,2.0,A,4.0,0.0,0.0,0.0,18-19,6,2,42,60,13,19,1.0,45.0,25,25,54.0,56.0,4.0,7.0,12,14.0,2.0,1.8,1.2,20.0,4.2,0.6,35.0,4,12.0,-15.0,-44.0,1.68,2.4,-0.72,0.04,1.8,-1.76,0
2019-03-17,,Aves,Chaves,0.0,1.0,A,0.0,1.0,A,2.0,2.0,0.0,0.0,18-19,12,17,26,21,7,5,-12.0,-18.0,25,25,59.0,61.0,2.0,2.0,0,13.0,6.0,0.8,0.8,23.0,0.6,1.6,11.0,-5,7.0,12.0,6.0,1.04,0.84,0.20000000000000007,-0.48,-0.72,0.24,0
2019-03-16,,Setubal,Sp Braga,0.0,1.0,A,0.0,1.0,A,1.0,2.0,0.0,0.0,18-19,15,4,25,55,5,17,-6.0,19.0,25,25,79.0,50.0,3.0,1.0,1,15.0,4.0,0.4,0.8,13.0,1.0,1.4,30.0,11,11.0,-17.0,-25.0,1.0,2.2,-1.2000000000000002,-0.24,0.76,-1.0,0
2019-03-16,,Porto,Maritimo,3.0,0.0,H,0.0,0.0,D,1.0,2.0,0.0,1.0,18-19,2,11,60,27,19,8,35.0,-12.0,25,25,47.0,68.0,0.0,2.0,7,1.0,7.0,1.8,0.8,31.0,0.8,0.8,24.0,-9,-6.0,7.0,47.0,2.4,1.08,1.3199999999999998,1.4,-0.48,1.88,0
2019-03-16,,Guimaraes,Boavista,3.0,1.0,H,1.0,0.0,H,2.0,1.0,0.0,0.0,18-19,6,13,39,26,11,7,6.0,-12.0,25,25,55.0,84.0,2.0,6.0,8,9.0,8.0,0.8,0.6,21.0,0.8,1.0,14.0,-7,1.0,7.0,18.0,1.56,1.04,0.52,0.24,-0.48,0.72,0
2019-03-16,,Belenenses,Portimonense,2.0,2.0,D,0.0,2.0,A,1.0,1.0,0.0,0.0,18-19,7,9,37,31,9,9,6.0,-5.0,25,25,55.0,57.0,3.0,5.0,10,12.0,10.0,1.6,0.6,27.0,1.4,1.6,18.0,-2,2.0,9.0,11.0,1.48,1.24,0.24,0.24,-0.2,0.44,0
2019-03-15,,Sp Lisbon,Santa Clara,1.0,0.0,H,0.0,0.0,D,2.0,1.0,0.0,0.0,18-19,4,8,52,32,16,9,22.0,0.0,25,25,80.0,59.0,3.0,6.0,9,3.0,19.0,2.2,0.6,39.0,0.8,0.4,24.0,-4,-16.0,15.0,22.0,2.08,1.28,0.8,0.88,0.0,0.88,0
2019-03-11,,Benfica,Belenenses,2.0,2.0,D,0.0,0.0,D,0.0,5.0,0.0,1.0,18-19,2,7,59,36,19,9,45.0,6.0,24,24,56.0,50.0,7.0,2.0,6,2.0,12.0,4.6,0.6,45.0,1.2,0.4,29.0,-5,-10.0,16.0,39.0,2.4583333333333335,1.5,0.9583333333333335,1.875,0.25,1.625,0
2019-03-10,,Setubal,Tondela,0.0,0.0,D,0.0,0.0,D,3.0,7.0,0.0,1.0,18-19,15,16,24,23,5,6,-6.0,-11.0,24,24,76.0,64.0,3.0,10.0,1,15.0,11.0,0.4,0.8,12.0,1.0,2.0,7.0,-1,4.0,5.0,5.0,1.0,0.9583333333333334,0.04166666666666663,-0.25,-0.4583333333333333,0.20833333333333331,0
2019-03-10,,Santa Clara,Aves,0.0,0.0,D,0.0,0.0,D,2.0,2.0,0.0,0.0,18-19,8,14,31,25,9,7,0.0,-12.0,24,24,57.0,57.0,6.0,2.0,19,19.0,13.0,1.2,0.6,29.0,0.8,1.2,25.0,-6,6.0,4.0,12.0,1.2916666666666667,1.0416666666666667,0.25,0.0,-0.5,0.5,0
2019-03-10,,Portimonense,Nacional,5.0,1.0,H,3.0,0.0,H,1.0,6.0,0.0,1.0,18-19,10,13,28,26,8,7,-9.0,-22.0,24,24,56.0,56.0,5.0,2.0,3,10.0,19.0,0.6,1.8,4.0,1.4,2.8,25.0,-3,-9.0,-21.0,13.0,1.1666666666666667,1.0833333333333333,0.08333333333333348,-0.375,-0.9166666666666666,0.5416666666666666,0
2019-03-10,,Feirense,Porto,1.0,2.0,A,1.0,2.0,A,2.0,0.0,0.0,0.0,18-19,18,2,14,57,2,18,-28.0,34.0,24,24,71.0,47.0,0.0,0.0,2,16.0,1.0,0.4,3.2,0.0,1.4,0.6,24.0,16,15.0,-24.0,-62.0,0.5833333333333334,2.375,-1.7916666666666665,-1.1666666666666667,1.4166666666666667,-2.5833333333333335,0
2019-03-09,,Sp Braga,Guimaraes,1.0,0.0,H,1.0,0.0,H,1.0,2.0,0.0,0.0,18-19,3,6,52,39,16,11,18.0,7.0,24,24,49.0,53.0,1.0,2.0,14,4.0,9.0,1.2,1.4,24.0,0.8,0.4,29.0,-3,-5.0,-5.0,11.0,2.1666666666666665,1.625,0.5416666666666665,0.75,0.2916666666666667,0.4583333333333333,0
2019-03-09,,Maritimo,Moreirense,3.0,2.0,H,1.0,2.0,A,2.0,1.0,0.0,0.0,18-19,15,5,24,42,7,13,-13.0,2.0,24,24,66.0,53.0,2.0,4.0,5,7.0,14.0,0.2,0.6,13.0,1.6,0.6,31.0,10,-7.0,-18.0,-15.0,1.0,1.75,-0.75,-0.5416666666666666,0.08333333333333333,-0.625,0
2019-03-09,,Boavista,Sp Lisbon,1.0,2.0,A,1.0,1.0,D,4.0,1.0,0.0,0.0,18-19,11,4,26,49,7,15,-11.0,21.0,24,24,80.0,79.0,6.0,3.0,11,8.0,3.0,1.0,0.6,24.0,2.2,1.2,34.0,7,5.0,-10.0,-32.0,1.0833333333333333,2.0416666666666665,-0.9583333333333333,-0.4583333333333333,0.875,-1.3333333333333333,0
2019-03-08,,Chaves,Rio Ave,1.0,1.0,D,0.0,1.0,A,4.0,8.0,0.0,1.0,18-19,17,9,20,28,5,7,-18.0,-3.0,24,24,57.0,66.0,2.0,8.0,16,6.0,5.0,0.6,1.4,11.0,1.0,1.4,7.0,8,1.0,4.0,-15.0,0.8333333333333334,1.1666666666666667,-0.33333333333333337,-0.75,-0.125,-0.625,0
2019-03-04,,Guimaraes,Maritimo,1.0,0.0,H,0.0,0.0,D,4.0,1.0,0.0,0.0,18-19,6,15,36,24,10,7,6.0,-12.0,23,23,49.0,65.0,2.0,2.0,8,9.0,7.0,1.0,0.6,22.0,0.2,0.8,17.0,-9,2.0,5.0,18.0,1.565217391304348,1.0434782608695652,0.5217391304347827,0.2608695652173913,-0.5217391304347826,0.7826086956521738,0
2019-03-03,,Sp Lisbon,Portimonense,3.0,1.0,H,2.0,1.0,H,3.0,2.0,0.0,0.0,18-19,4,10,46,28,14,8,19.0,-7.0,23,23,76.0,54.0,3.0,5.0,9,3.0,10.0,1.8,1.2,27.0,0.4,1.4,5.0,-6,-7.0,22.0,26.0,2.0,1.2173913043478262,0.7826086956521738,0.8260869565217391,-0.30434782608695654,1.1304347826086958,0
2019-03-03,,Rio Ave,Sp Braga,1.0,2.0,A,0.0,0.0,D,3.0,4.0,1.0,0.0,18-19,9,3,28,49,7,15,-2.0,17.0,23,23,63.0,45.0,7.0,1.0,4,5.0,4.0,1.2,1.0,14.0,1.0,1.2,18.0,6,1.0,-4.0,-19.0,1.2173913043478262,2.130434782608696,-0.9130434782608696,-0.08695652173913043,0.7391304347826086,-0.826086956521739,0
2019-03-03,,Chaves,Santa Clara,0.0,0.0,D,0.0,0.0,D,2.0,3.0,0.0,0.0,18-19,17,8,19,30,5,9,-18.0,0.0,23,23,55.0,54.0,2.0,6.0,16,6.0,19.0,0.8,1.4,13.0,1.2,0.8,33.0,9,-13.0,-20.0,-18.0,0.8260869565217391,1.3043478260869565,-0.4782608695652174,-0.782608695652174,0.0,-0.782608695652174,0
2019-03-03,,Belenenses,Feirense,4.0,0.0,H,2.0,0.0,H,1.0,1.0,0.0,0.0,18-19,7,18,33,14,8,2,2.0,-24.0,23,23,49.0,70.0,2.0,0.0,10,12.0,16.0,0.4,1.0,18.0,0.6,2.8,0.0,-11,-4.0,18.0,26.0,1.434782608695652,0.6086956521739131,0.826086956521739,0.08695652173913043,-1.0434782608695652,1.1304347826086956,0
2019-03-02,,Porto,Benfica,1.0,2.0,A,1.0,1.0,D,2.0,6.0,0.0,1.0,18-19,1,2,57,56,18,18,35.0,44.0,23,23,45.0,50.0,0.0,6.0,7,1.0,2.0,1.8,0.2,35.0,5.2,0.6,45.0,-1,-1.0,-10.0,-9.0,2.4782608695652173,2.4347826086956523,0.043478260869564966,1.5217391304347827,1.9130434782608696,-0.3913043478260869,0
2019-03-02,,Nacional,Tondela,3.0,2.0,H,1.0,1.0,D,2.0,4.0,0.0,0.0,18-19,16,15,23,23,6,6,-23.0,-10.0,23,23,54.0,60.0,2.0,10.0,18,19.0,11.0,1.0,2.8,14.0,0.6,1.8,11.0,1,8.0,3.0,-13.0,1.0,1.0,0.0,-1.0,-0.43478260869565216,-0.5652173913043479,0
2019-03-02,,Moreirense,Setubal,1.0,1.0,D,1.0,1.0,D,2.0,4.0,1.0,0.0,18-19,5,14,41,23,13,5,2.0,-6.0,23,23,51.0,72.0,3.0,3.0,12,14.0,15.0,1.8,0.6,39.0,0.4,0.8,11.0,-9,-1.0,28.0,8.0,1.7826086956521738,1.0,0.7826086956521738,0.08695652173913043,-0.2608695652173913,0.34782608695652173,0
2019-03-01,,Aves,Boavista,2.0,0.0,H,0.0,0.0,D,2.0,3.0,0.0,0.0,18-19,16,11,22,26,6,7,-14.0,-9.0,23,23,55.0,77.0,2.0,6.0,0,13.0,8.0,0.8,1.2,17.0,1.2,1.2,34.0,5,5.0,-17.0,-5.0,0.9565217391304348,1.1304347826086956,-0.17391304347826075,-0.6086956521739131,-0.391304347826087,-0.2173913043478261,0
2019-02-25,,Maritimo,Sp Lisbon,0.0,0.0,D,0.0,0.0,D,5.0,5.0,0.0,1.0,18-19,14,4,23,45,7,14,-12.0,19.0,22,22,60.0,71.0,2.0,2.0,5,7.0,3.0,0.4,0.8,18.0,2.2,1.4,32.0,10,4.0,-14.0,-31.0,1.0454545454545454,2.0454545454545454,-1.0,-0.5454545454545454,0.8636363636363636,-1.4090909090909092,0
2019-02-25,,Benfica,Chaves,4.0,0.0,H,3.0,0.0,H,3.0,3.0,0.0,0.0,18-19,2,17,53,19,17,5,40.0,-14.0,22,22,47.0,52.0,6.0,2.0,6,2.0,6.0,4.6,0.6,45.0,1.0,1.4,20.0,-15,-4.0,25.0,54.0,2.409090909090909,0.8636363636363636,1.5454545454545454,1.8181818181818181,-0.6363636363636364,2.4545454545454546,0
2019-02-24,,Santa Clara,Nacional,2.0,0.0,H,0.0,0.0,D,3.0,4.0,0.0,1.0,18-19,10,15,27,23,8,6,-2.0,-21.0,22,22,51.0,50.0,6.0,1.0,19,19.0,19.0,0.8,1.0,24.0,1.0,3.0,18.0,-5,0.0,6.0,19.0,1.2272727272727273,1.0454545454545454,0.18181818181818188,-0.09090909090909091,-0.9545454545454546,0.8636363636363636,0
2019-02-24,,Boavista,Rio Ave,1.0,0.0,H,1.0,0.0,H,4.0,5.0,0.0,2.0,18-19,13,8,23,28,6,7,-10.0,-1.0,22,22,73.0,58.0,6.0,5.0,11,8.0,5.0,1.0,1.6,26.0,1.2,0.8,22.0,5,3.0,4.0,-9.0,1.0454545454545454,1.2727272727272727,-0.2272727272727273,-0.45454545454545453,-0.045454545454545456,-0.40909090909090906,0
2019-02-23,,Setubal,Guimaraes,1.0,1.0,D,0.0,1.0,A,2.0,4.0,0.0,1.0,18-19,15,6,22,35,5,10,-6.0,6.0,22,22,70.0,45.0,3.0,1.0,1,15.0,9.0,0.4,1.0,9.0,0.8,0.6,24.0,9,6.0,-15.0,-12.0,1.0,1.5909090909090908,-0.5909090909090908,-0.2727272727272727,0.2727272727272727,-0.5454545454545454,0
2019-02-23,,Portimonense,Aves,1.0,1.0,D,0.0,1.0,A,2.0,3.0,0.0,0.0,18-19,10,16,27,21,8,6,-7.0,-14.0,22,22,52.0,52.0,5.0,2.0,3,10.0,13.0,0.6,1.2,3.0,1.0,1.2,21.0,-6,-3.0,-18.0,7.0,1.2272727272727273,0.9545454545454546,0.2727272727272727,-0.3181818181818182,-0.6363636363636364,0.3181818181818182,0
2019-02-23,,Feirense,Moreirense,1.0,3.0,A,0.0,2.0,A,2.0,0.0,0.0,0.0,18-19,18,5,14,38,2,12,-22.0,0.0,22,22,68.0,51.0,0.0,3.0,2,16.0,14.0,0.4,2.2,1.0,1.4,0.8,34.0,13,2.0,-33.0,-22.0,0.6363636363636364,1.7272727272727273,-1.0909090909090908,-1.0,0.0,-1.0,0
2019-02-22,,Tondela,Porto,0.0,3.0,A,0.0,1.0,A,1.0,1.0,0.0,0.0,18-19,11,1,23,54,6,17,-7.0,32.0,22,22,59.0,44.0,10.0,0.0,15,11.0,1.0,1.0,1.6,16.0,2.0,0.4,31.0,10,10.0,-15.0,-39.0,1.0454545454545454,2.4545454545454546,-1.4090909090909092,-0.3181818181818182,1.4545454545454546,-1.7727272727272727,0
2019-02-22,,Sp Braga,Belenenses,0.0,2.0,A,0.0,1.0,A,1.0,3.0,0.0,0.0,18-19,3,7,49,30,15,7,19.0,0.0,22,22,44.0,46.0,1.0,2.0,14,4.0,12.0,1.6,0.8,30.0,0.4,1.4,5.0,-4,-8.0,25.0,19.0,2.227272727272727,1.3636363636363635,0.8636363636363635,0.8636363636363636,0.0,0.8636363636363636,0
2019-02-18,,Aves,Benfica,0.0,3.0,A,0.0,2.0,A,1.0,3.0,0.0,1.0,18-19,16,2,21,50,6,16,-11.0,37.0,21,21,51.0,44.0,2.0,5.0,0,13.0,2.0,1.2,0.8,31.0,4.4,0.6,45.0,14,11.0,-14.0,-48.0,1.0,2.380952380952381,-1.380952380952381,-0.5238095238095238,1.7619047619047619,-2.2857142857142856,0
2019-02-17,,Sp Lisbon,Sp Braga,3.0,0.0,H,1.0,0.0,H,5.0,3.0,0.0,0.0,18-19,4,3,42,49,13,15,16.0,22.0,21,21,66.0,41.0,2.0,1.0,9,3.0,4.0,1.6,1.4,25.0,1.8,0.4,43.0,1,-1.0,-18.0,-6.0,2.0,2.3333333333333335,-0.3333333333333335,0.7619047619047619,1.0476190476190477,-0.2857142857142858,0
2019-02-17,,Moreirense,Tondela,2.0,0.0,H,1.0,0.0,H,2.0,1.0,0.0,0.0,18-19,6,11,35,23,11,6,-2.0,-5.0,21,21,49.0,58.0,3.0,10.0,12,14.0,11.0,1.0,1.0,26.0,1.2,1.6,21.0,-5,3.0,5.0,3.0,1.6666666666666667,1.0952380952380953,0.5714285714285714,-0.09523809523809523,-0.23809523809523808,0.14285714285714285,0
2019-02-17,,Chaves,Boavista,1.0,1.0,D,1.0,0.0,H,2.0,2.0,0.0,0.0,18-19,17,14,18,22,5,6,-14.0,-10.0,21,21,50.0,71.0,2.0,6.0,16,6.0,8.0,1.2,1.4,24.0,0.8,1.6,27.0,3,-2.0,-3.0,-4.0,0.8571428571428571,1.0476190476190477,-0.19047619047619058,-0.6666666666666666,-0.47619047619047616,-0.19047619047619047,0
2019-02-17,,Belenenses,Maritimo,0.0,1.0,A,0.0,0.0,D,4.0,1.0,0.0,0.0,18-19,7,16,30,20,7,6,1.0,-13.0,21,21,42.0,59.0,2.0,2.0,10,12.0,7.0,0.6,1.2,10.0,0.4,0.8,9.0,-9,5.0,1.0,14.0,1.4285714285714286,0.9523809523809523,0.4761904761904763,0.047619047619047616,-0.6190476190476191,0.6666666666666667,0
2019-02-16,,Porto,Setubal,2.0,0.0,H,1.0,0.0,H,3.0,5.0,0.0,1.0,18-19,1,12,51,22,16,5,30.0,-4.0,21,21,41.0,65.0,0.0,2.0,7,1.0,15.0,1.6,0.4,25.0,0.6,0.8,13.0,-11,-14.0,12.0,34.0,2.4285714285714284,1.0476190476190477,1.3809523809523807,1.4285714285714286,-0.19047619047619047,1.619047619047619,0
2019-02-16,,Nacional,Feirense,4.0,0.0,H,1.0,0.0,H,1.0,4.0,0.0,0.0,18-19,16,18,20,14,5,2,-25.0,-18.0,21,21,49.0,64.0,1.0,0.0,18,19.0,16.0,0.2,3.2,4.0,0.6,1.6,3.0,-2,3.0,1.0,-7.0,0.9523809523809523,0.6666666666666666,0.2857142857142857,-1.1904761904761905,-0.8571428571428571,-0.33333333333333337,0
2019-02-16,,Guimaraes,Portimonense,2.0,0.0,H,1.0,0.0,H,2.0,4.0,0.0,0.0,18-19,6,10,32,27,9,8,4.0,-5.0,21,21,43.0,48.0,1.0,5.0,8,9.0,10.0,0.6,0.6,16.0,0.8,1.0,7.0,-4,-1.0,9.0,9.0,1.5238095238095237,1.2857142857142858,0.23809523809523792,0.19047619047619047,-0.23809523809523808,0.42857142857142855,0
2019-02-15,,Rio Ave,Santa Clara,1.0,2.0,A,1.0,1.0,D,2.0,2.0,0.0,0.0,18-19,8,10,28,24,7,7,0.0,-3.0,21,21,56.0,49.0,5.0,6.0,4,5.0,19.0,1.2,0.6,31.0,0.4,1.2,12.0,-2,-14.0,19.0,3.0,1.3333333333333333,1.1428571428571428,0.19047619047619047,0.0,-0.14285714285714285,0.14285714285714285,0
2019-02-11,,Setubal,Belenenses,0.0,0.0,D,0.0,0.0,D,2.0,3.0,0.0,1.0,18-19,13,7,21,29,5,7,-4.0,1.0,20,20,63.0,39.0,2.0,1.0,1,15.0,12.0,0.6,0.8,12.0,0.8,1.2,12.0,6,3.0,0.0,-5.0,1.05,1.45,-0.3999999999999999,-0.2,0.05,-0.25,0
2019-02-10,,Sp Braga,Chaves,2.0,1.0,H,0.0,0.0,D,2.0,2.0,0.0,0.0,18-19,3,17,46,18,14,5,21.0,-13.0,20,20,39.0,48.0,1.0,2.0,14,4.0,6.0,1.6,0.2,41.0,1.0,1.0,34.0,-14,-2.0,7.0,34.0,2.3,0.9,1.4,1.05,-0.65,1.7000000000000002,0
2019-02-10,,Feirense,Sp Lisbon,1.0,3.0,A,0.0,1.0,A,6.0,2.0,0.0,0.0,18-19,18,4,14,39,2,12,-16.0,14.0,20,20,58.0,64.0,0.0,2.0,2,16.0,3.0,0.8,1.4,6.0,1.2,1.6,15.0,14,13.0,-9.0,-30.0,0.7,1.95,-1.25,-0.8,0.7,-1.5,0
2019-02-10,,Boavista,Santa Clara,1.0,0.0,H,0.0,0.0,D,1.0,1.0,0.0,0.0,18-19,16,10,19,24,5,7,-11.0,-2.0,20,20,70.0,48.0,6.0,6.0,11,8.0,19.0,0.6,1.8,15.0,0.8,1.4,16.0,6,-11.0,-1.0,-9.0,0.95,1.2,-0.25,-0.55,-0.1,-0.45000000000000007,0
2019-02-10,,Benfica,Nacional,10.0,0.0,H,3.0,0.0,H,1.0,0.0,0.0,0.0,18-19,2,15,47,20,15,5,27.0,-15.0,20,20,43.0,49.0,5.0,1.0,6,2.0,19.0,3.2,1.0,45.0,0.4,1.8,5.0,-13,-17.0,40.0,42.0,2.35,1.0,1.35,1.35,-0.75,2.1,0
2019-02-09,,Tondela,Guimaraes,1.0,0.0,H,0.0,0.0,D,2.0,1.0,0.0,0.0,18-19,12,6,20,32,5,9,-6.0,5.0,20,20,56.0,42.0,10.0,1.0,15,11.0,9.0,1.4,1.8,11.0,0.6,0.6,23.0,6,2.0,-12.0,-11.0,1.0,1.6,-0.6000000000000001,-0.3,0.25,-0.55,0
2019-02-09,,Portimonense,Rio Ave,0.0,1.0,A,0.0,1.0,A,5.0,1.0,1.0,0.0,18-19,8,9,27,25,8,6,-4.0,-1.0,20,20,43.0,55.0,4.0,5.0,3,10.0,5.0,1.0,1.2,11.0,1.4,1.4,22.0,-1,5.0,-11.0,-3.0,1.35,1.25,0.10000000000000009,-0.2,-0.05,-0.15000000000000002,0
2019-02-09,,Maritimo,Aves,0.0,1.0,A,0.0,1.0,A,2.0,2.0,0.0,0.0,18-19,13,16,20,18,6,5,-12.0,-12.0,20,20,57.0,49.0,2.0,2.0,5,7.0,13.0,0.8,0.8,18.0,1.0,1.0,23.0,-3,-6.0,-5.0,0.0,1.0,0.9,0.09999999999999998,-0.6,-0.6,0.0,0
2019-02-08,,Moreirense,Porto,1.0,1.0,D,0.0,0.0,D,4.0,0.0,0.0,0.0,18-19,5,1,34,50,11,16,-2.0,30.0,20,20,45.0,41.0,3.0,0.0,12,14.0,1.0,1.0,0.8,30.0,2.0,0.4,31.0,4,13.0,-1.0,-32.0,1.7,2.5,-0.8,-0.1,1.5,-1.6,0
2019-02-04,,Belenenses,Moreirense,0.0,1.0,A,0.0,0.0,D,2.0,1.0,0.0,0.0,18-19,7,6,29,31,7,10,2.0,-3.0,19,19,37.0,44.0,1.0,3.0,10,12.0,14.0,1.0,1.4,19.0,1.2,1.0,24.0,1,-2.0,-5.0,5.0,1.5263157894736843,1.631578947368421,-0.10526315789473673,0.10526315789473684,-0.15789473684210525,0.2631578947368421,0
2019-02-03,,Sp Lisbon,Benfica,2.0,4.0,A,1.0,2.0,A,5.0,2.0,0.0,1.0,18-19,4,3,39,44,12,14,16.0,25.0,19,19,59.0,41.0,2.0,4.0,9,3.0,2.0,1.2,1.0,23.0,2.4,1.0,42.0,1,1.0,-19.0,-9.0,2.0526315789473686,2.3157894736842106,-0.26315789473684204,0.8421052631578947,1.3157894736842106,-0.47368421052631593,0
2019-02-03,,Santa Clara,Portimonense,2.0,1.0,H,1.0,1.0,D,2.0,1.0,0.0,1.0,18-19,10,8,21,27,6,8,-3.0,-3.0,19,19,46.0,42.0,6.0,3.0,19,19.0,10.0,0.6,1.6,2.0,1.2,0.8,18.0,2,9.0,-16.0,0.0,1.105263157894737,1.4210526315789473,-0.3157894736842104,-0.15789473684210525,-0.15789473684210525,0.0,0
2019-02-03,,Nacional,Setubal,0.0,0.0,D,0.0,0.0,D,2.0,4.0,0.0,0.0,18-19,15,11,19,20,5,5,-15.0,-4.0,19,19,47.0,59.0,1.0,2.0,18,19.0,15.0,0.6,1.8,3.0,0.6,1.0,10.0,4,4.0,-7.0,-11.0,1.0,1.0526315789473684,-0.05263157894736836,-0.7894736842105263,-0.21052631578947367,-0.5789473684210527,0
2019-02-03,,Guimaraes,Porto,0.0,0.0,D,0.0,0.0,D,1.0,4.0,0.0,0.0,18-19,5,1,31,49,9,16,5.0,30.0,19,19,41.0,37.0,1.0,0.0,8,9.0,1.0,0.6,0.8,24.0,2.2,0.4,39.0,4,8.0,-15.0,-25.0,1.631578947368421,2.5789473684210527,-0.9473684210526316,0.2631578947368421,1.5789473684210527,-1.3157894736842106,0
2019-02-02,,Chaves,Maritimo,1.0,0.0,H,0.0,0.0,D,2.0,4.0,0.0,0.0,18-19,17,13,15,20,4,6,-14.0,-11.0,19,19,46.0,53.0,2.0,2.0,16,6.0,7.0,0.8,1.0,27.0,0.8,1.0,27.0,4,-1.0,0.0,-3.0,0.7894736842105263,1.0526315789473684,-0.26315789473684204,-0.7368421052631579,-0.5789473684210527,-0.1578947368421052,0
2019-02-02,,Boavista,Feirense,2.0,0.0,H,0.0,0.0,D,4.0,4.0,0.0,0.0,18-19,16,18,16,14,4,2,-13.0,-14.0,19,19,66.0,54.0,6.0,0.0,11,8.0,16.0,0.4,1.8,3.0,0.8,1.0,10.0,-2,-8.0,-7.0,1.0,0.8421052631578947,0.7368421052631579,0.10526315789473684,-0.6842105263157895,-0.7368421052631579,0.05263157894736836,0
2019-02-02,,Aves,Sp Braga,0.0,2.0,A,0.0,0.0,D,3.0,4.0,0.0,0.0,18-19,15,3,18,43,5,13,-10.0,19.0,19,19,46.0,35.0,2.0,1.0,0,13.0,4.0,1.0,0.8,30.0,1.6,0.2,39.0,12,9.0,-9.0,-29.0,0.9473684210526315,2.263157894736842,-1.3157894736842106,-0.5263157894736842,1.0,-1.526315789473684,0
2019-02-01,,Rio Ave,Tondela,2.0,2.0,D,1.0,1.0,D,4.0,4.0,1.0,1.0,18-19,9,13,24,19,6,5,-1.0,-6.0,19,19,51.0,52.0,4.0,9.0,4,5.0,11.0,1.2,1.4,22.0,1.4,1.6,13.0,-4,-6.0,9.0,5.0,1.263157894736842,1.0,0.26315789473684204,-0.05263157894736842,-0.3157894736842105,0.2631578947368421,0
2019-01-30,,Setubal,Sp Lisbon,1.0,1.0,D,1.0,0.0,H,4.0,6.0,0.0,1.0,18-19,12,4,19,38,5,12,-4.0,16.0,18,18,55.0,53.0,2.0,1.0,1,15.0,3.0,0.4,1.2,7.0,1.0,1.0,25.0,8,12.0,-18.0,-20.0,1.0555555555555556,2.111111111111111,-1.0555555555555556,-0.2222222222222222,0.8888888888888888,-1.1111111111111112,0
2019-01-30,,Porto,Belenenses,3.0,0.0,H,2.0,0.0,H,1.0,2.0,0.0,1.0,18-19,1,7,46,29,15,7,27.0,5.0,18,18,36.0,35.0,0.0,0.0,7,1.0,12.0,2.0,0.6,37.0,2.0,1.2,29.0,-6,-11.0,8.0,22.0,2.5555555555555554,1.6111111111111112,0.9444444444444442,1.5,0.2777777777777778,1.2222222222222223,0
2019-01-29,,Sp Braga,Santa Clara,1.0,0.0,H,0.0,0.0,D,2.0,1.0,0.0,0.0,18-19,3,10,40,21,12,6,18.0,-2.0,18,18,33.0,45.0,1.0,6.0,14,4.0,19.0,1.8,1.4,34.0,1.0,1.4,6.0,-7,-15.0,28.0,20.0,2.2222222222222223,1.1666666666666667,1.0555555555555556,1.0,-0.1111111111111111,1.1111111111111112,0
2019-01-29,,Portimonense,Chaves,0.0,1.0,A,0.0,1.0,A,4.0,6.0,0.0,0.0,18-19,8,18,27,12,8,3,-2.0,-15.0,18,18,38.0,40.0,3.0,2.0,3,10.0,6.0,1.4,0.6,28.0,0.6,1.4,17.0,-10,4.0,11.0,13.0,1.5,0.6666666666666666,0.8333333333333334,-0.1111111111111111,-0.8333333333333334,0.7222222222222223,0
2019-01-29,,Benfica,Boavista,5.0,1.0,H,2.0,1.0,H,0.0,1.0,0.0,0.0,18-19,2,16,41,16,13,4,21.0,-9.0,18,18,41.0,65.0,4.0,6.0,6,2.0,8.0,2.6,1.2,39.0,0.4,1.2,6.0,-14,-6.0,33.0,30.0,2.2777777777777777,0.8888888888888888,1.3888888888888888,1.1666666666666667,-0.5,1.6666666666666667,0
2019-01-28,,Tondela,Aves,0.0,2.0,A,0.0,0.0,D,2.0,1.0,1.0,0.0,18-19,12,16,19,15,5,4,-4.0,-12.0,18,18,50.0,45.0,8.0,2.0,15,11.0,13.0,1.8,1.4,23.0,1.0,1.8,19.0,-4,-2.0,4.0,8.0,1.0555555555555556,0.8333333333333334,0.2222222222222222,-0.2222222222222222,-0.6666666666666666,0.4444444444444444,0
2019-01-28,,Moreirense,Nacional,2.0,1.0,H,1.0,0.0,H,1.0,4.0,0.0,1.0,18-19,7,14,28,19,9,5,-4.0,-14.0,18,18,43.0,43.0,3.0,0.0,12,14.0,19.0,1.2,1.0,18.0,0.8,1.4,9.0,-7,-5.0,9.0,10.0,1.5555555555555556,1.0555555555555556,0.5,-0.2222222222222222,-0.7777777777777778,0.5555555555555556,0
2019-01-28,,Maritimo,Rio Ave,0.0,2.0,A,0.0,0.0,D,3.0,2.0,0.0,0.0,18-19,11,10,20,21,6,5,-9.0,-3.0,18,18,50.0,49.0,2.0,4.0,5,7.0,5.0,1.0,1.0,36.0,1.0,1.8,9.0,1,2.0,27.0,-6.0,1.1111111111111112,1.1666666666666667,-0.05555555555555558,-0.5,-0.16666666666666666,-0.33333333333333337,0
2019-01-28,,Feirense,Guimaraes,1.0,2.0,A,1.0,2.0,A,0.0,1.0,0.0,0.0,18-19,17,6,14,28,2,8,-13.0,4.0,18,18,54.0,40.0,0.0,1.0,2,16.0,9.0,0.6,0.8,14.0,0.4,0.6,15.0,11,7.0,-1.0,-17.0,0.7777777777777778,1.5555555555555556,-0.7777777777777778,-0.7222222222222222,0.2222222222222222,-0.9444444444444444,0
2019-01-20,,Rio Ave,Feirense,0.0,0.0,D,0.0,0.0,D,0.0,4.0,0.0,0.0,18-19,10,16,20,13,5,2,-3.0,-13.0,17,17,49.0,50.0,4.0,0.0,4,5.0,16.0,1.4,2.2,6.0,0.6,1.6,12.0,-6,-11.0,-6.0,10.0,1.1764705882352942,0.7647058823529411,0.41176470588235303,-0.17647058823529413,-0.7647058823529411,0.588235294117647,0
2019-01-20,,Boavista,Portimonense,0.0,2.0,A,0.0,1.0,A,1.0,1.0,0.0,0.0,18-19,15,8,16,24,4,7,-7.0,-4.0,17,17,64.0,37.0,6.0,3.0,11,8.0,10.0,0.8,0.8,12.0,1.6,0.8,23.0,7,-2.0,-11.0,-3.0,0.9411764705882353,1.411764705882353,-0.47058823529411775,-0.4117647058823529,-0.23529411764705882,-0.1764705882352941,0
2019-01-20,,Aves,Setubal,2.0,1.0,H,1.0,0.0,H,1.0,4.0,0.0,1.0,18-19,17,12,12,19,3,5,-13.0,-3.0,17,17,44.0,51.0,2.0,1.0,0,13.0,15.0,0.8,1.8,6.0,0.4,1.4,9.0,5,-2.0,-3.0,-10.0,0.7058823529411765,1.1176470588235294,-0.4117647058823529,-0.7647058823529411,-0.17647058823529413,-0.588235294117647,0
2019-01-19,,Sp Lisbon,Moreirense,2.0,1.0,H,2.0,1.0,H,2.0,2.0,0.0,0.0,18-19,4,7,35,28,11,9,15.0,-3.0,17,17,51.0,41.0,1.0,3.0,9,3.0,14.0,1.6,1.2,17.0,1.4,0.8,30.0,-3,-11.0,-13.0,18.0,2.0588235294117645,1.6470588235294117,0.4117647058823528,0.8823529411764706,-0.17647058823529413,1.0588235294117647,0
2019-01-19,,Santa Clara,Maritimo,0.0,1.0,A,0.0,1.0,A,1.0,6.0,0.0,0.0,18-19,9,14,21,17,6,5,-1.0,-10.0,17,17,44.0,44.0,6.0,2.0,19,19.0,7.0,1.2,1.6,10.0,0.8,1.2,27.0,-5,12.0,-17.0,9.0,1.2352941176470589,1.0,0.23529411764705888,-0.058823529411764705,-0.5882352941176471,0.5294117647058824,0
2019-01-19,,Belenenses,Tondela,2.0,2.0,D,1.0,2.0,A,3.0,0.0,0.0,0.0,18-19,5,13,28,18,7,5,5.0,-4.0,17,17,32.0,50.0,0.0,8.0,10,12.0,11.0,2.0,1.2,34.0,1.4,1.4,27.0,-8,1.0,7.0,9.0,1.6470588235294117,1.0588235294117647,0.588235294117647,0.29411764705882354,-0.23529411764705882,0.5294117647058824,0
2019-01-18,,Nacional,Sp Braga,0.0,3.0,A,0.0,0.0,D,2.0,2.0,0.0,0.0,18-19,12,3,19,37,5,11,-11.0,15.0,17,17,41.0,31.0,0.0,1.0,18,19.0,4.0,1.2,1.8,15.0,2.0,1.4,29.0,9,15.0,-14.0,-26.0,1.1176470588235294,2.176470588235294,-1.0588235294117645,-0.6470588235294118,0.8823529411764706,-1.5294117647058822,0
2019-01-18,,Guimaraes,Benfica,0.0,1.0,A,0.0,0.0,D,4.0,2.0,0.0,0.0,18-19,5,2,28,38,8,12,5.0,20.0,17,17,36.0,39.0,1.0,4.0,8,9.0,2.0,0.6,0.6,22.0,2.6,1.2,36.0,3,7.0,-14.0,-15.0,1.6470588235294117,2.235294117647059,-0.5882352941176472,0.29411764705882354,1.1764705882352942,-0.8823529411764706,0
2019-01-18,,Chaves,Porto,1.0,4.0,A,0.0,2.0,A,1.0,2.0,0.0,0.0,18-19,17,1,12,43,3,14,-12.0,24.0,17,17,39.0,34.0,2.0,0.0,16,6.0,1.0,0.6,1.0,22.0,1.6,0.6,35.0,16,5.0,-13.0,-36.0,0.7058823529411765,2.5294117647058822,-1.8235294117647056,-0.7058823529411765,1.411764705882353,-2.1176470588235294,0
2019-01-13,,Rio Ave,Setubal,1.0,1.0,D,1.0,0.0,H,5.0,6.0,1.0,0.0,18-19,10,13,19,18,5,5,-3.0,-3.0,16,16,44.0,45.0,3.0,1.0,4,5.0,15.0,1.6,2.6,2.0,0.2,1.4,5.0,-3,-10.0,-3.0,0.0,1.1875,1.125,0.0625,-0.1875,-0.1875,0.0,0
2019-01-13,,Nacional,Belenenses,0.0,1.0,A,0.0,0.0,D,3.0,3.0,0.0,0.0,18-19,11,7,19,25,5,6,-10.0,4.0,16,16,38.0,29.0,0.0,0.0,18,19.0,12.0,1.2,1.6,22.0,2.0,1.2,29.0,4,7.0,-7.0,-14.0,1.1875,1.5625,-0.375,-0.625,0.25,-0.875,0
2019-01-13,,Chaves,Tondela,2.0,1.0,H,1.0,0.0,H,3.0,1.0,0.0,1.0,18-19,18,12,9,18,2,5,-13.0,-3.0,16,16,36.0,49.0,2.0,7.0,16,6.0,11.0,0.2,1.0,9.0,1.2,1.2,36.0,6,-5.0,-27.0,-10.0,0.5625,1.125,-0.5625,-0.8125,-0.1875,-0.625,0
2019-01-12,,Sp Lisbon,Porto,0.0,0.0,D,0.0,0.0,D,4.0,4.0,0.0,0.0,18-19,4,1,34,42,11,14,15.0,24.0,16,16,47.0,30.0,1.0,0.0,9,3.0,1.0,2.4,1.4,21.0,2.4,0.8,45.0,3,2.0,-24.0,-9.0,2.125,2.625,-0.5,0.9375,1.5,-0.5625,0
2019-01-12,,Boavista,Maritimo,0.0,1.0,A,0.0,0.0,D,2.0,3.0,0.0,0.0,18-19,14,15,16,14,4,4,-6.0,-11.0,16,16,62.0,41.0,6.0,2.0,11,8.0,7.0,0.8,0.6,19.0,0.8,1.4,16.0,-1,1.0,3.0,5.0,1.0,0.875,0.125,-0.375,-0.6875,0.3125,0
2019-01-11,,Santa Clara,Benfica,0.0,2.0,A,0.0,1.0,A,3.0,3.0,1.0,0.0,18-19,9,3,21,35,6,11,1.0,18.0,16,16,41.0,36.0,5.0,4.0,19,19.0,2.0,1.4,1.2,17.0,2.4,1.2,33.0,6,17.0,-16.0,-17.0,1.3125,2.1875,-0.875,0.0625,1.125,-1.0625,0
2019-01-11,,Guimaraes,Moreirense,1.0,0.0,H,0.0,0.0,D,3.0,2.0,1.0,0.0,18-19,6,5,25,28,7,9,4.0,-2.0,16,16,33.0,39.0,0.0,3.0,8,9.0,14.0,1.0,1.0,14.0,1.4,0.8,42.0,1,-5.0,-28.0,6.0,1.5625,1.75,-0.1875,0.25,-0.125,0.375,0
2019-01-11,,Aves,Feirense,1.0,1.0,D,1.0,0.0,H,0.0,3.0,0.0,0.0,18-19,17,16,11,12,3,2,-13.0,-13.0,16,16,44.0,47.0,2.0,0.0,0,13.0,16.0,0.8,2.4,2.0,0.6,1.6,10.0,1,-3.0,-8.0,0.0,0.6875,0.75,-0.0625,-0.8125,-0.8125,0.0,0
2019-01-10,,Portimonense,Sp Braga,1.0,1.0,D,1.0,0.0,H,3.0,2.0,1.0,0.0,18-19,8,2,23,36,7,11,-4.0,15.0,16,16,34.0,29.0,2.0,1.0,3,10.0,4.0,1.6,1.4,27.0,2.0,1.2,36.0,6,6.0,-9.0,-19.0,1.4375,2.25,-0.8125,-0.25,0.9375,-1.1875,0
2019-01-07,,Tondela,Sp Lisbon,2.0,1.0,H,1.0,0.0,H,5.0,4.0,1.0,0.0,18-19,14,4,15,34,4,11,-4.0,16.0,15,15,44.0,43.0,6.0,1.0,15,11.0,3.0,1.2,1.6,27.0,2.8,1.2,33.0,10,8.0,-6.0,-20.0,1.0,2.2666666666666666,-1.2666666666666666,-0.26666666666666666,1.0666666666666667,-1.3333333333333333,0
2019-01-07,,Porto,Nacional,3.0,1.0,H,2.0,1.0,H,0.0,0.0,0.0,0.0,18-19,1,11,39,19,13,5,22.0,-8.0,15,15,30.0,38.0,0.0,0.0,7,1.0,19.0,2.0,0.6,45.0,1.6,1.4,32.0,-10,-18.0,13.0,30.0,2.6,1.2666666666666666,1.3333333333333335,1.4666666666666666,-0.5333333333333333,2.0,0
2019-01-07,,Moreirense,Aves,1.0,0.0,H,0.0,0.0,D,1.0,1.0,0.0,0.0,18-19,7,17,25,11,8,3,-3.0,-12.0,15,15,38.0,43.0,3.0,2.0,12,14.0,13.0,1.2,1.2,36.0,1.2,2.8,3.0,-10,1.0,33.0,9.0,1.6666666666666667,0.7333333333333333,0.9333333333333335,-0.2,-0.8,0.6000000000000001,0
2019-01-06,,Sp Braga,Boavista,1.0,0.0,H,1.0,0.0,H,3.0,4.0,0.0,1.0,18-19,3,13,33,16,10,4,14.0,-5.0,15,15,26.0,58.0,1.0,5.0,14,4.0,8.0,2.2,1.2,33.0,0.8,0.6,26.0,-10,-4.0,7.0,19.0,2.2,1.0666666666666667,1.1333333333333335,0.9333333333333333,-0.3333333333333333,1.2666666666666666,0
2019-01-06,,Setubal,Chaves,0.0,0.0,D,0.0,0.0,D,0.0,1.0,0.0,0.0,18-19,12,18,17,8,5,2,-3.0,-13.0,15,15,45.0,35.0,1.0,2.0,1,15.0,6.0,0.4,1.4,3.0,0.2,1.2,5.0,-6,9.0,-2.0,10.0,1.1333333333333333,0.5333333333333333,0.6,-0.2,-0.8666666666666667,0.6666666666666667,0
2019-01-06,,Feirense,Santa Clara,2.0,2.0,D,0.0,1.0,A,4.0,2.0,0.0,0.0,18-19,17,9,11,20,2,6,-13.0,1.0,15,15,43.0,39.0,0.0,5.0,2,16.0,19.0,0.2,2.0,7.0,1.4,1.4,18.0,8,-3.0,-11.0,-14.0,0.7333333333333333,1.3333333333333333,-0.6,-0.8666666666666667,0.06666666666666667,-0.9333333333333333,0
2019-01-06,,Benfica,Rio Ave,4.0,2.0,H,2.0,2.0,D,3.0,3.0,0.0,0.0,18-19,4,10,32,19,10,5,16.0,-1.0,15,15,33.0,41.0,4.0,3.0,6,2.0,5.0,2.4,0.8,30.0,1.4,2.4,3.0,-6,-3.0,27.0,17.0,2.1333333333333333,1.2666666666666666,0.8666666666666667,1.0666666666666667,-0.06666666666666667,1.1333333333333333,0
2019-01-06,,Belenenses,Guimaraes,1.0,0.0,H,1.0,0.0,H,0.0,1.0,0.0,0.0,18-19,8,5,22,25,5,7,3.0,5.0,15,15,29.0,32.0,0.0,0.0,10,12.0,9.0,2.4,1.6,24.0,1.2,0.8,24.0,3,3.0,0.0,-2.0,1.4666666666666666,1.6666666666666667,-0.20000000000000018,0.2,0.3333333333333333,-0.1333333333333333,0
2019-01-05,,Maritimo,Portimonense,2.0,1.0,H,1.0,0.0,H,4.0,4.0,0.0,0.0,18-19,16,7,11,23,3,7,-12.0,-3.0,15,15,37.0,30.0,2.0,2.0,5,7.0,10.0,0.4,1.4,2.0,2.0,1.4,39.0,9,-3.0,-37.0,-9.0,0.7333333333333333,1.5333333333333334,-0.8000000000000002,-0.8,-0.2,-0.6000000000000001,0
2019-01-03,,Sp Lisbon,Belenenses,2.0,1.0,H,0.0,0.0,D,3.0,4.0,0.0,0.0,18-19,4,8,31,22,10,5,15.0,4.0,14,14,40.0,25.0,1.0,0.0,9,3.0,12.0,2.8,1.2,30.0,2.2,1.2,35.0,-4,-9.0,-5.0,11.0,2.2142857142857144,1.5714285714285714,0.642857142857143,1.0714285714285714,0.2857142857142857,0.7857142857142857,0
2019-01-03,,Chaves,Feirense,0.0,0.0,D,0.0,0.0,D,2.0,3.0,0.0,0.0,18-19,18,17,7,10,2,2,-13.0,-13.0,14,14,33.0,40.0,2.0,0.0,16,6.0,16.0,0.4,1.6,0.0,0.4,2.4,3.0,1,-10.0,-3.0,0.0,0.5,0.7142857142857143,-0.2142857142857143,-0.9285714285714286,-0.9285714285714286,0.0,0
2019-01-03,,Aves,Porto,0.0,1.0,A,0.0,1.0,A,2.0,1.0,0.0,0.0,18-19,15,1,11,36,3,12,-11.0,21.0,14,14,41.0,29.0,2.0,0.0,0,13.0,1.0,1.6,2.8,7.0,2.0,0.6,45.0,14,12.0,-38.0,-32.0,0.7857142857142857,2.5714285714285716,-1.785714285714286,-0.7857142857142857,1.5,-2.2857142857142856,0
2019-01-02,,Sp Braga,Maritimo,2.0,0.0,H,2.0,0.0,H,2.0,1.0,0.0,0.0,18-19,4,15,30,11,9,3,12.0,-10.0,14,14,24.0,36.0,1.0,2.0,14,4.0,7.0,1.8,1.4,27.0,0.4,1.2,3.0,-11,-3.0,24.0,22.0,2.142857142857143,0.7857142857142857,1.3571428571428572,0.8571428571428571,-0.7142857142857143,1.5714285714285714,0
2019-01-02,,Santa Clara,Tondela,1.0,2.0,A,0.0,0.0,D,3.0,3.0,1.0,0.0,18-19,8,14,20,12,6,3,2.0,-5.0,14,14,36.0,41.0,4.0,6.0,19,19.0,11.0,1.2,1.4,24.0,1.0,2.0,15.0,-6,8.0,9.0,7.0,1.4285714285714286,0.8571428571428571,0.5714285714285715,0.14285714285714285,-0.35714285714285715,0.5,0
2019-01-02,,Rio Ave,Moreirense,1.0,2.0,A,1.0,0.0,H,3.0,3.0,0.0,0.0,18-19,10,7,19,22,5,7,0.0,-4.0,14,14,38.0,35.0,3.0,3.0,4,5.0,14.0,1.4,2.4,4.0,1.2,1.0,30.0,3,-9.0,-26.0,4.0,1.3571428571428572,1.5714285714285714,-0.2142857142857142,0.0,-0.2857142857142857,0.2857142857142857,0
2019-01-02,,Portimonense,Benfica,2.0,0.0,H,2.0,0.0,H,2.0,2.0,0.0,1.0,18-19,9,2,20,32,6,10,-5.0,18.0,14,14,28.0,31.0,2.0,3.0,3,10.0,2.0,1.6,1.8,33.0,3.0,0.6,45.0,7,8.0,-12.0,-23.0,1.4285714285714286,2.2857142857142856,-0.857142857142857,-0.35714285714285715,1.2857142857142858,-1.642857142857143,0
2019-01-02,,Nacional,Guimaraes,1.0,0.0,H,1.0,0.0,H,3.0,4.0,0.0,0.0,18-19,12,5,16,25,4,7,-9.0,6.0,14,14,35.0,28.0,0.0,0.0,18,19.0,9.0,1.6,1.4,27.0,1.6,0.6,37.0,7,10.0,-10.0,-15.0,1.1428571428571428,1.7857142857142858,-0.642857142857143,-0.6428571428571429,0.42857142857142855,-1.0714285714285714,0
2019-01-02,,Boavista,Setubal,1.0,0.0,H,0.0,0.0,D,6.0,4.0,2.0,0.0,18-19,13,11,13,17,3,5,-6.0,-2.0,14,14,52.0,41.0,3.0,1.0,11,8.0,15.0,0.6,0.6,16.0,0.8,1.4,9.0,2,-7.0,7.0,-4.0,0.9285714285714286,1.2142857142857142,-0.2857142857142856,-0.42857142857142855,-0.14285714285714285,-0.2857142857142857,0
2018-12-23,,Porto,Rio Ave,2.0,1.0,H,2.0,1.0,H,1.0,4.0,0.0,1.0,18-19,1,10,33,19,11,5,20.0,1.0,13,13,28.0,34.0,0.0,2.0,7,1.0,5.0,2.0,0.4,45.0,1.8,2.6,6.0,-9,-4.0,39.0,19.0,2.5384615384615383,1.4615384615384615,1.0769230769230769,1.5384615384615385,0.07692307692307693,1.4615384615384617,0
2018-12-23,,Nacional,Chaves,2.0,0.0,H,1.0,0.0,H,3.0,4.0,0.0,0.0,18-19,13,18,13,7,3,2,-11.0,-11.0,13,13,32.0,29.0,0.0,2.0,18,19.0,6.0,1.8,2.0,20.0,0.6,1.6,0.0,-5,13.0,20.0,0.0,1.0,0.5384615384615384,0.46153846153846156,-0.8461538461538461,-0.8461538461538461,0.0,0
2018-12-23,,Guimaraes,Sp Lisbon,1.0,0.0,H,1.0,0.0,H,3.0,3.0,0.0,0.0,18-19,5,2,22,31,6,10,5.0,16.0,13,13,25.0,37.0,0.0,1.0,8,9.0,3.0,1.4,0.6,33.0,3.2,1.2,45.0,3,6.0,-12.0,-11.0,1.6923076923076923,2.3846153846153846,-0.6923076923076923,0.38461538461538464,1.2307692307692308,-0.8461538461538463,0
2018-12-23,,Benfica,Sp Braga,6.0,2.0,H,2.0,0.0,H,1.0,3.0,0.0,0.0,18-19,4,3,29,30,9,9,14.0,16.0,13,13,30.0,21.0,3.0,1.0,6,2.0,4.0,2.0,0.8,42.0,1.8,0.4,39.0,1,-2.0,3.0,-2.0,2.230769230769231,2.3076923076923075,-0.07692307692307665,1.0769230769230769,1.2307692307692308,-0.15384615384615397,0
2018-12-22,,Tondela,Maritimo,2.0,1.0,H,1.0,1.0,D,4.0,3.0,0.0,1.0,18-19,17,15,9,11,2,3,-6.0,-9.0,13,13,37.0,33.0,6.0,1.0,15,11.0,7.0,1.4,2.2,3.0,0.2,1.2,4.0,2,4.0,-1.0,3.0,0.6923076923076923,0.8461538461538461,-0.15384615384615385,-0.46153846153846156,-0.6923076923076923,0.23076923076923073,0
2018-12-22,,Setubal,Santa Clara,0.0,2.0,A,0.0,1.0,A,4.0,4.0,0.0,0.0,18-19,10,9,17,17,5,5,0.0,0.0,13,13,37.0,32.0,1.0,4.0,1,15.0,19.0,1.0,1.4,15.0,1.0,1.8,12.0,1,-4.0,3.0,0.0,1.3076923076923077,1.3076923076923077,0.0,0.0,0.0,0.0,0
2018-12-22,,Moreirense,Boavista,2.0,1.0,H,2.0,1.0,H,3.0,5.0,0.0,1.0,18-19,8,12,19,13,6,3,-5.0,-5.0,13,13,32.0,47.0,3.0,2.0,12,14.0,8.0,1.4,1.0,24.0,0.4,0.2,22.0,-4,6.0,2.0,0.0,1.4615384615384615,1.0,0.46153846153846145,-0.38461538461538464,-0.38461538461538464,0.0,0
2018-12-22,,Feirense,Portimonense,0.0,1.0,A,0.0,0.0,D,4.0,4.0,0.0,0.0,18-19,16,11,10,17,2,5,-12.0,-6.0,13,13,36.0,24.0,0.0,2.0,2,16.0,10.0,0.8,3.0,4.0,1.6,2.0,25.0,5,6.0,-21.0,-6.0,0.7692307692307693,1.3076923076923077,-0.5384615384615384,-0.9230769230769231,-0.46153846153846156,-0.46153846153846156,0
2018-12-22,,Belenenses,Aves,5.0,2.0,H,2.0,2.0,D,0.0,1.0,0.0,0.0,18-19,7,14,19,11,4,3,1.0,-8.0,13,13,25.0,40.0,0.0,2.0,10,12.0,13.0,1.4,1.0,29.0,1.6,2.0,14.0,-7,-1.0,15.0,9.0,1.4615384615384615,0.8461538461538461,0.6153846153846153,0.07692307692307693,-0.6153846153846154,0.6923076923076923,0
2018-12-16,,Sp Lisbon,Nacional,5.0,2.0,H,1.0,2.0,A,3.0,3.0,0.0,0.0,18-19,3,13,28,13,9,3,13.0,-8.0,12,12,34.0,29.0,1.0,0.0,9,3.0,19.0,2.8,0.8,45.0,1.4,1.2,28.0,-10,-16.0,17.0,21.0,2.3333333333333335,1.0833333333333333,1.2500000000000002,1.0833333333333333,-0.6666666666666666,1.75,3
2018-12-16,,Rio Ave,Belenenses,2.0,2.0,D,1.0,0.0,H,3.0,1.0,0.0,0.0,18-19,7,8,18,18,5,4,1.0,1.0,12,12,31.0,24.0,2.0,0.0,4,5.0,12.0,1.6,2.2,5.0,1.4,0.6,35.0,-1,-7.0,-30.0,0.0,1.5,1.5,0.0,0.08333333333333333,0.08333333333333333,0.0,3
2018-12-16,,Maritimo,Benfica,0.0,1.0,A,0.0,1.0,A,5.0,3.0,0.0,0.0,18-19,15,4,11,26,3,8,-8.0,13.0,12,12,28.0,27.0,1.0,3.0,5,7.0,2.0,0.2,1.2,5.0,1.8,1.2,36.0,11,5.0,-31.0,-21.0,0.9166666666666666,2.1666666666666665,-1.25,-0.6666666666666666,1.0833333333333333,-1.75,3
2018-12-15,,Santa Clara,Porto,1.0,2.0,A,1.0,1.0,D,1.0,3.0,0.0,0.0,18-19,8,1,17,30,5,10,1.0,19.0,12,12,31.0,25.0,4.0,0.0,19,19.0,1.0,1.2,1.6,18.0,2.0,0.2,45.0,7,18.0,-27.0,-18.0,1.4166666666666667,2.5,-1.0833333333333333,0.08333333333333333,1.5833333333333333,-1.5,3
2018-12-15,,Chaves,Moreirense,1.0,2.0,A,0.0,0.0,D,0.0,2.0,0.0,0.0,18-19,18,11,7,16,2,5,-10.0,-6.0,12,12,29.0,30.0,2.0,3.0,16,6.0,14.0,0.4,1.4,0.0,1.2,0.8,18.0,7,-8.0,-18.0,-4.0,0.5833333333333334,1.3333333333333333,-0.7499999999999999,-0.8333333333333334,-0.5,-0.33333333333333337,3
2018-12-15,,Boavista,Tondela,2.0,0.0,H,2.0,0.0,H,2.0,4.0,0.0,0.0,18-19,14,17,10,9,2,2,-7.0,-4.0,12,12,45.0,33.0,2.0,6.0,11,8.0,11.0,0.0,0.8,10.0,1.6,2.2,6.0,-3,-3.0,4.0,-3.0,0.8333333333333334,0.75,0.08333333333333337,-0.5833333333333334,-0.3333333333333333,-0.25000000000000006,3
2018-12-15,,Aves,Guimaraes,1.0,1.0,D,1.0,1.0,D,2.0,0.0,0.0,0.0,18-19,15,5,10,21,3,6,-8.0,5.0,12,12,38.0,25.0,2.0,0.0,0,13.0,9.0,1.6,2.2,15.0,1.4,0.6,39.0,10,4.0,-24.0,-13.0,0.8333333333333334,1.75,-0.9166666666666666,-0.6666666666666666,0.4166666666666667,-1.0833333333333333,3
2018-12-14,,Sp Braga,Feirense,4.0,0.0,H,2.0,0.0,H,0.0,1.0,0.0,0.0,18-19,3,16,27,10,8,2,12.0,-8.0,12,12,21.0,35.0,1.0,0.0,14,4.0,16.0,1.2,0.6,34.0,0.8,2.6,5.0,-13,-12.0,29.0,20.0,2.25,0.8333333333333334,1.4166666666666665,1.0,-0.6666666666666666,1.6666666666666665,3
2018-12-14,,Portimonense,Setubal,3.0,1.0,H,2.0,0.0,H,1.0,4.0,0.0,0.0,18-19,11,8,14,17,4,5,-8.0,2.0,12,12,23.0,33.0,2.0,1.0,3,10.0,15.0,1.2,1.8,17.0,1.2,1.0,24.0,3,-5.0,-7.0,-10.0,1.1666666666666667,1.4166666666666667,-0.25,-0.6666666666666666,0.16666666666666666,-0.8333333333333333,3
2018-12-10,,Feirense,Maritimo,1.0,1.0,D,0.0,0.0,D,3.0,4.0,0.0,0.0,18-19,17,15,9,10,2,3,-8.0,-8.0,11,11,32.0,24.0,0.0,1.0,2,16.0,7.0,0.6,2.4,1.0,0.2,1.6,0.0,2,9.0,1.0,0.0,0.8181818181818182,0.9090909090909091,-0.09090909090909083,-0.7272727272727273,-0.7272727272727273,0.0,3
2018-12-09,,Sp Lisbon,Aves,4.0,1.0,H,2.0,1.0,H,2.0,5.0,1.0,0.0,18-19,4,13,25,10,8,3,10.0,-5.0,11,11,32.0,33.0,0.0,2.0,9,3.0,13.0,2.4,1.4,42.0,1.4,1.6,21.0,-9,-10.0,21.0,15.0,2.272727272727273,0.9090909090909091,1.3636363636363638,0.9090909090909091,-0.45454545454545453,1.3636363636363635,3
2018-12-09,,Nacional,Boavista,0.0,0.0,D,0.0,0.0,D,2.0,2.0,0.0,0.0,18-19,12,16,12,9,3,2,-8.0,-7.0,11,11,27.0,43.0,0.0,2.0,18,19.0,8.0,1.6,1.4,31.0,0.2,0.8,10.0,-4,11.0,21.0,-1.0,1.0909090909090908,0.8181818181818182,0.2727272727272726,-0.7272727272727273,-0.6363636363636364,-0.09090909090909094,3
2018-12-09,,Moreirense,Santa Clara,0.0,1.0,A,0.0,0.0,D,5.0,4.0,1.0,0.0,18-19,9,10,16,14,5,4,-5.0,0.0,11,11,25.0,27.0,2.0,4.0,12,14.0,19.0,1.2,1.2,27.0,1.2,1.6,9.0,-1,-5.0,18.0,-5.0,1.4545454545454546,1.2727272727272727,0.18181818181818188,-0.45454545454545453,0.0,-0.45454545454545453,3
2018-12-09,,Guimaraes,Rio Ave,3.0,2.0,H,2.0,1.0,H,4.0,2.0,0.0,0.0,18-19,5,6,18,18,5,5,4.0,2.0,11,11,21.0,29.0,0.0,2.0,8,9.0,5.0,1.4,0.4,35.0,1.4,1.8,10.0,-1,4.0,25.0,2.0,1.6363636363636365,1.6363636363636365,0.0,0.36363636363636365,0.18181818181818182,0.18181818181818182,3
2018-12-08,,Tondela,Sp Braga,0.0,1.0,A,0.0,1.0,A,3.0,1.0,0.0,0.0,18-19,15,3,9,24,2,7,-3.0,11.0,11,11,30.0,20.0,6.0,1.0,15,11.0,4.0,1.8,2.2,10.0,1.2,0.8,27.0,12,7.0,-17.0,-14.0,0.8181818181818182,2.1818181818181817,-1.3636363636363633,-0.2727272727272727,1.0,-1.2727272727272727,3
2018-12-08,,Setubal,Benfica,0.0,1.0,A,0.0,1.0,A,3.0,4.0,0.0,0.0,18-19,7,4,17,23,5,7,3.0,12.0,11,11,30.0,23.0,1.0,3.0,1,15.0,2.0,1.8,0.8,36.0,1.8,1.2,30.0,3,13.0,6.0,-9.0,1.5454545454545454,2.090909090909091,-0.5454545454545454,0.2727272727272727,1.0909090909090908,-0.8181818181818181,3
2018-12-08,,Belenenses,Chaves,1.0,0.0,H,1.0,0.0,H,1.0,1.0,0.0,0.0,18-19,9,18,15,7,3,2,0.0,-9.0,11,11,23.0,28.0,0.0,2.0,10,12.0,6.0,1.2,0.6,29.0,0.4,1.4,0.0,-9,6.0,29.0,9.0,1.3636363636363635,0.6363636363636364,0.7272727272727272,0.0,-0.8181818181818182,0.8181818181818182,3
2018-12-07,,Porto,Portimonense,4.0,1.0,H,1.0,1.0,D,2.0,1.0,0.0,0.0,18-19,1,11,27,14,9,4,16.0,-5.0,11,11,23.0,22.0,0.0,2.0,7,1.0,10.0,1.2,0.2,42.0,1.8,1.4,27.0,-10,-9.0,15.0,21.0,2.4545454545454546,1.2727272727272727,1.1818181818181819,1.4545454545454546,-0.45454545454545453,1.9090909090909092,3
2018-12-03,,Rio Ave,Sp Lisbon,1.0,3.0,A,1.0,2.0,A,3.0,5.0,0.0,0.0,18-19,5,4,18,22,5,7,4.0,8.0,10,10,26.0,27.0,2.0,0.0,4,5.0,3.0,1.6,1.4,18.0,2.2,1.2,39.0,1,2.0,-21.0,-4.0,1.8,2.2,-0.40000000000000013,0.4,0.8,-0.4,3
2018-12-02,,Portimonense,Tondela,3.0,2.0,H,3.0,1.0,H,3.0,6.0,0.0,1.0,18-19,11,14,11,9,3,2,-6.0,-2.0,10,10,19.0,24.0,2.0,5.0,3,10.0,11.0,1.2,1.6,19.0,1.4,1.8,14.0,-3,-1.0,5.0,-4.0,1.1,0.9,0.20000000000000007,-0.6,-0.2,-0.39999999999999997,3
2018-12-02,,Chaves,Guimaraes,0.0,1.0,A,0.0,1.0,A,1.0,0.0,0.0,0.0,18-19,18,8,7,15,2,4,-8.0,3.0,10,10,27.0,21.0,2.0,0.0,16,6.0,9.0,0.8,1.6,1.0,1.4,0.6,29.0,10,-3.0,-28.0,-11.0,0.7,1.5,-0.8,-0.8,0.3,-1.1,3
2018-12-02,,Boavista,Porto,0.0,1.0,A,0.0,0.0,D,6.0,1.0,0.0,0.0,18-19,15,1,9,24,2,8,-6.0,15.0,10,10,37.0,22.0,2.0,0.0,11,8.0,1.0,0.4,1.0,15.0,1.2,0.2,39.0,14,7.0,-24.0,-21.0,0.9,2.4,-1.5,-0.6,1.5,-2.1,3
2018-12-02,,Aves,Nacional,2.0,3.0,A,1.0,1.0,D,3.0,4.0,0.0,0.0,18-19,12,17,10,9,3,2,-4.0,-9.0,10,10,30.0,23.0,2.0,0.0,0,13.0,19.0,1.6,1.0,30.0,1.0,1.6,21.0,-5,-6.0,9.0,5.0,1.0,0.9,0.09999999999999998,-0.4,-0.9,0.5,3
2018-12-01,,Sp Braga,Moreirense,2.0,0.0,H,2.0,0.0,H,1.0,2.0,0.0,0.0,18-19,3,6,21,16,6,5,9.0,-3.0,10,10,19.0,23.0,1.0,2.0,14,4.0,14.0,1.4,0.8,20.0,1.4,0.8,39.0,-3,-10.0,-19.0,12.0,2.1,1.6,0.5,0.9,-0.3,1.2,3
2018-12-01,,Maritimo,Setubal,0.0,1.0,A,0.0,0.0,D,1.0,2.0,0.0,0.0,18-19,13,9,10,14,3,4,-7.0,2.0,10,10,23.0,28.0,1.0,1.0,5,7.0,15.0,0.2,1.8,0.0,1.8,1.0,31.0,4,-8.0,-31.0,-9.0,1.0,1.4,-0.3999999999999999,-0.7,0.2,-0.8999999999999999,3
2018-12-01,,Benfica,Feirense,4.0,0.0,H,0.0,0.0,D,2.0,2.0,0.0,0.0,18-19,4,15,20,9,6,2,8.0,-4.0,10,10,21.0,30.0,3.0,0.0,6,2.0,16.0,1.4,1.6,22.0,0.6,1.8,2.0,-11,-14.0,20.0,12.0,2.0,0.9,1.1,0.8,-0.4,1.2000000000000002,3
2018-11-30,,Santa Clara,Belenenses,2.0,3.0,A,1.0,1.0,D,3.0,0.0,1.0,0.0,18-19,9,10,14,12,4,2,1.0,-1.0,10,10,24.0,23.0,3.0,0.0,19,19.0,12.0,1.4,1.0,18.0,0.6,0.8,20.0,-1,7.0,-2.0,2.0,1.4,1.2,0.19999999999999996,0.1,-0.1,0.2,3
2018-11-11,,Tondela,Benfica,1.0,3.0,A,1.0,1.0,D,4.0,3.0,2.0,0.0,18-19,14,5,9,17,2,5,0.0,6.0,9,9,20.0,18.0,3.0,3.0,15,11.0,2.0,1.6,1.2,21.0,1.2,1.4,14.0,9,9.0,7.0,-6.0,1.0,1.8888888888888888,-0.8888888888888888,0.0,0.6666666666666666,-0.6666666666666666,3
2018-11-11,,Sp Lisbon,Chaves,2.0,1.0,H,1.0,0.0,H,1.0,2.0,0.0,1.0,18-19,3,18,19,7,6,2,7.0,-7.0,9,9,26.0,25.0,0.0,1.0,9,3.0,6.0,1.8,1.2,33.0,1.0,1.4,5.0,-15,-3.0,28.0,14.0,2.111111111111111,0.7777777777777778,1.3333333333333335,0.7777777777777778,-0.7777777777777778,1.5555555555555556,3
2018-11-11,,Guimaraes,Santa Clara,2.0,0.0,H,1.0,0.0,H,1.0,2.0,0.0,0.0,18-19,9,7,12,14,3,4,1.0,3.0,9,9,20.0,22.0,0.0,3.0,8,9.0,19.0,1.4,1.2,20.0,1.6,1.2,27.0,2,-10.0,-7.0,-2.0,1.3333333333333333,1.5555555555555556,-0.22222222222222232,0.1111111111111111,0.3333333333333333,-0.2222222222222222,3
2018-11-10,,Porto,Sp Braga,1.0,0.0,H,0.0,0.0,D,1.0,1.0,0.0,0.0,18-19,1,2,21,21,7,6,14.0,10.0,9,9,21.0,18.0,0.0,1.0,7,1.0,4.0,1.4,0.2,36.0,1.6,0.6,31.0,-1,-3.0,5.0,4.0,2.3333333333333335,2.3333333333333335,0.0,1.5555555555555556,1.1111111111111112,0.4444444444444444,3
2018-11-10,,Nacional,Maritimo,1.0,0.0,H,0.0,0.0,D,3.0,2.0,0.0,0.0,18-19,18,12,6,10,1,3,-10.0,-6.0,9,9,20.0,21.0,0.0,1.0,18,19.0,7.0,0.8,1.6,9.0,0.2,1.6,1.0,6,12.0,8.0,-4.0,0.6666666666666666,1.1111111111111112,-0.44444444444444453,-1.1111111111111112,-0.6666666666666666,-0.44444444444444453,3
2018-11-10,,Belenenses,Boavista,0.0,0.0,D,0.0,0.0,D,5.0,6.0,0.0,0.0,18-19,10,15,11,8,2,2,-1.0,-6.0,9,9,18.0,31.0,0.0,2.0,10,12.0,8.0,0.6,0.8,21.0,0.6,1.4,14.0,-5,4.0,7.0,5.0,1.2222222222222223,0.8888888888888888,0.3333333333333335,-0.1111111111111111,-0.6666666666666666,0.5555555555555556,3
2018-11-10,,Aves,Rio Ave,2.0,1.0,H,2.0,0.0,H,3.0,3.0,0.0,1.0,18-19,16,4,7,18,2,5,-5.0,5.0,9,9,27.0,23.0,2.0,1.0,0,13.0,5.0,1.2,1.2,21.0,2.0,1.2,29.0,12,8.0,-8.0,-10.0,0.7777777777777778,2.0,-1.2222222222222223,-0.5555555555555556,0.5555555555555556,-1.1111111111111112,3
2018-11-09,,Setubal,Feirense,2.0,1.0,H,1.0,1.0,D,4.0,4.0,0.0,0.0,18-19,9,14,11,9,3,2,1.0,-3.0,9,9,24.0,26.0,1.0,0.0,1,15.0,16.0,1.4,1.2,23.0,0.4,1.4,4.0,-5,-1.0,19.0,4.0,1.2222222222222223,1.0,0.22222222222222232,0.1111111111111111,-0.3333333333333333,0.4444444444444444,3
2018-11-09,,Moreirense,Portimonense,2.0,0.0,H,1.0,0.0,H,2.0,1.0,0.0,0.0,18-19,7,11,13,11,4,3,-5.0,-4.0,9,9,21.0,18.0,2.0,2.0,12,14.0,10.0,1.0,1.2,33.0,1.8,1.6,29.0,-4,4.0,4.0,-1.0,1.4444444444444444,1.2222222222222223,0.2222222222222221,-0.5555555555555556,-0.4444444444444444,-0.11111111111111116,3
2018-11-05,,Rio Ave,Nacional,3.0,3.0,D,2.0,1.0,H,2.0,5.0,0.0,0.0,18-19,5,17,17,5,5,1,5.0,-10.0,8,8,21.0,15.0,1.0,0.0,4,5.0,19.0,1.8,0.8,37.0,0.2,1.8,6.0,-12,-14.0,31.0,15.0,2.125,0.625,1.5,0.625,-1.25,1.875,3
2018-11-05,,Chaves,Aves,1.0,2.0,A,0.0,1.0,A,3.0,3.0,0.0,0.0,18-19,16,18,7,4,2,1,-6.0,-6.0,8,8,22.0,24.0,1.0,2.0,16,6.0,13.0,0.8,1.2,9.0,0.8,1.2,9.0,-2,-7.0,0.0,0.0,0.875,0.5,0.375,-0.75,-0.75,0.0,3
2018-11-04,,Sp Braga,Setubal,2.0,1.0,H,2.0,1.0,H,1.0,3.0,0.0,0.0,18-19,2,9,18,11,5,3,9.0,2.0,8,8,17.0,21.0,1.0,1.0,14,4.0,15.0,1.4,0.4,27.0,1.2,0.8,31.0,-7,-11.0,-4.0,7.0,2.25,1.375,0.875,1.125,0.25,0.875,3
2018-11-04,,Santa Clara,Sp Lisbon,1.0,2.0,A,1.0,0.0,H,2.0,3.0,1.0,0.0,18-19,6,5,14,16,4,5,4.0,6.0,8,8,20.0,23.0,2.0,0.0,19,19.0,3.0,2.2,1.2,39.0,1.6,1.0,27.0,1,16.0,12.0,-2.0,1.75,2.0,-0.25,0.5,0.75,-0.25,3
2018-11-04,,Feirense,Tondela,2.0,4.0,A,1.0,1.0,D,4.0,3.0,0.0,0.0,18-19,13,16,9,6,2,1,-1.0,-2.0,8,8,22.0,17.0,0.0,3.0,2,16.0,11.0,0.0,0.8,6.0,0.8,1.0,10.0,-3,5.0,-4.0,1.0,1.125,0.75,0.375,-0.125,-0.25,0.125,3
2018-11-03,,Portimonense,Belenenses,1.0,1.0,D,0.0,0.0,D,2.0,3.0,0.0,0.0,18-19,11,10,10,10,3,2,-4.0,-1.0,8,8,16.0,15.0,2.0,0.0,3,10.0,12.0,1.8,1.8,33.0,0.4,0.6,22.0,1,-2.0,11.0,-3.0,1.25,1.25,0.0,-0.5,-0.125,-0.375,3
2018-11-03,,Maritimo,Porto,0.0,2.0,A,0.0,0.0,D,4.0,2.0,1.0,0.0,18-19,12,1,10,18,3,6,-4.0,12.0,8,8,17.0,19.0,0.0,0.0,5,7.0,1.0,0.4,1.2,5.0,1.6,0.2,33.0,11,6.0,-28.0,-16.0,1.25,2.25,-1.0,-0.5,1.5,-2.0,3
2018-11-03,,Boavista,Guimaraes,0.0,0.0,D,0.0,0.0,D,3.0,4.0,0.0,0.0,18-19,14,9,7,11,2,3,-6.0,1.0,8,8,28.0,16.0,2.0,0.0,11,8.0,9.0,1.0,2.2,12.0,1.6,1.2,23.0,5,-1.0,-11.0,-7.0,0.875,1.375,-0.5,-0.75,0.125,-0.875,3
2018-11-02,,Benfica,Moreirense,1.0,3.0,A,1.0,3.0,A,2.0,3.0,1.0,0.0,18-19,3,12,17,10,5,3,8.0,-7.0,8,8,16.0,18.0,2.0,2.0,6,2.0,14.0,1.8,0.8,24.0,0.4,1.6,24.0,-9,-12.0,0.0,15.0,2.125,1.25,0.875,1.0,-0.875,1.875,3
2018-10-28,,Tondela,Setubal,1.0,2.0,A,0.0,1.0,A,3.0,3.0,0.0,0.0,18-19,16,12,6,8,1,2,-1.0,1.0,7,7,14.0,18.0,3.0,1.0,15,11.0,15.0,0.8,0.8,15.0,1.0,1.0,21.0,4,-4.0,-6.0,-2.0,0.8571428571428571,1.1428571428571428,-0.2857142857142857,-0.14285714285714285,0.14285714285714285,-0.2857142857142857,3
2018-10-28,,Sp Lisbon,Boavista,3.0,0.0,H,1.0,0.0,H,2.0,3.0,0.0,0.0,18-19,6,13,13,7,4,2,3.0,-3.0,7,7,21.0,25.0,0.0,2.0,9,3.0,8.0,1.2,1.2,19.0,1.2,1.8,16.0,-7,-5.0,3.0,6.0,1.8571428571428572,1.0,0.8571428571428572,0.42857142857142855,-0.42857142857142855,0.8571428571428571,3
2018-10-28,,Porto,Feirense,2.0,0.0,H,1.0,0.0,H,1.0,3.0,0.0,0.0,18-19,4,11,15,9,5,2,10.0,1.0,7,7,18.0,19.0,0.0,0.0,7,1.0,16.0,1.6,0.8,27.0,0.2,0.6,9.0,-7,-15.0,18.0,9.0,2.142857142857143,1.2857142857142858,0.857142857142857,1.4285714285714286,0.14285714285714285,1.2857142857142858,3
2018-10-28,,Moreirense,Maritimo,1.0,0.0,H,0.0,0.0,D,1.0,2.0,0.0,0.0,18-19,15,9,7,10,2,3,-8.0,-3.0,7,7,17.0,15.0,2.0,0.0,12,14.0,7.0,0.4,1.8,13.0,0.8,1.2,12.0,6,7.0,1.0,-5.0,1.0,1.4285714285714286,-0.4285714285714286,-1.1428571428571428,-0.42857142857142855,-0.7142857142857142,3
2018-10-27,,Rio Ave,Chaves,1.0,0.0,H,0.0,0.0,D,3.0,3.0,0.0,0.0,18-19,4,14,14,7,4,2,4.0,-5.0,7,7,18.0,19.0,1.0,1.0,4,5.0,6.0,1.8,1.0,33.0,1.0,1.4,13.0,-10,-1.0,20.0,9.0,2.0,1.0,1.0,0.5714285714285714,-0.7142857142857143,1.2857142857142856,3
2018-10-27,,Belenenses,Benfica,2.0,0.0,H,2.0,0.0,H,2.0,2.0,0.0,0.0,18-19,13,2,7,17,1,5,-3.0,10.0,7,7,13.0,14.0,0.0,2.0,10,12.0,2.0,0.2,0.8,11.0,2.0,0.6,35.0,11,10.0,-24.0,-13.0,1.0,2.4285714285714284,-1.4285714285714284,-0.42857142857142855,1.4285714285714286,-1.8571428571428572,3
2018-10-27,,Aves,Santa Clara,1.0,2.0,A,0.0,2.0,A,2.0,2.0,0.0,1.0,18-19,18,6,4,11,1,3,-5.0,3.0,7,7,22.0,18.0,2.0,1.0,0,13.0,19.0,0.8,1.4,12.0,2.2,1.4,34.0,12,-6.0,-22.0,-8.0,0.5714285714285714,1.5714285714285714,-1.0,-0.7142857142857143,0.42857142857142855,-1.1428571428571428,3
2018-10-26,,Nacional,Portimonense,0.0,1.0,A,0.0,1.0,A,1.0,1.0,0.0,0.0,18-19,17,13,5,7,1,2,-9.0,-5.0,7,7,14.0,15.0,0.0,2.0,18,19.0,10.0,0.6,1.8,11.0,2.0,2.2,25.0,4,9.0,-14.0,-4.0,0.7142857142857143,1.0,-0.2857142857142857,-1.2857142857142858,-0.7142857142857143,-0.5714285714285715,3
2018-10-26,,Guimaraes,Sp Braga,1.0,1.0,D,1.0,1.0,D,1.0,2.0,0.0,0.0,18-19,7,2,10,17,3,5,1.0,9.0,7,7,15.0,15.0,0.0,1.0,8,9.0,4.0,2.0,1.4,28.0,1.8,0.4,35.0,5,5.0,-7.0,-8.0,1.4285714285714286,2.4285714285714284,-0.9999999999999998,0.14285714285714285,1.2857142857142858,-1.142857142857143,3
2018-10-07,,Portimonense,Sp Lisbon,4.0,2.0,H,2.0,0.0,H,5.0,1.0,0.0,0.0,18-19,18,5,4,13,1,4,-7.0,5.0,6,6,10.0,20.0,2.0,0.0,3,10.0,3.0,1.2,2.2,14.0,1.2,0.6,29.0,13,7.0,-15.0,-12.0,0.6666666666666666,2.1666666666666665,-1.5,-1.1666666666666667,0.8333333333333334,-2.0,3
2018-10-07,,Boavista,Aves,1.0,0.0,H,0.0,0.0,D,3.0,4.0,0.0,0.0,18-19,16,17,4,4,1,1,-4.0,-4.0,6,6,22.0,18.0,2.0,2.0,11,8.0,13.0,1.0,2.2,2.0,1.2,1.6,16.0,-1,-5.0,-14.0,0.0,0.6666666666666666,0.6666666666666666,0.0,-0.6666666666666666,-0.6666666666666666,0.0,3
2018-10-07,,Benfica,Porto,1.0,0.0,H,0.0,0.0,D,4.0,5.0,1.0,0.0,18-19,3,2,14,15,4,5,9.0,11.0,6,6,10.0,13.0,1.0,0.0,6,2.0,1.0,2.2,0.6,31.0,2.2,1.0,39.0,1,1.0,-8.0,-2.0,2.3333333333333335,2.5,-0.16666666666666652,1.5,1.8333333333333333,-0.33333333333333326,3
2018-10-06,,Sp Braga,Rio Ave,1.0,1.0,D,1.0,1.0,D,4.0,4.0,1.0,0.0,18-19,1,5,16,13,5,4,9.0,4.0,6,6,11.0,14.0,0.0,1.0,14,4.0,5.0,2.2,0.8,43.0,2.2,1.0,41.0,-4,-1.0,2.0,5.0,2.6666666666666665,2.1666666666666665,0.5,1.5,0.6666666666666666,0.8333333333333334,3
2018-10-06,,Setubal,Moreirense,3.0,0.0,H,1.0,0.0,H,2.0,3.0,0.0,2.0,18-19,14,12,5,7,1,2,-2.0,-5.0,6,6,16.0,14.0,1.0,0.0,1,15.0,14.0,0.6,1.4,8.0,0.8,1.4,20.0,2,1.0,-12.0,3.0,0.8333333333333334,1.1666666666666667,-0.33333333333333337,-0.3333333333333333,-0.8333333333333334,0.5,3
2018-10-06,,Maritimo,Guimaraes,1.0,3.0,A,0.0,1.0,A,1.0,0.0,0.0,0.0,18-19,7,9,10,7,3,2,-1.0,-1.0,6,6,14.0,15.0,0.0,0.0,5,7.0,9.0,0.8,1.2,19.0,1.4,1.4,20.0,-2,-2.0,-1.0,0.0,1.6666666666666667,1.1666666666666667,0.5,-0.16666666666666666,-0.16666666666666666,0.0,3
2018-10-05,,Tondela,Nacional,1.0,1.0,D,0.0,0.0,D,1.0,2.0,0.0,0.0,18-19,13,18,5,4,1,1,-1.0,-9.0,6,6,13.0,12.0,3.0,0.0,15,11.0,19.0,1.0,1.0,15.0,0.6,2.0,10.0,-5,-8.0,5.0,8.0,0.8333333333333334,0.6666666666666666,0.16666666666666674,-0.16666666666666666,-1.5,1.3333333333333333,3
2018-10-05,,Santa Clara,Chaves,1.0,0.0,H,0.0,0.0,D,2.0,1.0,0.0,0.0,18-19,7,10,8,7,2,2,2.0,-4.0,6,6,16.0,18.0,1.0,1.0,19,19.0,6.0,2.6,2.0,27.0,1.4,1.2,20.0,-3,13.0,7.0,6.0,1.3333333333333333,1.1666666666666667,0.16666666666666652,0.3333333333333333,-0.6666666666666666,1.0,3
2018-10-05,,Feirense,Belenenses,0.0,0.0,D,0.0,0.0,D,3.0,2.0,0.0,0.0,18-19,8,12,8,6,2,1,1.0,-3.0,6,6,16.0,11.0,0.0,0.0,2,16.0,12.0,0.4,0.6,9.0,0.6,1.4,9.0,-4,4.0,0.0,4.0,1.3333333333333333,1.0,0.33333333333333326,0.16666666666666666,-0.5,0.6666666666666666,3
2018-10-01,,Aves,Portimonense,3.0,0.0,H,1.0,0.0,H,2.0,1.0,0.0,0.0,18-19,18,16,1,4,0,1,-7.0,-4.0,5,5,16.0,9.0,2.0,2.0,0,13.0,10.0,0.6,2.0,2.0,1.2,2.0,18.0,2,3.0,-16.0,-3.0,0.2,0.8,-0.6000000000000001,-1.4,-0.8,-0.5999999999999999,3
2018-09-30,,Nacional,Santa Clara,0.0,3.0,A,0.0,1.0,A,1.0,2.0,0.0,0.0,18-19,17,12,4,5,1,1,-6.0,-1.0,5,5,11.0,14.0,0.0,1.0,18,19.0,19.0,1.0,2.2,14.0,2.0,2.2,17.0,5,0.0,-3.0,-5.0,0.8,1.0,-0.19999999999999996,-1.2,-0.2,-1.0,3
2018-09-30,,Guimaraes,Setubal,1.0,1.0,D,0.0,0.0,D,2.0,3.0,0.0,0.0,18-19,11,14,6,4,2,1,-1.0,-2.0,5,5,13.0,13.0,0.0,1.0,8,9.0,15.0,1.6,1.8,21.0,0.8,1.2,7.0,-3,-6.0,14.0,1.0,1.2,0.8,0.3999999999999999,-0.2,-0.4,0.2,3
2018-09-30,,Belenenses,Sp Braga,0.0,3.0,A,0.0,2.0,A,4.0,0.0,0.0,0.0,18-19,10,3,6,13,1,4,0.0,6.0,5,5,7.0,11.0,0.0,0.0,10,12.0,4.0,0.8,0.8,15.0,2.4,1.2,41.0,7,8.0,-26.0,-6.0,1.2,2.6,-1.4000000000000001,0.0,1.2,-1.2,3
2018-09-29,,Sp Lisbon,Maritimo,2.0,0.0,H,2.0,0.0,H,2.0,3.0,0.0,0.0,18-19,5,6,10,10,3,3,3.0,1.0,5,5,18.0,11.0,0.0,0.0,9,3.0,7.0,1.4,0.8,24.0,1.0,0.8,29.0,-1,-4.0,-5.0,2.0,2.0,2.0,0.0,0.6,0.2,0.39999999999999997,3
2018-09-29,,Rio Ave,Boavista,2.0,1.0,H,2.0,0.0,H,2.0,3.0,0.0,1.0,18-19,4,14,10,4,3,1,3.0,-3.0,5,5,12.0,19.0,1.0,1.0,4,5.0,8.0,1.8,1.2,36.0,1.2,1.8,6.0,-10,-3.0,30.0,6.0,2.0,0.8,1.2,0.6,-0.6,1.2,3
2018-09-29,,Moreirense,Feirense,1.0,0.0,H,0.0,0.0,D,1.0,2.0,0.0,0.0,18-19,17,7,4,8,1,2,-6.0,2.0,5,5,13.0,14.0,0.0,0.0,12,14.0,16.0,0.8,2.0,9.0,0.8,0.4,17.0,10,-2.0,-8.0,-8.0,0.8,1.6,-0.8,-1.2,0.4,-1.6,3
2018-09-28,,Porto,Tondela,1.0,0.0,H,0.0,0.0,D,3.0,5.0,0.0,0.0,18-19,3,11,12,5,4,1,10.0,0.0,5,5,10.0,8.0,0.0,3.0,7,1.0,11.0,3.0,1.0,36.0,1.0,1.0,20.0,-8,-10.0,16.0,10.0,2.4,1.0,1.4,2.0,0.0,2.0,3
2018-09-27,,Chaves,Benfica,2.0,2.0,D,0.0,1.0,A,3.0,1.0,0.0,1.0,18-19,10,1,6,13,2,4,-4.0,9.0,5,5,15.0,9.0,1.0,0.0,16,6.0,2.0,1.0,1.8,21.0,2.4,0.6,39.0,9,4.0,-18.0,-13.0,1.2,2.6,-1.4000000000000001,-0.8,1.8,-2.6,3
2018-09-24,,Sp Braga,Sp Lisbon,1.0,0.0,H,0.0,0.0,D,1.0,2.0,0.0,0.0,18-19,3,4,10,10,3,3,5.0,4.0,4,4,10.0,16.0,0.0,0.0,14,4.0,3.0,2.75,1.5,36.0,1.75,0.75,34.0,-1,1.0,2.0,1.0,2.5,2.5,0.0,1.25,1.0,0.25,3
2018-09-23,,Tondela,Moreirense,2.0,0.0,H,1.0,0.0,H,0.0,0.0,0.0,0.0,18-19,16,14,2,4,0,1,-2.0,-4.0,4,4,8.0,13.0,3.0,0.0,15,11.0,14.0,0.75,1.25,7.0,1.0,2.0,13.0,2,-3.0,-6.0,2.0,0.5,1.0,-0.5,-0.5,-1.0,0.5,3
2018-09-23,,Portimonense,Guimaraes,3.0,2.0,H,1.0,0.0,H,2.0,4.0,0.0,0.0,18-19,17,8,1,6,0,2,-5.0,0.0,4,4,7.0,9.0,2.0,0.0,3,10.0,9.0,0.75,2.0,4.0,1.5,1.5,27.0,9,1.0,-23.0,-5.0,0.25,1.5,-1.25,-1.25,0.0,-1.25,3
2018-09-23,,Feirense,Nacional,0.0,0.0,D,0.0,0.0,D,2.0,2.0,0.0,0.0,18-19,7,15,7,3,2,1,2.0,-6.0,4,4,12.0,9.0,0.0,0.0,2,16.0,19.0,1.0,0.5,19.0,1.25,2.75,12.0,-8,-3.0,7.0,8.0,1.75,0.75,1.0,0.5,-1.5,2.0,3
2018-09-23,,Benfica,Aves,2.0,0.0,H,1.0,0.0,H,1.0,4.0,0.0,0.0,18-19,2,18,10,1,3,0,7.0,-5.0,4,4,8.0,12.0,0.0,2.0,6,2.0,13.0,2.5,0.75,34.0,0.75,2.0,3.0,-16,-11.0,31.0,12.0,2.5,0.25,2.25,1.75,-1.25,3.0,3
2018-09-22,,Setubal,Porto,0.0,2.0,A,0.0,1.0,A,1.0,2.0,0.0,0.0,18-19,12,4,4,9,1,3,0.0,8.0,4,4,12.0,8.0,1.0,0.0,1,15.0,1.0,1.0,1.0,11.0,3.25,1.25,30.0,8,14.0,-19.0,-8.0,1.0,2.25,-1.25,0.0,2.0,-2.0,2
2018-09-22,,Santa Clara,Rio Ave,1.0,3.0,A,0.0,0.0,D,2.0,4.0,1.0,1.0,18-19,10,7,5,7,1,2,1.0,1.0,4,4,12.0,8.0,0.0,0.0,19,19.0,5.0,2.25,2.0,22.0,1.5,1.25,28.0,3,14.0,-6.0,0.0,1.25,1.75,-0.5,0.25,0.25,0.0,2
2018-09-22,,Maritimo,Belenenses,0.0,0.0,D,0.0,0.0,D,1.0,1.0,0.0,0.0,18-19,5,11,9,5,3,1,1.0,0.0,4,4,10.0,6.0,0.0,0.0,5,7.0,12.0,1.25,1.0,33.0,1.0,1.0,15.0,-6,-5.0,18.0,1.0,2.25,1.25,1.0,0.25,0.0,0.25,2
2018-09-21,,Boavista,Chaves,1.0,2.0,A,0.0,1.0,A,3.0,4.0,0.0,0.0,18-19,12,14,4,3,1,1,-2.0,-5.0,4,4,16.0,11.0,1.0,1.0,11,8.0,6.0,1.25,1.75,10.0,0.75,2.0,9.0,-2,2.0,1.0,3.0,1.0,0.75,0.25,-0.5,-1.25,0.75,2
2018-09-02,,Rio Ave,Portimonense,2.0,1.0,H,0.0,1.0,A,3.0,2.0,0.0,2.0,18-19,11,18,4,1,1,0,0.0,-4.0,3,3,5.0,5.0,0.0,0.0,4,5.0,10.0,1.3333333333333333,1.3333333333333333,17.0,0.6666666666666666,2.0,5.0,-7,-5.0,12.0,4.0,1.3333333333333333,0.3333333333333333,1.0,0.0,-1.3333333333333333,1.3333333333333333,2
2018-09-02,,Porto,Moreirense,3.0,0.0,H,2.0,0.0,H,2.0,1.0,0.0,0.0,18-19,5,12,6,4,2,1,5.0,-1.0,3,3,6.0,12.0,0.0,0.0,7,1.0,14.0,3.3333333333333335,1.6666666666666667,21.0,1.3333333333333333,1.6666666666666667,17.0,-7,-13.0,4.0,6.0,2.0,1.3333333333333333,0.6666666666666667,1.6666666666666667,-0.3333333333333333,2.0,2
2018-09-02,,Nacional,Benfica,0.0,4.0,A,0.0,2.0,A,1.0,3.0,0.0,0.0,18-19,14,3,3,7,1,2,-2.0,3.0,3,3,8.0,5.0,0.0,0.0,18,19.0,2.0,1.6666666666666667,2.3333333333333335,15.0,2.0,1.0,26.0,11,17.0,-11.0,-5.0,1.0,2.3333333333333335,-1.3333333333333335,-0.6666666666666666,1.0,-1.6666666666666665,2
2018-09-02,,Aves,Maritimo,0.0,1.0,A,0.0,1.0,A,2.0,3.0,0.0,0.0,18-19,17,7,1,6,0,2,-4.0,0.0,3,3,10.0,7.0,2.0,0.0,0,13.0,7.0,1.0,2.3333333333333335,4.0,1.3333333333333333,1.3333333333333333,24.0,10,6.0,-20.0,-4.0,0.3333333333333333,2.0,-1.6666666666666667,-1.3333333333333333,0.0,-1.3333333333333333,2
2018-09-01,,Sp Lisbon,Feirense,1.0,0.0,H,0.0,0.0,D,4.0,6.0,0.0,0.0,18-19,3,4,7,7,2,2,3.0,3.0,3,3,12.0,6.0,0.0,0.0,9,3.0,16.0,2.0,1.0,26.0,1.3333333333333333,0.3333333333333333,26.0,-1,-13.0,0.0,0.0,2.3333333333333335,2.3333333333333335,0.0,1.0,1.0,0.0,2
2018-09-01,,Santa Clara,Boavista,4.0,2.0,H,1.0,1.0,D,4.0,3.0,0.0,0.0,18-19,15,10,2,4,0,1,-1.0,0.0,3,3,8.0,13.0,0.0,1.0,19,19.0,8.0,1.6666666666666667,2.0,9.0,1.0,1.0,14.0,5,11.0,-5.0,-1.0,0.6666666666666666,1.3333333333333333,-0.6666666666666666,-0.3333333333333333,0.0,-0.3333333333333333,2
2018-09-01,,Belenenses,Setubal,0.0,0.0,D,0.0,0.0,D,0.0,1.0,0.0,0.0,18-19,8,12,4,3,1,1,0.0,0.0,3,3,6.0,11.0,0.0,1.0,10,12.0,15.0,1.3333333333333333,1.3333333333333333,14.0,1.3333333333333333,1.3333333333333333,9.0,-4,-3.0,5.0,0.0,1.3333333333333333,1.0,0.33333333333333326,0.0,0.0,0.0,2
2018-08-31,,Guimaraes,Tondela,1.0,0.0,H,1.0,0.0,H,2.0,1.0,0.0,1.0,18-19,12,16,3,2,1,0,-1.0,-1.0,3,3,7.0,7.0,0.0,2.0,8,9.0,11.0,1.6666666666666667,2.0,15.0,1.0,1.3333333333333333,9.0,-4,-2.0,6.0,0.0,1.0,0.6666666666666666,0.33333333333333337,-0.3333333333333333,-0.3333333333333333,0.0,2
2018-08-31,,Chaves,Sp Braga,0.0,1.0,A,0.0,1.0,A,2.0,5.0,0.0,0.0,18-19,14,1,3,7,1,2,-4.0,4.0,3,3,9.0,5.0,1.0,0.0,16,6.0,4.0,1.0,2.3333333333333335,12.0,3.3333333333333335,2.0,28.0,13,2.0,-16.0,-8.0,1.0,2.3333333333333335,-1.3333333333333335,-1.3333333333333333,1.3333333333333333,-2.6666666666666665,2
2018-08-27,,Moreirense,Belenenses,1.0,1.0,D,0.0,0.0,D,2.0,2.0,0.0,0.0,18-19,12,10,3,3,1,1,-1.0,0.0,2,2,10.0,4.0,0.0,0.0,12,14.0,12.0,1.5,2.0,15.0,1.5,1.5,12.0,2,2.0,3.0,-1.0,1.5,1.5,0.0,-0.5,0.0,-0.5,2
2018-08-26,,Tondela,Rio Ave,1.0,1.0,D,0.0,1.0,A,2.0,2.0,1.0,0.0,18-19,15,9,1,3,0,1,-1.0,0.0,2,2,5.0,3.0,1.0,0.0,15,11.0,5.0,1.0,1.5,5.0,1.5,1.5,15.0,6,6.0,-10.0,-1.0,0.5,1.5,-1.0,-0.5,0.0,-0.5,2
2018-08-26,,Sp Braga,Aves,3.0,1.0,H,0.0,0.0,D,1.0,4.0,0.0,0.0,18-19,6,16,4,1,1,0,2.0,-2.0,2,2,4.0,6.0,0.0,2.0,14,4.0,13.0,3.5,2.5,17.0,1.0,2.0,5.0,-10,-9.0,12.0,4.0,2.0,0.5,1.5,1.0,-1.0,2.0,2
2018-08-26,,Setubal,Nacional,1.0,2.0,A,0.0,1.0,A,4.0,5.0,1.0,0.0,18-19,7,18,3,0,1,0,1.0,-3.0,2,2,7.0,3.0,0.0,0.0,1,15.0,19.0,1.5,1.0,12.0,1.5,3.0,0.0,-11,-4.0,12.0,4.0,1.5,0.0,1.5,0.5,-1.5,2.0,2
2018-08-26,,Feirense,Boavista,1.0,1.0,D,0.0,1.0,A,2.0,5.0,0.0,1.0,18-19,4,10,6,3,2,1,3.0,0.0,2,2,4.0,8.0,0.0,0.0,2,16.0,8.0,1.5,0.0,27.0,1.0,1.0,12.0,-6,8.0,15.0,3.0,3.0,1.5,1.5,1.5,0.0,1.5,2
2018-08-25,,Porto,Guimaraes,2.0,3.0,A,2.0,0.0,H,3.0,2.0,0.0,0.0,18-19,1,16,6,0,2,0,6.0,-2.0,2,2,3.0,5.0,0.0,0.0,7,1.0,9.0,4.0,1.0,27.0,1.0,2.0,0.0,-15,-8.0,27.0,8.0,3.0,0.0,3.0,3.0,-1.0,4.0,2
2018-08-25,,Portimonense,Santa Clara,2.0,2.0,D,0.0,1.0,A,0.0,3.0,0.0,0.0,18-19,18,13,0,1,0,0,-4.0,-1.0,2,2,5.0,5.0,0.0,0.0,3,10.0,19.0,0.0,2.0,0.0,1.5,2.0,5.0,5,-9.0,-5.0,-3.0,0.0,0.5,-0.5,-2.0,-0.5,-1.5,2
2018-08-25,,Benfica,Sp Lisbon,1.0,1.0,D,0.0,0.0,D,4.0,5.0,0.0,0.0,18-19,2,3,6,6,2,2,3.0,3.0,2,2,1.0,7.0,0.0,0.0,6,2.0,3.0,2.5,1.0,27.0,2.5,1.0,27.0,-1,-1.0,0.0,0.0,3.0,3.0,0.0,1.5,1.5,0.0,2
2018-08-24,,Maritimo,Chaves,2.0,1.0,H,0.0,1.0,A,4.0,4.0,0.0,0.0,18-19,11,12,3,3,1,1,-1.0,-3.0,2,2,3.0,5.0,0.0,1.0,5,7.0,6.0,1.0,1.5,12.0,1.0,2.5,15.0,-1,1.0,-3.0,2.0,1.5,1.5,0.0,-0.5,-1.5,1.0,2
2018-08-20,,Guimaraes,Feirense,0.0,1.0,A,0.0,0.0,D,1.0,3.0,0.0,0.0,18-19,16,5,0,3,0,1,-1.0,2.0,1,1,4.0,1.0,0.0,0.0,8,9.0,16.0,2.0,3.0,0.0,2.0,0.0,15.0,11,-7.0,-15.0,-3.0,0.0,3.0,-3.0,-1.0,2.0,-3.0,2
2018-08-19,,Santa Clara,Sp Braga,3.0,3.0,D,0.0,3.0,A,2.0,3.0,0.0,0.0,18-19,14,4,0,3,0,1,-1.0,2.0,1,1,3.0,1.0,0.0,0.0,19,19.0,4.0,0.0,1.0,0.0,4.0,2.0,15.0,10,15.0,-15.0,-3.0,0.0,3.0,-3.0,-1.0,2.0,-3.0,2
2018-08-19,,Rio Ave,Maritimo,3.0,1.0,H,2.0,0.0,H,1.0,3.0,0.0,0.0,18-19,17,7,0,3,0,1,-2.0,1.0,1,1,2.0,0.0,0.0,0.0,4,5.0,7.0,0.0,2.0,0.0,1.0,0.0,15.0,10,-2.0,-15.0,-3.0,0.0,3.0,-3.0,-2.0,1.0,-3.0,2
2018-08-19,,Nacional,Moreirense,1.0,2.0,A,0.0,1.0,A,0.0,5.0,0.0,0.0,18-19,15,16,0,0,0,0,-2.0,-2.0,1,1,3.0,5.0,0.0,0.0,18,19.0,14.0,2.0,4.0,0.0,1.0,3.0,0.0,-1,5.0,0.0,0.0,0.0,0.0,0.0,-2.0,-2.0,0.0,2
2018-08-19,,Belenenses,Porto,2.0,3.0,A,0.0,1.0,A,2.0,3.0,0.0,0.0,18-19,8,3,3,3,1,1,1.0,5.0,1,1,2.0,0.0,0.0,0.0,10,12.0,1.0,1.0,0.0,15.0,5.0,0.0,15.0,5,11.0,0.0,-4.0,3.0,3.0,0.0,1.0,5.0,-4.0,2
2018-08-18,,Sp Lisbon,Setubal,2.0,1.0,H,1.0,1.0,D,2.0,5.0,0.0,0.0,18-19,3,4,3,3,1,1,2.0,2.0,1,1,5.0,2.0,0.0,0.0,9,3.0,15.0,3.0,1.0,15.0,2.0,0.0,15.0,-1,-12.0,0.0,0.0,3.0,3.0,0.0,2.0,2.0,0.0,2
2018-08-18,,Chaves,Portimonense,2.0,0.0,H,2.0,0.0,H,3.0,4.0,0.0,0.0,18-19,18,16,0,0,0,0,-5.0,-2.0,1,1,2.0,1.0,1.0,0.0,16,6.0,10.0,0.0,5.0,0.0,0.0,2.0,0.0,2,-4.0,0.0,-3.0,0.0,0.0,0.0,-5.0,-2.0,-3.0,2
2018-08-18,,Boavista,Benfica,0.0,2.0,A,0.0,1.0,A,4.0,1.0,0.0,0.0,18-19,6,7,3,3,1,1,2.0,1.0,1,1,4.0,0.0,0.0,0.0,11,8.0,2.0,2.0,0.0,15.0,3.0,2.0,15.0,-1,6.0,0.0,1.0,3.0,3.0,0.0,2.0,1.0,1.0,2
2018-08-17,,Aves,Tondela,2.0,2.0,D,1.0,1.0,D,3.0,3.0,0.0,0.0,18-19,16,11,0,0,0,0,-2.0,-1.0,1,1,3.0,2.0,2.0,1.0,0,13.0,11.0,0.0,2.0,0.0,0.0,1.0,0.0,5,2.0,0.0,-1.0,0.0,0.0,0.0,-2.0,-1.0,-1.0,2
2018-08-13,,Portimonense,Boavista,0.0,2.0,A,0.0,0.0,D,1.0,4.0,0.0,0.0,18-19,9,10,0,0,0,0,0.0,0.0,0,0,0.0,0.0,0.0,0.0,3,10.0,8.0,0.0,0.0,0.0,0.0,0.0,0.0,-1,2.0,0.0,0.0,0.0,0.0,0.0,0.0,0.0,0.0,2
2018-08-12,,Sp Braga,Nacional,4.0,2.0,H,2.0,2.0,D,1.0,3.0,0.0,0.0,18-19,8,12,0,0,0,0,0.0,0.0,0,0,0.0,0.0,0.0,0.0,14,4.0,19.0,0.0,0.0,0.0,0.0,0.0,0.0,-4,-15.0,0.0,0.0,0.0,0.0,0.0,0.0,0.0,0.0,2
2018-08-12,,Moreirense,Sp Lisbon,1.0,3.0,A,1.0,1.0,D,5.0,5.0,0.0,0.0,18-19,7,11,0,0,0,0,0.0,0.0,0,0,0.0,0.0,0.0,0.0,12,14.0,3.0,0.0,0.0,0.0,0.0,0.0,0.0,-4,11.0,0.0,0.0,0.0,0.0,0.0,0.0,0.0,0.0,2
2018-08-12,,Maritimo,Santa Clara,1.0,0.0,H,0.0,0.0,D,0.0,3.0,0.0,0.0,18-19,6,14,0,0,0,0,0.0,0.0,0,0,0.0,0.0,0.0,0.0,5,7.0,19.0,0.0,0.0,0.0,0.0,0.0,0.0,-8,-12.0,0.0,0.0,0.0,0.0,0.0,0.0,0.0,0.0,2
2018-08-12,,Feirense,Rio Ave,2.0,0.0,H,2.0,0.0,H,1.0,2.0,0.0,0.0,18-19,5,13,0,0,0,0,0.0,0.0,0,0,0.0,0.0,0.0,0.0,2,16.0,5.0,0.0,0.0,0.0,0.0,0.0,0.0,-8,11.0,0.0,0.0,0.0,0.0,0.0,0.0,0.0,0.0,2
2018-08-11,,Tondela,Belenenses,0.0,1.0,A,0.0,0.0,D,2.0,2.0,1.0,0.0,18-19,4,14,0,0,0,0,0.0,0.0,0,0,0.0,0.0,0.0,0.0,15,11.0,12.0,0.0,0.0,0.0,0.0,0.0,0.0,-10,-1.0,0.0,0.0,0.0,0.0,0.0,0.0,0.0,0.0,2
2018-08-11,,Setubal,Aves,2.0,0.0,H,1.0,0.0,H,2.0,3.0,0.0,2.0,18-19,3,10,0,0,0,0,0.0,0.0,0,0,0.0,0.0,0.0,0.0,1,15.0,13.0,0.0,0.0,0.0,0.0,0.0,0.0,-7,2.0,0.0,0.0,0.0,0.0,0.0,0.0,0.0,0.0,2
2018-08-11,,Porto,Chaves,5.0,0.0,H,3.0,0.0,H,0.0,2.0,0.0,1.0,18-19,2,12,0,0,0,0,0.0,0.0,0,0,0.0,0.0,0.0,0.0,7,1.0,6.0,0.0,0.0,0.0,0.0,0.0,0.0,-10,-5.0,0.0,0.0,0.0,0.0,0.0,0.0,0.0,0.0,2
2018-08-10,,Benfica,Guimaraes,3.0,2.0,H,3.0,0.0,H,0.0,4.0,0.0,0.0,18-19,1,18,0,0,0,0,0.0,0.0,0,0,0.0,0.0,0.0,0.0,6,2.0,9.0,0.0,0.0,0.0,0.0,0.0,0.0,-17,-7.0,0.0,0.0,0.0,0.0,0.0,0.0,0.0,0.0,2
2018-05-13,,Setubal,Tondela,1.0,0.0,H,1.0,0.0,H,2.0,4.0,0.0,0.0,17-18,17,10,29,38,6,10,-24.0,-8.0,33,33,71.0,68.0,5.0,5.0,1,12.0,16.0,0.8,2.4,2.0,2.0,1.8,24.0,7,-4.0,-22.0,-16.0,0.8787878787878788,1.1515151515151516,-0.2727272727272728,-0.7272727272727273,-0.24242424242424243,-0.48484848484848486,1
2018-05-13,,Rio Ave,Sp Braga,1.0,0.0,H,1.0,0.0,H,2.0,4.0,0.0,0.0,17-18,5,4,48,75,14,24,-3.0,46.0,33,33,81.0,74.0,7.0,1.0,4,7.0,19.0,0.8,1.4,19.0,2.2,0.8,33.0,1,-12.0,-14.0,-49.0,1.4545454545454546,2.272727272727273,-0.8181818181818183,-0.09090909090909091,1.393939393939394,-1.4848484848484849,1
2018-05-13,,Portimonense,Pacos Ferreira,3.0,1.0,H,1.0,0.0,H,2.0,3.0,0.0,0.0,17-18,12,16,35,30,9,7,-10.0,-24.0,33,33,69.0,93.0,5.0,8.0,3,19.0,13.0,1.2,2.0,1.0,0.4,1.8,8.0,-4,6.0,-7.0,14.0,1.0606060606060606,0.9090909090909091,0.1515151515151515,-0.30303030303030304,-0.7272727272727273,0.42424242424242425,1
2018-05-13,,Maritimo,Sp Lisbon,2.0,1.0,H,1.0,1.0,D,0.0,0.0,0.0,0.0,17-18,8,3,44,78,12,24,-14.0,40.0,33,33,81.0,71.0,8.0,4.0,5,6.0,3.0,0.6,1.8,3.0,1.8,0.8,35.0,5,3.0,-32.0,-54.0,1.3333333333333333,2.3636363636363638,-1.0303030303030305,-0.42424242424242425,1.2121212121212122,-1.6363636363636365,1
2018-05-13,,Feirense,Estoril,0.0,0.0,D,0.0,0.0,D,2.0,1.0,0.0,1.0,17-18,15,18,30,29,9,8,-16.0,-32.0,33,33,102.0,75.0,5.0,6.0,2,8.0,10.0,1.4,1.2,22.0,1.0,1.0,22.0,-3,-2.0,0.0,16.0,0.9090909090909091,0.8787878787878788,0.030303030303030276,-0.48484848484848486,-0.9696969696969697,0.48484848484848486,1
2018-05-13,,Benfica,Moreirense,1.0,0.0,H,0.0,0.0,D,3.0,4.0,0.0,0.0,17-18,2,14,78,32,24,8,57.0,-20.0,33,33,57.0,89.0,1.0,7.0,6,1.0,15.0,1.2,1.2,17.0,0.8,1.2,14.0,-12,-14.0,3.0,77.0,2.3636363636363638,0.9696969696969697,1.393939393939394,1.7272727272727273,-0.6060606060606061,2.3333333333333335,1
2018-05-12,,Guimaraes,Porto,0.0,1.0,A,0.0,0.0,D,1.0,0.0,0.0,0.0,17-18,8,1,43,85,13,27,-10.0,63.0,33,33,76.0,67.0,6.0,2.0,8,4.0,2.0,2.0,0.8,32.0,2.2,0.4,45.0,7,2.0,-13.0,-73.0,1.303030303030303,2.5757575757575757,-1.2727272727272727,-0.30303030303030304,1.9090909090909092,-2.2121212121212124,1
2018-05-12,,Boavista,Belenenses,1.0,0.0,H,1.0,0.0,H,3.0,4.0,0.0,1.0,17-18,9,11,42,37,12,9,-10.0,-12.0,33,33,90.0,75.0,2.0,7.0,11,9.0,14.0,1.0,1.2,19.0,1.6,1.8,19.0,-2,-5.0,0.0,2.0,1.2727272727272727,1.121212121212121,0.1515151515151516,-0.30303030303030304,-0.36363636363636365,0.06060606060606061,1
2018-05-11,,Aves,Chaves,2.0,3.0,A,2.0,1.0,H,2.0,2.0,0.0,0.0,17-18,13,6,34,44,9,12,-14.0,-9.0,33,33,72.0,55.0,3.0,3.0,0,19.0,11.0,1.0,1.0,33.0,2.2,1.6,27.0,7,8.0,6.0,-5.0,1.0303030303030303,1.3333333333333333,-0.303030303030303,-0.42424242424242425,-0.2727272727272727,-0.15151515151515155,1
2018-05-07,,Pacos Ferreira,Rio Ave,0.0,0.0,D,0.0,0.0,D,3.0,3.0,0.0,0.0,17-18,16,5,29,47,7,14,-24.0,-3.0,32,32,90.0,78.0,8.0,7.0,13,13.0,7.0,0.8,1.8,7.0,1.2,1.4,21.0,11,6.0,-14.0,-21.0,0.90625,1.46875,-0.5625,-0.75,-0.09375,-0.65625,1
2018-05-06,,Porto,Feirense,2.0,1.0,H,1.0,0.0,H,1.0,3.0,0.0,0.0,17-18,1,15,82,30,26,9,62.0,-15.0,32,32,66.0,99.0,2.0,5.0,7,2.0,8.0,1.8,0.6,42.0,1.4,1.6,29.0,-14,-6.0,13.0,77.0,2.5625,0.9375,1.625,1.9375,-0.46875,2.40625,1
2018-05-06,,Moreirense,Aves,0.0,3.0,A,0.0,1.0,A,2.0,1.0,0.0,0.0,17-18,13,14,32,31,8,8,-17.0,-17.0,32,32,87.0,71.0,7.0,3.0,12,15.0,19.0,1.4,1.4,21.0,0.6,1.8,24.0,-1,-4.0,-3.0,0.0,1.0,0.96875,0.03125,-0.53125,-0.53125,0.0,1
2018-05-06,,Estoril,Setubal,2.0,1.0,H,1.0,0.0,H,4.0,1.0,0.0,0.0,17-18,18,16,26,29,7,6,-33.0,-23.0,32,32,71.0,70.0,6.0,5.0,17,10.0,12.0,0.6,1.2,11.0,1.4,2.2,6.0,2,-2.0,5.0,-10.0,0.8125,0.90625,-0.09375,-1.03125,-0.71875,-0.3125,1
2018-05-06,,Chaves,Maritimo,4.0,1.0,H,2.0,1.0,H,1.0,3.0,0.0,0.0,17-18,9,6,41,44,11,12,-12.0,-11.0,32,32,54.0,78.0,3.0,8.0,16,11.0,6.0,1.4,1.8,17.0,1.2,1.2,8.0,3,5.0,9.0,-1.0,1.28125,1.375,-0.09375,-0.375,-0.34375,-0.03125,1
2018-05-05,,Tondela,Guimaraes,1.0,4.0,A,1.0,2.0,A,1.0,2.0,0.0,0.0,17-18,10,9,38,40,10,12,-5.0,-13.0,32,32,67.0,74.0,5.0,6.0,15,16.0,4.0,2.0,1.2,33.0,1.2,1.0,24.0,1,12.0,9.0,8.0,1.1875,1.25,-0.0625,-0.15625,-0.40625,0.25,1
2018-05-05,,Sp Lisbon,Benfica,0.0,0.0,D,0.0,0.0,D,3.0,1.0,0.0,0.0,17-18,3,2,77,77,24,24,40.0,57.0,32,32,68.0,56.0,4.0,1.0,9,3.0,1.0,1.8,1.0,42.0,1.6,1.2,21.0,1,2.0,21.0,-17.0,2.40625,2.40625,0.0,1.25,1.78125,-0.53125,1
2018-05-05,,Belenenses,Portimonense,3.0,2.0,H,1.0,2.0,A,1.0,4.0,0.0,0.0,17-18,12,11,34,35,8,9,-13.0,-9.0,32,32,74.0,65.0,7.0,5.0,10,14.0,19.0,1.4,1.4,9.0,1.6,2.0,5.0,1,-5.0,4.0,-4.0,1.0625,1.09375,-0.03125,-0.40625,-0.28125,-0.125,1
2018-05-04,,Sp Braga,Boavista,1.0,1.0,D,0.0,1.0,A,1.0,3.0,0.0,1.0,17-18,4,7,74,41,24,12,46.0,-10.0,32,32,73.0,87.0,1.0,1.0,14,19.0,9.0,2.2,0.6,41.0,1.0,1.2,19.0,-3,10.0,22.0,56.0,2.3125,1.28125,1.03125,1.4375,-0.3125,1.75,1
2018-04-30,,Aves,Estoril,1.0,0.0,H,0.0,0.0,D,3.0,3.0,0.0,0.0,17-18,17,18,28,26,7,7,-18.0,-32.0,31,31,68.0,68.0,3.0,6.0,0,19.0,10.0,0.6,2.2,12.0,0.8,1.2,16.0,-1,9.0,-4.0,14.0,0.9032258064516129,0.8387096774193549,0.06451612903225801,-0.5806451612903226,-1.032258064516129,0.4516129032258064,1
2018-04-29,,Rio Ave,Chaves,2.0,1.0,H,0.0,0.0,D,7.0,4.0,0.0,2.0,17-18,5,7,44,41,13,11,-4.0,-11.0,31,31,71.0,50.0,7.0,1.0,4,7.0,11.0,0.8,1.6,10.0,1.4,2.2,22.0,-2,-4.0,-12.0,7.0,1.4193548387096775,1.3225806451612903,0.09677419354838723,-0.12903225806451613,-0.3548387096774194,0.22580645161290325,1
2018-04-29,,Maritimo,Porto,0.0,1.0,A,0.0,0.0,D,3.0,3.0,2.0,0.0,17-18,6,1,44,79,12,25,-10.0,61.0,31,31,75.0,63.0,6.0,2.0,5,6.0,2.0,1.6,1.2,16.0,2.0,0.6,39.0,5,4.0,-23.0,-71.0,1.4193548387096775,2.5483870967741935,-1.129032258064516,-0.3225806451612903,1.967741935483871,-2.2903225806451615,1
2018-04-29,,Boavista,Pacos Ferreira,1.0,0.0,H,0.0,0.0,D,2.0,3.0,0.0,0.0,17-18,10,15,38,29,11,7,-11.0,-23.0,31,31,85.0,87.0,1.0,8.0,11,9.0,13.0,0.8,1.6,6.0,1.0,1.8,12.0,-5,-4.0,-6.0,12.0,1.2258064516129032,0.9354838709677419,0.29032258064516137,-0.3548387096774194,-0.7419354838709677,0.3870967741935484,1
2018-04-29,,Belenenses,Sp Braga,0.0,1.0,A,0.0,0.0,D,1.0,2.0,0.0,0.0,17-18,12,4,34,71,8,23,-12.0,45.0,31,31,73.0,71.0,7.0,1.0,10,14.0,19.0,1.6,1.6,14.0,2.8,0.8,39.0,8,-5.0,-25.0,-57.0,1.096774193548387,2.2903225806451615,-1.1935483870967745,-0.3870967741935484,1.4516129032258065,-1.838709677419355,1
2018-04-28,,Setubal,Feirense,0.0,2.0,A,0.0,0.0,D,2.0,2.0,0.0,0.0,17-18,14,17,29,27,6,8,-21.0,-17.0,31,31,68.0,97.0,5.0,5.0,1,12.0,8.0,1.6,2.0,11.0,1.0,2.0,18.0,-3,4.0,-7.0,-4.0,0.9354838709677419,0.8709677419354839,0.06451612903225801,-0.6774193548387096,-0.5483870967741935,-0.12903225806451613,1
2018-04-28,,Portimonense,Sp Lisbon,1.0,2.0,A,1.0,1.0,D,0.0,1.0,0.0,0.0,17-18,11,3,35,74,9,23,-8.0,39.0,31,31,65.0,67.0,5.0,4.0,3,19.0,3.0,1.6,1.8,10.0,1.8,0.8,39.0,8,16.0,-29.0,-47.0,1.1290322580645162,2.3870967741935485,-1.2580645161290323,-0.25806451612903225,1.2580645161290323,-1.5161290322580645,1
2018-04-28,,Benfica,Tondela,2.0,3.0,A,1.0,2.0,A,2.0,3.0,0.0,0.0,17-18,2,10,77,35,24,9,58.0,-6.0,31,31,54.0,64.0,1.0,5.0,6,1.0,16.0,1.6,0.6,33.0,1.6,1.2,24.0,-8,-15.0,9.0,64.0,2.4838709677419355,1.1290322580645162,1.3548387096774193,1.8709677419354838,-0.1935483870967742,2.064516129032258,1
2018-04-27,,Guimaraes,Moreirense,1.0,0.0,H,0.0,0.0,D,0.0,0.0,0.0,0.0,17-18,9,13,37,32,11,8,-14.0,-16.0,31,31,74.0,87.0,6.0,7.0,8,4.0,15.0,1.4,1.2,16.0,1.8,1.4,31.0,-4,-11.0,-15.0,2.0,1.1935483870967742,1.032258064516129,0.16129032258064524,-0.45161290322580644,-0.5161290322580645,0.06451612903225806,1
2018-04-23,,Porto,Setubal,5.0,1.0,H,4.0,1.0,H,2.0,1.0,0.0,0.0,17-18,2,14,76,29,24,6,57.0,-17.0,30,30,61.0,67.0,2.0,5.0,7,2.0,12.0,1.0,0.6,33.0,1.8,1.8,16.0,-12,-10.0,17.0,74.0,2.533333333333333,0.9666666666666667,1.5666666666666664,1.9,-0.5666666666666667,2.466666666666667,1
2018-04-22,,Tondela,Aves,3.0,0.0,H,0.0,0.0,D,0.0,1.0,0.0,0.0,17-18,12,16,32,28,8,7,-9.0,-15.0,30,30,64.0,67.0,5.0,3.0,15,16.0,19.0,1.0,1.2,13.0,0.6,2.0,15.0,-4,-3.0,-2.0,6.0,1.0666666666666667,0.9333333333333333,0.1333333333333333,-0.3,-0.5,0.2,1
2018-04-22,,Sp Lisbon,Boavista,1.0,0.0,H,1.0,0.0,H,1.0,5.0,0.0,0.0,17-18,4,7,71,38,22,11,38.0,-10.0,30,30,66.0,80.0,4.0,1.0,9,3.0,9.0,2.0,1.0,36.0,1.0,1.4,11.0,-3,-6.0,25.0,48.0,2.3666666666666667,1.2666666666666666,1.1,1.2666666666666666,-0.3333333333333333,1.5999999999999999,1
2018-04-22,,Moreirense,Rio Ave,2.0,1.0,H,1.0,1.0,D,3.0,2.0,0.0,0.0,17-18,13,5,29,44,7,13,-17.0,-3.0,30,30,84.0,69.0,7.0,7.0,12,15.0,7.0,1.4,1.8,23.0,1.0,1.4,17.0,8,8.0,6.0,-14.0,0.9666666666666667,1.4666666666666666,-0.4999999999999999,-0.5666666666666667,-0.1,-0.4666666666666667,1
2018-04-22,,Chaves,Portimonense,2.0,1.0,H,0.0,0.0,D,1.0,1.0,0.0,0.0,17-18,8,10,38,35,10,9,-12.0,-7.0,30,30,49.0,64.0,1.0,5.0,16,11.0,19.0,1.2,2.4,9.0,1.8,1.6,18.0,-2,-8.0,-9.0,-5.0,1.2666666666666666,1.1666666666666667,0.09999999999999987,-0.4,-0.23333333333333334,-0.16666666666666669,1
2018-04-21,,Pacos Ferreira,Belenenses,1.0,1.0,D,1.0,0.0,H,2.0,1.0,1.0,0.0,17-18,16,11,28,33,7,8,-23.0,-12.0,30,30,85.0,72.0,7.0,7.0,13,13.0,14.0,1.0,1.6,14.0,1.4,1.4,14.0,5,-1.0,0.0,-11.0,0.9333333333333333,1.1,-0.16666666666666674,-0.7666666666666667,-0.4,-0.3666666666666667,1
2018-04-21,,Feirense,Guimaraes,2.0,1.0,H,1.0,1.0,D,2.0,3.0,0.0,0.0,17-18,18,9,24,37,7,11,-18.0,-13.0,30,30,95.0,71.0,5.0,6.0,2,8.0,4.0,0.8,2.2,4.0,1.4,1.2,23.0,9,4.0,-19.0,-5.0,0.8,1.2333333333333334,-0.43333333333333335,-0.6,-0.43333333333333335,-0.16666666666666663,1
2018-04-21,,Estoril,Benfica,1.0,2.0,A,0.0,1.0,A,4.0,3.0,0.0,0.0,17-18,17,2,26,74,7,23,-31.0,57.0,30,30,64.0,51.0,6.0,1.0,17,10.0,1.0,0.6,1.0,21.0,1.6,0.4,30.0,15,9.0,-9.0,-88.0,0.8666666666666667,2.466666666666667,-1.6,-1.0333333333333334,1.9,-2.9333333333333336,1
2018-04-20,,Sp Braga,Maritimo,2.0,0.0,H,0.0,0.0,D,2.0,3.0,0.0,0.0,17-18,4,6,68,44,22,12,43.0,-8.0,30,30,69.0,72.0,1.0,6.0,14,19.0,6.0,3.0,0.8,37.0,2.4,1.2,27.0,-2,13.0,10.0,51.0,2.2666666666666666,1.4666666666666666,0.8,1.4333333333333333,-0.26666666666666666,1.7,1
2018-04-16,,Rio Ave,Tondela,1.0,1.0,D,1.0,0.0,H,3.0,2.0,0.0,0.0,17-18,6,12,43,31,13,8,-3.0,-9.0,29,29,66.0,62.0,7.0,5.0,4,7.0,16.0,0.8,1.4,18.0,1.2,1.0,14.0,-6,-9.0,4.0,6.0,1.4827586206896552,1.0689655172413792,0.413793103448276,-0.10344827586206896,-0.3103448275862069,0.20689655172413796,1
2018-04-15,,Maritimo,Moreirense,1.0,1.0,D,0.0,0.0,D,2.0,2.0,0.0,0.0,17-18,6,15,43,28,12,7,-8.0,-17.0,29,29,70.0,82.0,6.0,7.0,5,6.0,15.0,2.2,2.0,32.0,1.6,1.6,27.0,-9,-9.0,5.0,9.0,1.4827586206896552,0.9655172413793104,0.5172413793103449,-0.27586206896551724,-0.5862068965517241,0.31034482758620685,1
2018-04-15,,Benfica,Porto,0.0,1.0,A,0.0,0.0,D,2.0,5.0,0.0,0.0,17-18,1,2,74,73,23,23,58.0,56.0,29,29,49.0,56.0,1.0,2.0,6,1.0,2.0,2.6,0.2,45.0,1.2,0.8,27.0,-1,-1.0,18.0,2.0,2.5517241379310347,2.5172413793103448,0.034482758620689946,2.0,1.9310344827586208,0.06896551724137923,1
2018-04-15,,Belenenses,Sp Lisbon,3.0,4.0,A,1.0,3.0,A,3.0,6.0,2.0,0.0,17-18,11,4,33,68,8,21,-11.0,37.0,29,29,69.0,60.0,5.0,4.0,10,14.0,3.0,0.8,0.6,20.0,1.4,0.8,30.0,7,11.0,-10.0,-48.0,1.1379310344827587,2.3448275862068964,-1.2068965517241377,-0.3793103448275862,1.2758620689655173,-1.6551724137931036,1
2018-04-14,,Portimonense,Estoril,0.0,1.0,A,0.0,1.0,A,1.0,3.0,0.0,1.0,17-18,10,18,35,23,9,6,-6.0,-32.0,29,29,63.0,61.0,5.0,5.0,3,19.0,10.0,1.8,2.0,26.0,0.4,2.2,8.0,-8,9.0,18.0,26.0,1.206896551724138,0.7931034482758621,0.4137931034482758,-0.20689655172413793,-1.103448275862069,0.896551724137931,1
2018-04-14,,Guimaraes,Setubal,1.0,1.0,D,1.0,1.0,D,2.0,3.0,0.0,0.0,17-18,9,14,36,28,11,6,-13.0,-17.0,29,29,69.0,64.0,6.0,5.0,8,4.0,12.0,1.2,1.0,25.0,1.8,1.6,18.0,-5,-8.0,7.0,4.0,1.2413793103448276,0.9655172413793104,0.27586206896551724,-0.4482758620689655,-0.5862068965517241,0.13793103448275856,1
2018-04-14,,Boavista,Chaves,3.0,3.0,D,2.0,1.0,H,4.0,2.0,0.0,0.0,17-18,7,8,37,37,11,10,-10.0,-12.0,29,29,76.0,47.0,1.0,1.0,11,9.0,11.0,0.4,1.4,10.0,0.6,2.2,5.0,-1,-2.0,5.0,2.0,1.2758620689655173,1.2758620689655173,0.0,-0.3448275862068966,-0.41379310344827586,0.06896551724137928,1
2018-04-14,,Aves,Feirense,1.0,0.0,H,1.0,0.0,H,4.0,2.0,0.0,0.0,17-18,16,17,25,24,6,7,-16.0,-17.0,29,29,63.0,93.0,3.0,5.0,0,19.0,8.0,1.0,2.0,3.0,1.4,2.0,8.0,-1,11.0,-5.0,1.0,0.8620689655172413,0.8275862068965517,0.03448275862068961,-0.5517241379310345,-0.5862068965517241,0.03448275862068961,1
2018-04-13,,Pacos Ferreira,Sp Braga,1.0,5.0,A,0.0,2.0,A,1.0,4.0,1.0,0.0,17-18,15,4,28,65,7,21,-19.0,39.0,29,29,84.0,65.0,6.0,1.0,13,13.0,19.0,0.8,1.0,21.0,3.2,0.6,35.0,11,-6.0,-14.0,-58.0,0.9655172413793104,2.2413793103448274,-1.275862068965517,-0.6551724137931034,1.3448275862068966,-2.0,1
2018-04-09,,Moreirense,Boavista,1.0,0.0,H,0.0,0.0,D,2.0,4.0,0.0,0.0,17-18,16,7,25,37,6,11,-18.0,-9.0,28,28,80.0,72.0,7.0,1.0,12,15.0,9.0,1.4,1.8,18.0,1.2,1.2,17.0,9,6.0,1.0,-9.0,0.8928571428571429,1.3214285714285714,-0.4285714285714285,-0.6428571428571429,-0.32142857142857145,-0.32142857142857145,1
2018-04-08,,Sp Lisbon,Pacos Ferreira,2.0,0.0,H,1.0,0.0,H,1.0,2.0,0.0,0.0,17-18,4,13,65,28,20,7,35.0,-17.0,28,28,59.0,82.0,4.0,6.0,9,3.0,13.0,1.2,0.8,24.0,1.0,1.2,28.0,-9,-10.0,-4.0,52.0,2.3214285714285716,1.0,1.3214285714285716,1.25,-0.6071428571428571,1.8571428571428572,1
2018-04-08,,Porto,Aves,2.0,0.0,H,2.0,0.0,H,0.0,2.0,0.0,0.0,17-18,2,15,70,25,22,6,54.0,-14.0,28,28,56.0,61.0,2.0,3.0,7,2.0,19.0,1.8,1.0,21.0,1.0,1.6,7.0,-13,-17.0,14.0,68.0,2.5,0.8928571428571429,1.6071428571428572,1.9285714285714286,-0.5,2.428571428571429,1
2018-04-08,,Chaves,Belenenses,1.0,1.0,D,0.0,0.0,D,2.0,3.0,0.0,0.0,17-18,8,11,36,32,10,8,-12.0,-11.0,28,28,45.0,66.0,1.0,5.0,16,11.0,14.0,0.8,2.0,3.0,0.8,0.4,23.0,-3,-3.0,-20.0,-1.0,1.2857142857142858,1.1428571428571428,0.14285714285714302,-0.42857142857142855,-0.39285714285714285,-0.0357142857142857,1
2018-04-07,,Tondela,Portimonense,2.0,2.0,D,2.0,1.0,H,2.0,1.0,0.0,0.0,17-18,12,10,30,34,8,9,-9.0,-6.0,28,28,60.0,62.0,5.0,5.0,15,16.0,19.0,0.8,0.8,14.0,1.6,2.6,28.0,2,-3.0,-14.0,-3.0,1.0714285714285714,1.2142857142857142,-0.1428571428571428,-0.32142857142857145,-0.21428571428571427,-0.10714285714285718,1
2018-04-07,,Setubal,Benfica,1.0,2.0,A,1.0,1.0,D,2.0,2.0,0.0,0.0,17-18,13,1,28,71,6,22,-16.0,57.0,28,28,62.0,47.0,5.0,1.0,1,12.0,1.0,1.6,2.0,25.0,2.8,0.2,45.0,12,11.0,-20.0,-73.0,1.0,2.5357142857142856,-1.5357142857142856,-0.5714285714285714,2.0357142857142856,-2.6071428571428568,1
2018-04-07,,Feirense,Sp Braga,2.0,2.0,D,0.0,1.0,A,2.0,5.0,0.0,0.0,17-18,17,4,23,64,7,21,-17.0,39.0,28,28,91.0,60.0,5.0,1.0,2,8.0,19.0,1.0,1.8,6.0,3.0,0.2,45.0,13,-11.0,-39.0,-56.0,0.8214285714285714,2.2857142857142856,-1.4642857142857142,-0.6071428571428571,1.3928571428571428,-2.0,1
2018-04-07,,Estoril,Maritimo,1.0,1.0,D,1.0,0.0,H,3.0,5.0,0.0,0.0,17-18,18,6,22,42,6,12,-32.0,-8.0,28,28,58.0,65.0,5.0,6.0,17,10.0,6.0,0.2,2.4,4.0,2.6,2.2,39.0,12,4.0,-35.0,-24.0,0.7857142857142857,1.5,-0.7142857142857143,-1.1428571428571428,-0.2857142857142857,-0.8571428571428571,1
2018-04-06,,Guimaraes,Rio Ave,3.0,0.0,H,3.0,0.0,H,0.0,1.0,0.0,0.0,17-18,10,5,33,43,10,13,-16.0,0.0,28,28,69.0,65.0,6.0,7.0,8,4.0,7.0,1.0,1.6,14.0,0.8,0.8,25.0,5,-3.0,-11.0,-16.0,1.1785714285714286,1.5357142857142858,-0.3571428571428572,-0.5714285714285714,0.0,-0.5714285714285714,1
2018-04-02,,Belenenses,Porto,2.0,0.0,H,1.0,0.0,H,1.0,3.0,0.0,0.0,17-18,12,2,29,70,7,22,-13.0,56.0,27,27,65.0,53.0,5.0,2.0,10,14.0,2.0,0.8,0.4,16.0,2.4,0.8,33.0,10,12.0,-17.0,-69.0,1.0740740740740742,2.5925925925925926,-1.5185185185185184,-0.48148148148148145,2.074074074074074,-2.5555555555555554,1
2018-03-31,,Sp Braga,Sp Lisbon,1.0,0.0,H,0.0,0.0,D,3.0,3.0,0.0,1.0,17-18,4,3,61,65,20,20,38.0,36.0,27,27,57.0,56.0,1.0,3.0,14,19.0,3.0,3.8,0.2,45.0,1.6,0.8,36.0,1,16.0,9.0,2.0,2.259259259259259,2.4074074074074074,-0.14814814814814836,1.4074074074074074,1.3333333333333333,0.07407407407407418,1
2018-03-31,,Portimonense,Moreirense,4.0,3.0,H,0.0,2.0,A,1.0,5.0,0.0,3.0,17-18,10,15,31,25,8,6,-7.0,-17.0,27,27,61.0,75.0,5.0,4.0,3,19.0,15.0,1.4,2.2,20.0,0.8,1.2,24.0,-5,4.0,-4.0,10.0,1.1481481481481481,0.9259259259259259,0.2222222222222222,-0.25925925925925924,-0.6296296296296297,0.3703703703703704,1
2018-03-31,,Pacos Ferreira,Chaves,2.0,0.0,H,1.0,0.0,H,1.0,0.0,0.0,0.0,17-18,16,8,25,36,6,10,-19.0,-10.0,27,27,81.0,45.0,6.0,1.0,13,13.0,11.0,0.6,1.4,17.0,1.0,1.6,9.0,8,2.0,8.0,-9.0,0.9259259259259259,1.3333333333333333,-0.40740740740740733,-0.7037037037037037,-0.37037037037037035,-0.33333333333333337,1
2018-03-31,,Benfica,Guimaraes,2.0,0.0,H,1.0,0.0,H,2.0,3.0,0.0,0.0,17-18,2,9,68,33,21,10,55.0,-14.0,27,27,45.0,66.0,1.0,6.0,6,1.0,4.0,3.2,0.2,45.0,1.0,2.2,18.0,-7,-3.0,27.0,69.0,2.5185185185185186,1.2222222222222223,1.2962962962962963,2.037037037037037,-0.5185185185185185,2.555555555555556,1
2018-03-30,,Rio Ave,Estoril,2.0,0.0,H,2.0,0.0,H,3.0,2.0,0.0,1.0,17-18,5,18,40,22,12,6,-2.0,-30.0,27,27,62.0,56.0,7.0,4.0,4,7.0,10.0,0.4,1.8,14.0,0.4,2.6,5.0,-13,-3.0,9.0,28.0,1.4814814814814814,0.8148148148148148,0.6666666666666666,-0.07407407407407407,-1.1111111111111112,1.0370370370370372,1
2018-03-30,,Maritimo,Feirense,4.0,1.0,H,0.0,0.0,D,1.0,3.0,0.0,0.0,17-18,6,17,39,23,11,7,-11.0,-14.0,27,27,64.0,88.0,6.0,5.0,5,6.0,8.0,1.8,2.0,34.0,1.0,1.6,9.0,-11,-2.0,25.0,3.0,1.4444444444444444,0.8518518518518519,0.5925925925925926,-0.4074074074074074,-0.5185185185185185,0.1111111111111111,1
2018-03-30,,Boavista,Tondela,1.0,1.0,D,1.0,1.0,D,3.0,4.0,0.0,0.0,17-18,7,11,36,29,11,8,-9.0,-9.0,27,27,69.0,56.0,1.0,5.0,11,9.0,16.0,1.0,1.8,18.0,0.8,1.0,13.0,-4,-7.0,5.0,0.0,1.3333333333333333,1.0740740740740742,0.2592592592592591,-0.3333333333333333,-0.3333333333333333,0.0,1
2018-03-29,,Aves,Setubal,1.0,4.0,A,1.0,0.0,H,0.0,2.0,0.0,0.0,17-18,13,16,25,25,6,5,-11.0,-19.0,27,27,61.0,60.0,3.0,5.0,0,19.0,12.0,0.8,0.8,12.0,1.0,1.8,17.0,-3,7.0,-5.0,8.0,0.9259259259259259,0.9259259259259259,0.0,-0.4074074074074074,-0.7037037037037037,0.29629629629629634,1
2018-03-18,,Sp Lisbon,Rio Ave,2.0,0.0,H,1.0,0.0,H,3.0,1.0,0.0,0.0,17-18,3,5,62,40,19,12,34.0,0.0,26,26,53.0,61.0,3.0,7.0,9,3.0,7.0,1.6,0.8,33.0,1.0,1.4,21.0,-2,-4.0,12.0,34.0,2.3846153846153846,1.5384615384615385,0.846153846153846,1.3076923076923077,0.0,1.3076923076923077,0
2018-03-18,,Moreirense,Belenenses,2.0,1.0,H,1.0,0.0,H,7.0,3.0,0.0,0.0,17-18,17,12,22,29,5,7,-18.0,-12.0,26,26,68.0,62.0,4.0,5.0,12,15.0,14.0,0.6,1.4,12.0,1.0,1.0,24.0,5,1.0,-12.0,-6.0,0.8461538461538461,1.1153846153846154,-0.2692307692307693,-0.6923076923076923,-0.46153846153846156,-0.23076923076923073,0
2018-03-18,,Guimaraes,Aves,2.0,1.0,H,1.0,1.0,D,2.0,1.0,0.0,0.0,17-18,10,13,30,25,9,6,-15.0,-10.0,26,26,64.0,60.0,6.0,3.0,8,4.0,19.0,0.6,2.2,4.0,1.6,0.8,20.0,-3,-15.0,-16.0,-5.0,1.1538461538461537,0.9615384615384616,0.19230769230769218,-0.5769230769230769,-0.38461538461538464,-0.19230769230769224,0
2018-03-18,,Chaves,Sp Braga,1.0,4.0,A,0.0,2.0,A,1.0,1.0,0.0,0.0,17-18,7,4,36,58,10,19,-7.0,35.0,26,26,44.0,56.0,1.0,1.0,16,11.0,19.0,0.8,1.6,15.0,3.6,0.2,45.0,3,-8.0,-30.0,-42.0,1.3846153846153846,2.230769230769231,-0.8461538461538463,-0.2692307692307692,1.3461538461538463,-1.6153846153846154,0
2018-03-17,,Tondela,Maritimo,1.0,2.0,A,1.0,1.0,D,2.0,1.0,0.0,0.0,17-18,11,8,29,36,8,10,-8.0,-12.0,26,26,54.0,63.0,5.0,6.0,15,16.0,6.0,1.0,0.6,20.0,1.4,2.4,26.0,3,10.0,-6.0,4.0,1.1153846153846154,1.3846153846153846,-0.26923076923076916,-0.3076923076923077,-0.46153846153846156,0.15384615384615385,0
2018-03-17,,Porto,Boavista,2.0,0.0,H,1.0,0.0,H,2.0,4.0,0.0,0.0,17-18,1,6,67,36,21,11,54.0,-7.0,26,26,51.0,65.0,2.0,1.0,7,2.0,9.0,3.0,0.8,30.0,1.2,1.4,27.0,-5,-7.0,3.0,61.0,2.576923076923077,1.3846153846153846,1.1923076923076925,2.076923076923077,-0.2692307692307692,2.3461538461538463,0
2018-03-17,,Feirense,Benfica,0.0,2.0,A,0.0,0.0,D,4.0,2.0,2.0,0.0,17-18,16,2,23,65,7,20,-12.0,53.0,26,26,84.0,43.0,3.0,1.0,2,8.0,1.0,1.0,1.6,12.0,3.4,0.4,45.0,14,7.0,-33.0,-65.0,0.8846153846153846,2.5,-1.6153846153846154,-0.46153846153846156,2.0384615384615383,-2.5,0
2018-03-17,,Estoril,Pacos Ferreira,1.0,1.0,D,1.0,0.0,H,2.0,5.0,0.0,0.0,17-18,18,15,21,24,6,6,-30.0,-19.0,26,26,54.0,76.0,4.0,6.0,17,10.0,13.0,0.2,2.8,0.0,0.4,1.6,15.0,3,-3.0,-15.0,-11.0,0.8076923076923077,0.9230769230769231,-0.11538461538461542,-1.1538461538461537,-0.7307692307692307,-0.423076923076923,0
2018-03-16,,Setubal,Portimonense,1.0,1.0,D,1.0,1.0,D,1.0,2.0,0.0,0.0,17-18,15,9,24,30,5,8,-19.0,-7.0,26,26,59.0,59.0,5.0,5.0,1,12.0,19.0,1.0,2.2,18.0,1.4,2.6,21.0,6,-7.0,-3.0,-12.0,0.9230769230769231,1.1538461538461537,-0.23076923076923062,-0.7307692307692307,-0.2692307692307692,-0.4615384615384615,0
2018-03-12,,Chaves,Sp Lisbon,1.0,2.0,A,0.0,0.0,D,0.0,1.0,0.0,0.0,17-18,6,3,36,59,10,18,-6.0,33.0,25,25,44.0,52.0,1.0,3.0,16,11.0,3.0,1.0,1.4,24.0,1.2,1.0,27.0,3,8.0,-3.0,-39.0,1.44,2.36,-0.9199999999999999,-0.24,1.32,-1.56,0
2018-03-11,,Portimonense,Guimaraes,2.0,1.0,H,1.0,1.0,D,3.0,1.0,0.0,1.0,17-18,12,9,27,30,7,9,-8.0,-14.0,25,25,56.0,63.0,5.0,5.0,3,19.0,4.0,1.6,2.4,12.0,1.0,2.2,8.0,3,15.0,4.0,6.0,1.08,1.2,-0.11999999999999988,-0.32,-0.56,0.24000000000000005,0
2018-03-11,,Pacos Ferreira,Porto,1.0,0.0,H,1.0,0.0,H,4.0,2.0,0.0,0.0,17-18,17,1,21,67,5,21,-20.0,55.0,25,25,72.0,49.0,6.0,2.0,13,13.0,2.0,0.6,2.2,0.0,3.8,0.6,45.0,16,11.0,-45.0,-75.0,0.84,2.68,-1.8400000000000003,-0.8,2.2,-3.0,0
2018-03-11,,Maritimo,Setubal,4.0,2.0,H,3.0,0.0,H,3.0,3.0,0.0,0.0,17-18,8,14,33,24,9,5,-14.0,-17.0,25,25,60.0,56.0,6.0,5.0,5,6.0,12.0,0.6,2.6,15.0,1.2,1.4,27.0,-6,-6.0,-12.0,3.0,1.32,0.96,0.3600000000000001,-0.56,-0.68,0.12,0
2018-03-11,,Belenenses,Tondela,0.0,0.0,D,0.0,0.0,D,1.0,1.0,0.0,0.0,17-18,11,10,28,28,7,8,-12.0,-8.0,25,25,61.0,53.0,5.0,5.0,10,14.0,16.0,1.0,1.6,26.0,1.2,1.0,21.0,1,-2.0,5.0,-4.0,1.12,1.12,0.0,-0.48,-0.32,-0.15999999999999998,0
2018-03-10,,Rio Ave,Feirense,2.0,1.0,H,0.0,1.0,A,3.0,5.0,0.0,0.0,17-18,5,15,37,23,11,7,-1.0,-11.0,25,25,58.0,79.0,7.0,3.0,4,7.0,8.0,0.8,2.2,10.0,1.0,1.6,15.0,-10,-1.0,-5.0,10.0,1.48,0.92,0.5599999999999999,-0.04,-0.44,0.4,0
2018-03-10,,Boavista,Estoril,1.0,0.0,H,0.0,0.0,D,3.0,3.0,0.0,0.0,17-18,7,18,33,21,10,6,-8.0,-29.0,25,25,62.0,51.0,1.0,4.0,11,9.0,10.0,1.0,2.0,18.0,0.6,2.8,3.0,-11,-1.0,15.0,21.0,1.32,0.84,0.4800000000000001,-0.32,-1.16,0.8399999999999999,0
2018-03-10,,Benfica,Aves,2.0,0.0,H,0.0,0.0,D,2.0,4.0,0.0,0.0,17-18,2,13,62,25,19,6,51.0,-8.0,25,25,41.0,56.0,1.0,3.0,6,1.0,19.0,4.0,0.6,45.0,2.2,0.4,31.0,-11,-18.0,14.0,59.0,2.48,1.0,1.48,2.04,-0.32,2.36,0
2018-03-09,,Sp Braga,Moreirense,3.0,0.0,H,1.0,0.0,H,1.0,2.0,0.0,0.0,17-18,4,16,55,22,18,5,32.0,-15.0,25,25,55.0,66.0,1.0,4.0,14,19.0,15.0,3.2,0.8,42.0,1.0,1.0,18.0,-12,4.0,24.0,47.0,2.2,0.88,1.3200000000000003,1.28,-0.6,1.88,0
2018-03-05,,Aves,Portimonense,3.0,0.0,H,1.0,0.0,H,2.0,3.0,0.0,0.0,17-18,15,12,22,27,5,7,-11.0,-5.0,24,24,54.0,53.0,3.0,5.0,0,19.0,19.0,1.6,0.8,24.0,2.4,2.0,21.0,3,0.0,3.0,-6.0,0.9166666666666666,1.125,-0.20833333333333337,-0.4583333333333333,-0.20833333333333334,-0.24999999999999997,0
2018-03-04,,Tondela,Chaves,2.0,0.0,H,1.0,0.0,H,4.0,3.0,0.0,0.0,17-18,12,6,25,36,7,10,-10.0,-4.0,24,24,49.0,41.0,5.0,1.0,15,16.0,11.0,0.8,1.6,9.0,1.4,1.4,34.0,6,5.0,-25.0,-6.0,1.0416666666666667,1.5,-0.45833333333333326,-0.4166666666666667,-0.16666666666666666,-0.25,0
2018-03-04,,Setubal,Rio Ave,1.0,0.0,H,0.0,0.0,D,3.0,2.0,1.0,0.0,17-18,16,5,21,37,4,11,-18.0,0.0,24,24,53.0,56.0,4.0,7.0,1,12.0,7.0,1.4,1.8,19.0,1.0,2.8,14.0,11,5.0,5.0,-18.0,0.875,1.5416666666666667,-0.6666666666666667,-0.75,0.0,-0.75,0
2018-03-04,,Moreirense,Pacos Ferreira,2.0,0.0,H,1.0,0.0,H,4.0,3.0,0.0,0.0,17-18,18,15,19,21,4,5,-17.0,-18.0,24,24,62.0,69.0,4.0,6.0,12,15.0,13.0,0.6,1.0,7.0,1.0,2.0,3.0,3,2.0,4.0,1.0,0.7916666666666666,0.875,-0.08333333333333337,-0.7083333333333334,-0.75,0.04166666666666663,0
2018-03-04,,Guimaraes,Belenenses,0.0,0.0,D,0.0,0.0,D,3.0,2.0,0.0,0.0,17-18,9,11,29,27,9,7,-14.0,-12.0,24,24,60.0,59.0,5.0,5.0,8,4.0,14.0,1.0,2.4,6.0,1.2,1.8,28.0,-2,-10.0,-22.0,-2.0,1.2083333333333333,1.125,0.08333333333333326,-0.5833333333333334,-0.5,-0.08333333333333337,0
2018-03-03,,Feirense,Boavista,3.0,0.0,H,1.0,0.0,H,1.0,2.0,0.0,0.0,17-18,17,7,20,33,6,10,-14.0,-5.0,24,24,78.0,60.0,3.0,1.0,2,8.0,9.0,0.6,2.0,0.0,1.4,1.6,27.0,10,-1.0,-27.0,-9.0,0.8333333333333334,1.375,-0.5416666666666666,-0.5833333333333334,-0.20833333333333334,-0.375,0
2018-03-03,,Estoril,Sp Braga,0.0,6.0,A,0.0,3.0,A,3.0,1.0,0.0,0.0,17-18,16,4,21,52,6,17,-23.0,26.0,24,24,48.0,54.0,4.0,1.0,17,10.0,19.0,1.0,1.6,9.0,2.4,0.8,39.0,12,-9.0,-30.0,-49.0,0.875,2.1666666666666665,-1.2916666666666665,-0.9583333333333334,1.0833333333333333,-2.0416666666666665,0
2018-03-03,,Benfica,Maritimo,5.0,0.0,H,4.0,0.0,H,1.0,3.0,0.0,1.0,17-18,2,8,59,33,18,9,46.0,-9.0,24,24,40.0,57.0,1.0,5.0,6,1.0,6.0,3.2,0.8,43.0,0.8,2.0,19.0,-6,-5.0,24.0,55.0,2.4583333333333335,1.375,1.0833333333333335,1.9166666666666667,-0.375,2.291666666666667,0
2018-03-02,,Porto,Sp Lisbon,2.0,1.0,H,1.0,1.0,D,2.0,2.0,0.0,0.0,17-18,1,3,64,59,20,18,54.0,34.0,24,24,47.0,50.0,2.0,3.0,7,2.0,3.0,4.0,0.6,45.0,1.2,0.6,39.0,-2,-1.0,6.0,20.0,2.6666666666666665,2.4583333333333335,0.20833333333333304,2.25,1.4166666666666667,0.8333333333333333,0
2018-02-26,,Sp Lisbon,Moreirense,1.0,0.0,H,0.0,0.0,D,5.0,4.0,2.0,0.0,17-18,3,18,56,19,17,4,33.0,-16.0,23,23,45.0,58.0,1.0,4.0,9,3.0,15.0,1.2,0.8,34.0,0.6,1.0,11.0,-15,-12.0,23.0,49.0,2.4347826086956523,0.8260869565217391,1.608695652173913,1.434782608695652,-0.6956521739130435,2.1304347826086953,0
2018-02-26,,Sp Braga,Tondela,1.0,0.0,H,0.0,0.0,D,3.0,2.0,0.0,0.0,17-18,4,12,49,25,16,7,25.0,-9.0,23,23,51.0,47.0,1.0,5.0,14,19.0,16.0,2.6,1.0,36.0,0.8,1.6,12.0,-8,3.0,24.0,34.0,2.130434782608696,1.0869565217391304,1.0434782608695654,1.0869565217391304,-0.391304347826087,1.4782608695652173,0
2018-02-25,,Portimonense,Porto,1.0,5.0,A,0.0,3.0,A,1.0,0.0,0.0,0.0,17-18,10,1,27,61,7,19,-1.0,50.0,23,23,52.0,47.0,5.0,2.0,3,19.0,2.0,2.4,1.4,30.0,3.0,0.4,43.0,9,17.0,-13.0,-51.0,1.173913043478261,2.652173913043478,-1.478260869565217,-0.043478260869565216,2.1739130434782608,-2.217391304347826,0
2018-02-25,,Chaves,Estoril,2.0,0.0,H,1.0,0.0,H,2.0,3.0,0.0,0.0,17-18,6,16,33,21,9,6,-6.0,-21.0,23,23,39.0,45.0,1.0,4.0,16,11.0,10.0,1.0,2.0,26.0,1.6,1.2,18.0,-10,1.0,8.0,15.0,1.434782608695652,0.9130434782608695,0.5217391304347826,-0.2608695652173913,-0.9130434782608695,0.6521739130434783,0
2018-02-25,,Boavista,Setubal,4.0,0.0,H,2.0,0.0,H,2.0,3.0,0.0,0.0,17-18,8,14,30,21,9,4,-9.0,-14.0,23,23,58.0,50.0,1.0,4.0,11,9.0,12.0,0.6,2.0,18.0,1.6,1.2,27.0,-6,-3.0,-9.0,5.0,1.3043478260869565,0.9130434782608695,0.39130434782608703,-0.391304347826087,-0.6086956521739131,0.2173913043478261,0
2018-02-24,,Pacos Ferreira,Benfica,1.0,3.0,A,1.0,0.0,H,2.0,2.0,1.0,0.0,17-18,15,2,21,56,5,17,-16.0,44.0,23,23,67.0,38.0,5.0,1.0,13,13.0,1.0,1.2,1.4,9.0,3.2,0.6,41.0,13,12.0,-32.0,-60.0,0.9130434782608695,2.4347826086956523,-1.5217391304347827,-0.6956521739130435,1.9130434782608696,-2.608695652173913,0
2018-02-24,,Maritimo,Guimaraes,3.0,2.0,H,3.0,1.0,H,1.0,3.0,0.0,0.0,17-18,8,9,30,29,8,9,-10.0,-13.0,23,23,56.0,57.0,5.0,5.0,5,6.0,4.0,0.2,1.6,6.0,1.2,2.0,12.0,-1,2.0,-6.0,3.0,1.3043478260869565,1.2608695652173914,0.04347826086956519,-0.43478260869565216,-0.5652173913043478,0.13043478260869562,0
2018-02-24,,Belenenses,Feirense,1.0,0.0,H,0.0,0.0,D,1.0,1.0,0.0,0.0,17-18,12,17,24,20,6,6,-13.0,-13.0,23,23,58.0,77.0,5.0,3.0,10,14.0,8.0,1.0,1.8,18.0,0.8,1.8,3.0,-5,6.0,15.0,0.0,1.0434782608695652,0.8695652173913043,0.17391304347826086,-0.5652173913043478,-0.5652173913043478,0.0,0
2018-02-23,,Rio Ave,Aves,0.0,0.0,D,0.0,0.0,D,1.0,4.0,1.0,0.0,17-18,5,13,36,21,11,5,0.0,-11.0,23,23,55.0,50.0,6.0,3.0,4,7.0,19.0,1.4,2.8,15.0,1.6,1.2,26.0,-8,-12.0,-11.0,11.0,1.565217391304348,0.9130434782608695,0.6521739130434784,0.0,-0.4782608695652174,0.4782608695652174,0
2018-02-21,,Estoril,Porto,1.0,3.0,A,1.0,0.0,H,3.0,3.0,0.0,0.0,17-18,16,1,21,58,6,18,-19.0,48.0,22,22,42.0,44.0,4.0,2.0,17,10.0,2.0,1.6,1.2,27.0,2.6,0.2,41.0,15,8.0,-14.0,-67.0,0.9545454545454546,2.6363636363636362,-1.6818181818181817,-0.8636363636363636,2.1818181818181817,-3.0454545454545454,0
2018-02-19,,Tondela,Sp Lisbon,1.0,2.0,A,1.0,1.0,D,5.0,3.0,1.0,1.0,17-18,11,3,25,53,7,16,-8.0,32.0,22,22,42.0,42.0,4.0,0.0,15,16.0,3.0,1.2,1.4,18.0,1.4,0.6,29.0,8,13.0,-11.0,-40.0,1.1363636363636365,2.409090909090909,-1.2727272727272727,-0.36363636363636365,1.4545454545454546,-1.8181818181818183,0
2018-02-18,,Setubal,Pacos Ferreira,1.0,0.0,H,0.0,0.0,D,2.0,3.0,0.0,0.0,17-18,18,14,18,21,3,5,-15.0,-15.0,22,22,48.0,64.0,4.0,5.0,1,12.0,13.0,1.8,1.6,18.0,1.2,1.2,16.0,4,-1.0,2.0,0.0,0.8181818181818182,0.9545454545454546,-0.13636363636363635,-0.6818181818181818,-0.6818181818181818,0.0,0
2018-02-18,,Porto,Rio Ave,5.0,0.0,H,3.0,0.0,H,2.0,2.0,0.0,0.0,17-18,2,5,55,36,17,11,43.0,5.0,21,22,42.0,53.0,2.0,6.0,7,2.0,7.0,2.4,0.6,39.0,1.8,2.0,24.0,-3,-5.0,15.0,38.0,2.619047619047619,1.6363636363636365,0.9826839826839826,2.0476190476190474,0.22727272727272727,1.8203463203463202,0
2018-02-18,,Moreirense,Chaves,0.0,1.0,A,0.0,0.0,D,3.0,3.0,1.0,0.0,17-18,17,6,19,30,4,8,-15.0,-7.0,22,22,55.0,36.0,3.0,1.0,12,15.0,11.0,1.0,1.2,16.0,1.6,2.6,18.0,11,4.0,-2.0,-8.0,0.8636363636363636,1.3636363636363635,-0.4999999999999999,-0.6818181818181818,-0.3181818181818182,-0.3636363636363636,0
2018-02-18,,Guimaraes,Sp Braga,0.0,5.0,A,0.0,3.0,A,1.0,0.0,1.0,0.0,17-18,9,4,29,46,9,15,-8.0,20.0,22,22,56.0,51.0,4.0,1.0,8,4.0,19.0,1.8,1.8,18.0,1.8,1.6,30.0,5,-15.0,-12.0,-28.0,1.3181818181818181,2.090909090909091,-0.7727272727272727,-0.36363636363636365,0.9090909090909091,-1.2727272727272727,0
2018-02-17,,Estoril,Belenenses,0.0,2.0,A,0.0,1.0,A,1.0,0.0,1.0,0.0,17-18,14,13,21,21,6,5,-17.0,-15.0,21,22,41.0,58.0,3.0,5.0,17,10.0,14.0,1.6,1.2,36.0,0.8,2.2,5.0,1,-4.0,31.0,-2.0,1.0,0.9545454545454546,0.045454545454545414,-0.8095238095238095,-0.6818181818181818,-0.12770562770562777,0
2018-02-17,,Benfica,Boavista,4.0,0.0,H,2.0,0.0,H,2.0,0.0,0.0,0.0,17-18,2,6,53,30,16,9,40.0,-5.0,22,22,36.0,58.0,1.0,1.0,6,1.0,9.0,3.0,0.8,39.0,1.0,1.2,27.0,-4,-8.0,12.0,45.0,2.409090909090909,1.3636363636363635,1.0454545454545456,1.8181818181818181,-0.22727272727272727,2.0454545454545454,0
2018-02-17,,Aves,Maritimo,0.0,0.0,D,0.0,0.0,D,2.0,4.0,0.0,0.0,17-18,15,9,20,29,5,8,-11.0,-10.0,22,22,48.0,52.0,3.0,5.0,0,19.0,6.0,1.6,1.8,27.0,0.2,1.6,3.0,6,13.0,24.0,-1.0,0.9090909090909091,1.3181818181818181,-0.40909090909090906,-0.5,-0.45454545454545453,-0.04545454545454547,0
2018-02-16,,Feirense,Portimonense,1.0,3.0,A,1.0,1.0,D,4.0,3.0,0.0,0.0,17-18,15,11,20,24,6,6,-11.0,-3.0,22,22,73.0,49.0,3.0,5.0,2,8.0,19.0,0.8,1.8,6.0,1.8,1.6,21.0,4,-11.0,-15.0,-8.0,0.9090909090909091,1.0909090909090908,-0.18181818181818177,-0.5,-0.13636363636363635,-0.36363636363636365,0
2018-02-12,,Moreirense,Estoril,1.0,2.0,A,1.0,0.0,H,3.0,2.0,0.0,0.0,17-18,16,18,19,18,4,5,-14.0,-18.0,21,20,52.0,39.0,3.0,3.0,12,15.0,10.0,0.8,1.2,21.0,1.6,1.4,28.0,-2,5.0,-7.0,4.0,0.9047619047619048,0.9,0.004761904761904745,-0.6666666666666666,-0.9,0.2333333333333334,0
2018-02-11,,Sp Lisbon,Feirense,2.0,0.0,H,0.0,0.0,D,4.0,7.0,0.0,0.0,17-18,3,14,50,20,15,6,30.0,-9.0,21,21,38.0,66.0,0.0,3.0,9,3.0,8.0,2.0,0.6,24.0,1.2,1.4,12.0,-11,-5.0,12.0,39.0,2.380952380952381,0.9523809523809523,1.4285714285714286,1.4285714285714286,-0.42857142857142855,1.8571428571428572,0
2018-02-11,,Chaves,Porto,0.0,4.0,A,0.0,2.0,A,2.0,4.0,0.0,0.0,17-18,6,2,30,52,8,16,-3.0,39.0,21,20,34.0,38.0,1.0,2.0,16,11.0,2.0,1.8,2.0,26.0,2.0,0.8,37.0,4,9.0,-11.0,-42.0,1.4285714285714286,2.6,-1.1714285714285715,-0.14285714285714285,1.95,-2.092857142857143,0
2018-02-11,,Boavista,Guimaraes,1.0,0.0,H,0.0,0.0,D,2.0,3.0,0.0,0.0,17-18,9,7,27,29,8,9,-6.0,-7.0,21,21,56.0,53.0,1.0,4.0,11,9.0,4.0,1.0,1.4,19.0,2.2,2.4,24.0,2,5.0,-5.0,1.0,1.2857142857142858,1.380952380952381,-0.09523809523809512,-0.2857142857142857,-0.3333333333333333,0.047619047619047616,0
2018-02-11,,Belenenses,Aves,2.0,5.0,A,1.0,4.0,A,0.0,3.0,0.0,0.0,17-18,12,18,21,17,5,4,-12.0,-14.0,21,21,58.0,45.0,5.0,3.0,10,14.0,19.0,0.6,1.4,8.0,0.8,1.6,16.0,-6,-5.0,-8.0,2.0,1.0,0.8095238095238095,0.19047619047619047,-0.5714285714285714,-0.6666666666666666,0.09523809523809523,0
2018-02-10,,Sp Braga,Setubal,3.0,1.0,H,1.0,0.0,H,2.0,4.0,0.0,0.0,17-18,4,16,43,18,14,3,18.0,-13.0,21,21,49.0,44.0,1.0,4.0,14,19.0,12.0,1.6,1.6,24.0,1.8,1.2,25.0,-12,7.0,-1.0,31.0,2.0476190476190474,0.8571428571428571,1.1904761904761902,0.8571428571428571,-0.6190476190476191,1.4761904761904763,0
2018-02-10,,Rio Ave,Maritimo,3.0,0.0,H,2.0,0.0,H,1.0,6.0,0.0,1.0,17-18,5,8,33,29,10,8,2.0,-7.0,21,21,52.0,46.0,6.0,4.0,4,7.0,6.0,1.4,2.4,15.0,0.2,2.0,5.0,-3,1.0,10.0,9.0,1.5714285714285714,1.380952380952381,0.19047619047619047,0.09523809523809523,-0.3333333333333333,0.42857142857142855,0
2018-02-10,,Portimonense,Benfica,1.0,3.0,A,0.0,1.0,A,3.0,2.0,0.0,0.0,17-18,11,2,24,50,6,15,-1.0,38.0,21,21,46.0,34.0,5.0,1.0,3,19.0,1.0,1.8,1.2,28.0,2.8,0.6,37.0,9,18.0,-9.0,-39.0,1.1428571428571428,2.380952380952381,-1.2380952380952381,-0.047619047619047616,1.8095238095238095,-1.8571428571428572,0
2018-02-09,,Pacos Ferreira,Tondela,0.0,2.0,A,0.0,2.0,A,4.0,2.0,1.0,1.0,17-18,13,11,21,22,5,6,-13.0,-10.0,21,21,60.0,40.0,4.0,3.0,13,13.0,16.0,1.4,1.0,24.0,1.0,1.6,7.0,2,-3.0,17.0,-3.0,1.0,1.0476190476190477,-0.04761904761904767,-0.6190476190476191,-0.47619047619047616,-0.1428571428571429,0
2018-02-06,,Aves,Boavista,3.0,0.0,H,2.0,0.0,H,4.0,5.0,0.0,0.0,17-18,18,9,14,27,3,8,-17.0,-3.0,20,20,41.0,51.0,3.0,1.0,0,19.0,9.0,0.4,2.0,2.0,1.2,1.4,26.0,9,10.0,-24.0,-14.0,0.7,1.35,-0.6500000000000001,-0.85,-0.15,-0.7,0
2018-02-05,,Setubal,Belenenses,3.0,0.0,H,1.0,0.0,H,0.0,3.0,0.0,0.0,17-18,17,12,15,21,2,5,-16.0,-9.0,20,20,44.0,55.0,4.0,5.0,1,12.0,14.0,1.6,1.6,15.0,0.6,0.8,12.0,5,-2.0,3.0,-7.0,0.75,1.05,-0.30000000000000004,-0.8,-0.45,-0.35000000000000003,0
2018-02-05,,Maritimo,Portimonense,0.0,3.0,A,0.0,3.0,A,4.0,1.0,0.0,0.0,17-18,7,11,29,21,8,5,-4.0,-4.0,20,20,42.0,45.0,4.0,5.0,5,6.0,19.0,0.4,1.8,7.0,1.2,1.2,18.0,-4,-13.0,-11.0,0.0,1.45,1.05,0.3999999999999999,-0.2,-0.2,0.0,0
2018-02-04,,Tondela,Moreirense,1.0,2.0,A,1.0,1.0,D,1.0,1.0,0.0,0.0,17-18,10,15,22,16,6,3,-9.0,-15.0,20,20,39.0,51.0,3.0,3.0,15,16.0,15.0,1.0,1.2,14.0,0.8,1.2,11.0,-5,1.0,3.0,6.0,1.1,0.8,0.30000000000000004,-0.45,-0.75,0.3,0
2018-02-04,,Guimaraes,Pacos Ferreira,3.0,2.0,H,2.0,1.0,H,2.0,2.0,0.0,0.0,17-18,9,13,26,21,8,5,-8.0,-12.0,20,20,51.0,58.0,4.0,4.0,8,4.0,13.0,1.6,2.2,12.0,1.4,1.2,32.0,-4,-9.0,-20.0,4.0,1.3,1.05,0.25,-0.4,-0.6,0.19999999999999996,0
2018-02-04,,Feirense,Chaves,1.0,2.0,A,1.0,1.0,D,2.0,0.0,0.0,0.0,17-18,14,8,20,27,6,7,-8.0,-4.0,20,20,64.0,34.0,3.0,1.0,2,8.0,11.0,1.2,1.4,18.0,1.8,2.0,19.0,6,-3.0,-1.0,-4.0,1.0,1.35,-0.3500000000000001,-0.4,-0.2,-0.2,0
2018-02-04,,Estoril,Sp Lisbon,2.0,0.0,H,2.0,0.0,H,0.0,3.0,0.0,0.0,17-18,17,3,15,50,4,15,-20.0,32.0,19,20,39.0,35.0,3.0,0.0,17,10.0,3.0,1.8,1.8,20.0,2.2,0.4,35.0,14,7.0,-15.0,-52.0,0.7894736842105263,2.5,-1.7105263157894737,-1.0526315789473684,1.6,-2.6526315789473687,0
2018-02-03,,Porto,Sp Braga,3.0,1.0,H,2.0,1.0,H,1.0,2.0,0.0,0.0,17-18,2,4,49,43,15,14,37.0,20.0,19,20,37.0,47.0,2.0,1.0,7,2.0,19.0,2.0,0.8,35.0,2.0,1.2,36.0,-2,-17.0,-1.0,17.0,2.5789473684210527,2.15,0.42894736842105274,1.9473684210526316,1.0,0.9473684210526316,0
2018-02-03,,Benfica,Rio Ave,5.0,1.0,H,0.0,1.0,A,1.0,2.0,0.0,0.0,17-18,3,5,47,33,14,10,34.0,6.0,20,20,33.0,50.0,1.0,6.0,6,1.0,7.0,2.0,0.6,33.0,2.0,1.8,24.0,-2,-6.0,9.0,28.0,2.35,1.65,0.7000000000000002,1.7,0.3,1.4,0
2018-01-31,,Sp Lisbon,Guimaraes,1.0,0.0,H,0.0,0.0,D,0.0,2.0,0.0,0.0,17-18,3,8,47,26,14,8,31.0,-7.0,19,19,35.0,49.0,0.0,4.0,9,3.0,4.0,2.4,0.4,31.0,1.8,2.4,15.0,-5,-1.0,16.0,38.0,2.473684210526316,1.368421052631579,1.105263157894737,1.631578947368421,-0.3684210526315789,2.0,0
2018-01-31,,Chaves,Setubal,2.0,2.0,D,1.0,1.0,D,1.0,2.0,0.0,0.0,17-18,7,17,26,14,7,2,-4.0,-16.0,19,19,33.0,42.0,1.0,4.0,16,11.0,12.0,1.6,1.8,22.0,1.2,1.4,14.0,-10,-1.0,8.0,12.0,1.368421052631579,0.7368421052631579,0.6315789473684211,-0.21052631578947367,-0.8421052631578947,0.631578947368421,0
2018-01-31,,Boavista,Maritimo,2.0,1.0,H,1.0,1.0,D,1.0,2.0,0.0,0.0,17-18,9,6,24,29,7,8,-4.0,-3.0,19,19,50.0,40.0,1.0,4.0,11,9.0,6.0,1.2,1.4,18.0,0.4,2.0,9.0,3,3.0,9.0,-1.0,1.263157894736842,1.5263157894736843,-0.26315789473684226,-0.21052631578947367,-0.15789473684210525,-0.05263157894736842,0
2018-01-30,,Sp Braga,Aves,2.0,0.0,H,1.0,0.0,H,0.0,1.0,0.0,0.0,17-18,4,16,40,14,13,3,18.0,-15.0,19,19,47.0,40.0,1.0,3.0,14,19.0,19.0,2.4,1.2,33.0,0.8,2.2,3.0,-12,0.0,30.0,33.0,2.1052631578947367,0.7368421052631579,1.3684210526315788,0.9473684210526315,-0.7894736842105263,1.736842105263158,0
2018-01-30,,Moreirense,Porto,0.0,0.0,D,0.0,0.0,D,4.0,1.0,1.0,0.0,17-18,15,1,15,48,3,15,-15.0,37.0,19,18,47.0,36.0,2.0,2.0,12,15.0,2.0,1.2,1.4,13.0,3.0,0.8,45.0,14,13.0,-32.0,-52.0,0.7894736842105263,2.6666666666666665,-1.8771929824561402,-0.7894736842105263,2.0555555555555554,-2.845029239766082,0
2018-01-30,,Estoril,Tondela,3.0,0.0,H,2.0,0.0,H,0.0,0.0,0.0,0.0,17-18,18,10,12,22,3,6,-23.0,-6.0,18,19,39.0,39.0,3.0,3.0,17,10.0,16.0,1.4,2.4,9.0,1.2,1.6,21.0,8,-6.0,-12.0,-17.0,0.6666666666666666,1.1578947368421053,-0.4912280701754387,-1.2777777777777777,-0.3157894736842105,-0.9619883040935672,0
2018-01-29,,Portimonense,Rio Ave,4.0,1.0,H,3.0,0.0,H,3.0,4.0,0.0,0.0,17-18,13,5,18,33,4,10,-7.0,9.0,19,19,42.0,46.0,5.0,6.0,3,19.0,7.0,0.4,1.4,5.0,2.0,1.2,34.0,8,12.0,-29.0,-16.0,0.9473684210526315,1.736842105263158,-0.7894736842105264,-0.3684210526315789,0.47368421052631576,-0.8421052631578947,0
2018-01-29,,Pacos Ferreira,Feirense,2.0,1.0,H,1.0,1.0,D,0.0,2.0,0.0,0.0,17-18,14,11,18,20,4,6,-13.0,-7.0,19,19,58.0,62.0,4.0,3.0,13,13.0,8.0,1.2,1.4,22.0,1.2,1.0,27.0,3,5.0,-5.0,-6.0,0.9473684210526315,1.0526315789473684,-0.10526315789473684,-0.6842105263157895,-0.3684210526315789,-0.31578947368421056,0
2018-01-29,,Belenenses,Benfica,1.0,1.0,D,0.0,0.0,D,3.0,1.0,0.0,0.0,17-18,12,3,20,46,5,14,-9.0,34.0,19,19,52.0,32.0,5.0,1.0,10,14.0,1.0,0.4,1.4,10.0,2.8,0.6,41.0,9,13.0,-31.0,-43.0,1.0526315789473684,2.4210526315789473,-1.368421052631579,-0.47368421052631576,1.7894736842105263,-2.263157894736842,0
2018-01-21,,Rio Ave,Boavista,2.0,0.0,H,1.0,0.0,H,2.0,3.0,0.0,0.0,17-18,5,8,30,24,9,7,7.0,-2.0,18,18,44.0,47.0,6.0,1.0,4,7.0,9.0,2.0,1.4,29.0,1.4,1.6,25.0,-3,-2.0,4.0,9.0,1.6666666666666667,1.3333333333333333,0.3333333333333335,0.3888888888888889,-0.1111111111111111,0.5,0
2018-01-21,,Guimaraes,Estoril,3.0,1.0,H,1.0,1.0,D,4.0,2.0,0.0,1.0,17-18,9,18,23,12,7,3,-9.0,-21.0,18,17,45.0,37.0,4.0,2.0,8,4.0,10.0,1.4,2.2,3.0,1.2,1.8,14.0,-9,-6.0,-11.0,12.0,1.2777777777777777,0.7058823529411765,0.5718954248366012,-0.5,-1.2352941176470589,0.7352941176470589,0
2018-01-21,,Feirense,Moreirense,1.0,0.0,H,1.0,0.0,H,3.0,4.0,0.0,0.0,17-18,13,14,17,15,5,3,-8.0,-14.0,18,18,59.0,43.0,3.0,2.0,2,8.0,15.0,1.0,1.2,18.0,1.4,1.6,20.0,-1,-7.0,-2.0,6.0,0.9444444444444444,0.8333333333333334,0.11111111111111105,-0.4444444444444444,-0.7777777777777778,0.33333333333333337,0
2018-01-21,,Aves,Pacos Ferreira,0.0,2.0,A,0.0,1.0,A,3.0,5.0,0.0,0.0,17-18,16,15,14,15,3,3,-13.0,-15.0,18,18,37.0,53.0,3.0,4.0,0,19.0,13.0,0.8,2.0,4.0,1.0,1.6,10.0,1,6.0,-6.0,2.0,0.7777777777777778,0.8333333333333334,-0.05555555555555558,-0.7222222222222222,-0.8333333333333334,0.11111111111111116,0
2018-01-20,,Portimonense,Sp Braga,1.0,2.0,A,0.0,2.0,A,1.0,4.0,0.0,0.0,17-18,12,4,18,37,4,12,-6.0,17.0,18,18,41.0,43.0,5.0,1.0,3,19.0,19.0,0.2,1.2,7.0,2.0,1.2,27.0,8,0.0,-20.0,-23.0,1.0,2.0555555555555554,-1.0555555555555554,-0.3333333333333333,0.9444444444444444,-1.2777777777777777,0
2018-01-20,,Maritimo,Belenenses,0.0,0.0,D,0.0,0.0,D,1.0,5.0,0.0,1.0,17-18,6,11,28,19,8,5,-3.0,-9.0,18,18,39.0,47.0,4.0,4.0,5,6.0,14.0,0.6,2.0,8.0,0.6,1.6,8.0,-5,-8.0,0.0,6.0,1.5555555555555556,1.0555555555555556,0.5,-0.16666666666666666,-0.5,0.33333333333333337,0
2018-01-20,,Benfica,Chaves,3.0,0.0,H,2.0,0.0,H,0.0,0.0,0.0,0.0,17-18,3,7,43,26,13,7,31.0,-1.0,18,18,32.0,33.0,1.0,1.0,6,1.0,11.0,2.8,0.8,39.0,1.8,1.2,33.0,-4,-10.0,6.0,32.0,2.388888888888889,1.4444444444444444,0.9444444444444444,1.7222222222222223,-0.05555555555555555,1.777777777777778,0
2018-01-19,,Setubal,Sp Lisbon,1.0,1.0,D,0.0,1.0,A,4.0,3.0,0.0,0.0,17-18,17,1,13,46,2,14,-16.0,31.0,18,18,38.0,32.0,4.0,0.0,1,12.0,3.0,1.0,2.2,12.0,2.8,0.4,39.0,16,9.0,-27.0,-47.0,0.7222222222222222,2.5555555555555554,-1.833333333333333,-0.8888888888888888,1.7222222222222223,-2.611111111111111,0
2018-01-19,,Porto,Tondela,1.0,0.0,H,1.0,0.0,H,0.0,1.0,0.0,0.0,17-18,2,10,45,22,14,6,36.0,-5.0,17,18,36.0,38.0,2.0,3.0,7,2.0,16.0,2.8,0.8,43.0,1.4,1.4,31.0,-8,-14.0,12.0,41.0,2.6470588235294117,1.2222222222222223,1.4248366013071894,2.1176470588235294,-0.2777777777777778,2.395424836601307,0
2018-01-15,,Moreirense,Setubal,2.0,2.0,D,1.0,2.0,A,2.0,6.0,0.0,0.0,17-18,16,17,14,12,3,2,-14.0,-16.0,17,17,41.0,32.0,2.0,4.0,12,15.0,12.0,1.2,1.4,22.0,0.8,2.2,9.0,-1,3.0,13.0,2.0,0.8235294117647058,0.7058823529411765,0.11764705882352933,-0.8235294117647058,-0.9411764705882353,0.11764705882352944,0
2018-01-14,,Tondela,Feirense,3.0,1.0,H,0.0,0.0,D,5.0,4.0,0.0,1.0,17-18,10,13,19,17,5,5,-7.0,-6.0,17,17,33.0,55.0,3.0,2.0,15,16.0,8.0,1.0,1.8,23.0,0.8,0.8,24.0,-3,8.0,-1.0,-1.0,1.1176470588235294,1.0,0.11764705882352944,-0.4117647058823529,-0.35294117647058826,-0.05882352941176466,0
2018-01-14,,Sp Lisbon,Aves,3.0,0.0,H,1.0,0.0,H,0.0,0.0,0.0,0.0,17-18,3,15,43,14,13,3,28.0,-10.0,17,17,32.0,37.0,0.0,3.0,9,3.0,19.0,2.4,0.4,37.0,1.0,1.4,8.0,-12,-16.0,29.0,38.0,2.5294117647058822,0.8235294117647058,1.7058823529411764,1.6470588235294117,-0.5882352941176471,2.235294117647059,0
2018-01-14,,Boavista,Portimonense,2.0,0.0,H,2.0,0.0,H,4.0,2.0,0.0,2.0,17-18,9,12,21,18,6,4,-4.0,-4.0,17,17,43.0,39.0,1.0,3.0,11,9.0,19.0,1.0,1.6,15.0,0.2,0.8,10.0,-3,-10.0,5.0,0.0,1.2352941176470589,1.0588235294117647,0.17647058823529416,-0.23529411764705882,-0.23529411764705882,0.0,0
2018-01-14,,Belenenses,Rio Ave,1.0,2.0,A,0.0,1.0,A,6.0,4.0,1.0,0.0,17-18,11,6,19,27,5,8,-8.0,6.0,17,17,41.0,40.0,3.0,6.0,10,14.0,7.0,0.4,1.4,11.0,2.2,1.4,24.0,5,7.0,-13.0,-14.0,1.1176470588235294,1.588235294117647,-0.47058823529411753,-0.47058823529411764,0.35294117647058826,-0.8235294117647058,0
2018-01-13,,Sp Braga,Benfica,1.0,3.0,A,0.0,1.0,A,2.0,3.0,0.0,0.0,17-18,4,3,37,40,12,12,19.0,29.0,17,17,41.0,29.0,1.0,1.0,14,19.0,1.0,2.4,0.6,39.0,2.2,0.6,35.0,1,18.0,4.0,-10.0,2.176470588235294,2.3529411764705883,-0.17647058823529438,1.1176470588235294,1.7058823529411764,-0.588235294117647,0
2018-01-13,,Pacos Ferreira,Maritimo,0.0,0.0,D,0.0,0.0,D,1.0,2.0,0.0,0.0,17-18,16,6,14,27,3,8,-15.0,-3.0,17,17,52.0,37.0,4.0,4.0,13,13.0,6.0,1.0,2.2,7.0,0.8,2.2,7.0,10,7.0,0.0,-12.0,0.8235294117647058,1.588235294117647,-0.7647058823529411,-0.8823529411764706,-0.17647058823529413,-0.7058823529411764,0
2018-01-12,,Chaves,Guimaraes,4.0,3.0,H,3.0,3.0,D,1.0,3.0,0.0,0.0,17-18,7,8,23,23,6,7,-2.0,-8.0,17,17,32.0,42.0,1.0,4.0,16,11.0,4.0,1.0,0.6,27.0,1.2,1.6,9.0,-1,7.0,18.0,6.0,1.3529411764705883,1.3529411764705883,0.0,-0.11764705882352941,-0.47058823529411764,0.3529411764705882,0
2018-01-09,,Tondela,Setubal,1.0,1.0,D,1.0,1.0,D,1.0,2.0,0.0,0.0,17-18,11,18,18,11,5,2,-7.0,-16.0,16,16,32.0,30.0,3.0,4.0,15,16.0,12.0,0.8,2.0,24.0,0.6,3.2,5.0,-7,4.0,19.0,9.0,1.125,0.6875,0.4375,-0.4375,-1.0,0.5625,0
2018-01-09,,Belenenses,Boavista,1.0,1.0,D,1.0,0.0,H,1.0,3.0,0.0,0.0,17-18,12,9,18,20,5,6,-8.0,-4.0,16,16,40.0,40.0,3.0,1.0,10,14.0,9.0,0.2,1.4,8.0,1.0,1.4,17.0,3,5.0,-9.0,-4.0,1.125,1.25,-0.125,-0.5,-0.25,-0.25,0
2018-01-08,,Pacos Ferreira,Portimonense,1.0,1.0,D,0.0,0.0,D,2.0,5.0,0.0,1.0,17-18,16,12,13,17,3,4,-15.0,-4.0,16,16,50.0,34.0,4.0,2.0,13,13.0,19.0,1.0,2.4,3.0,0.4,0.6,10.0,4,-6.0,-7.0,-11.0,0.8125,1.0625,-0.25,-0.9375,-0.25,-0.6875,0
2018-01-08,,Estoril,Feirense,0.0,2.0,A,0.0,1.0,A,2.0,4.0,0.0,0.0,17-18,17,13,12,14,3,4,-19.0,-8.0,16,16,35.0,51.0,2.0,2.0,17,10.0,8.0,1.2,1.4,20.0,0.6,1.4,12.0,4,2.0,8.0,-11.0,0.75,0.875,-0.125,-1.1875,-0.5,-0.6875,0
2018-01-07,,Sp Lisbon,Maritimo,5.0,0.0,H,1.0,0.0,H,0.0,1.0,0.0,0.0,17-18,2,6,40,27,12,8,23.0,2.0,16,16,32.0,36.0,0.0,4.0,9,3.0,6.0,1.8,0.6,35.0,0.8,1.2,12.0,-4,-3.0,23.0,21.0,2.5,1.6875,0.8125,1.4375,0.125,1.3125,0
2018-01-07,,Porto,Guimaraes,4.0,2.0,H,0.0,1.0,A,0.0,3.0,0.0,0.0,17-18,1,7,42,23,13,7,34.0,-6.0,16,16,36.0,39.0,2.0,4.0,7,2.0,4.0,2.2,0.6,39.0,1.0,0.8,18.0,-6,-2.0,21.0,40.0,2.625,1.4375,1.1875,2.125,-0.375,2.5,0
2018-01-07,,Moreirense,Benfica,0.0,2.0,A,0.0,1.0,A,1.0,0.0,0.0,0.0,17-18,14,3,14,37,3,11,-12.0,27.0,16,16,40.0,29.0,2.0,1.0,12,15.0,1.0,1.2,1.2,29.0,3.0,0.6,31.0,11,14.0,-2.0,-39.0,0.875,2.3125,-1.4375,-0.75,1.6875,-2.4375,0
2018-01-07,,Chaves,Aves,1.0,1.0,D,0.0,1.0,A,1.0,3.0,0.0,0.0,17-18,8,15,22,13,6,3,-2.0,-10.0,16,16,31.0,34.0,1.0,3.0,16,11.0,19.0,1.0,0.4,33.0,1.0,1.4,7.0,-7,-8.0,26.0,8.0,1.375,0.8125,0.5625,-0.125,-0.625,0.5,0
2018-01-06,,Sp Braga,Rio Ave,2.0,1.0,H,1.0,1.0,D,4.0,2.0,0.0,0.0,17-18,4,5,34,27,11,8,18.0,7.0,16,16,37.0,38.0,1.0,6.0,14,19.0,7.0,2.6,0.6,36.0,2.0,1.2,34.0,-1,12.0,2.0,11.0,2.125,1.6875,0.4375,1.125,0.4375,0.6875,0
2018-01-04,,Setubal,Estoril,2.0,2.0,D,0.0,0.0,D,2.0,2.0,0.0,0.0,17-18,18,17,10,11,2,3,-16.0,-19.0,15,15,28.0,33.0,4.0,2.0,1,12.0,10.0,0.2,3.0,0.0,0.8,1.4,20.0,1,2.0,-20.0,3.0,0.6666666666666666,0.7333333333333333,-0.06666666666666665,-1.0666666666666667,-1.2666666666666666,0.19999999999999996,0
2018-01-04,,Portimonense,Belenenses,0.0,0.0,D,0.0,0.0,D,1.0,1.0,0.0,0.0,17-18,12,11,16,17,4,5,-4.0,-8.0,15,15,33.0,39.0,2.0,3.0,3,19.0,14.0,0.6,0.8,10.0,0.2,1.8,4.0,1,5.0,6.0,4.0,1.0666666666666667,1.1333333333333333,-0.06666666666666665,-0.26666666666666666,-0.5333333333333333,0.26666666666666666,0
2018-01-03,,Rio Ave,Pacos Ferreira,4.0,2.0,H,1.0,0.0,H,0.0,1.0,1.0,0.0,17-18,6,15,24,13,7,3,5.0,-13.0,15,15,38.0,49.0,5.0,4.0,4,7.0,13.0,1.6,0.8,29.0,1.0,2.4,4.0,-9,-6.0,25.0,18.0,1.6,0.8666666666666667,0.7333333333333334,0.3333333333333333,-0.8666666666666667,1.2,0
2018-01-03,,Maritimo,Chaves,1.0,2.0,A,0.0,1.0,A,4.0,2.0,0.0,0.0,17-18,5,9,27,19,8,5,3.0,-3.0,15,15,32.0,29.0,4.0,1.0,5,6.0,11.0,0.8,0.8,20.0,1.4,0.6,29.0,-4,-5.0,-9.0,6.0,1.8,1.2666666666666666,0.5333333333333334,0.2,-0.2,0.4,0
2018-01-03,,Feirense,Porto,1.0,2.0,A,1.0,1.0,D,4.0,5.0,0.0,1.0,17-18,13,1,14,39,4,12,-7.0,33.0,15,15,47.0,31.0,2.0,1.0,2,8.0,2.0,0.4,1.2,15.0,2.2,0.4,35.0,12,6.0,-20.0,-40.0,0.9333333333333333,2.6,-1.6666666666666667,-0.4666666666666667,2.2,-2.666666666666667,0
2018-01-03,,Boavista,Sp Braga,1.0,3.0,A,0.0,1.0,A,5.0,6.0,1.0,1.0,17-18,8,4,20,31,6,10,-2.0,16.0,15,15,35.0,31.0,0.0,0.0,11,9.0,19.0,1.2,1.4,24.0,2.4,0.8,31.0,4,-10.0,-7.0,-18.0,1.3333333333333333,2.066666666666667,-0.7333333333333336,-0.13333333333333333,1.0666666666666667,-1.2,0
2018-01-03,,Benfica,Sp Lisbon,1.0,1.0,D,0.0,1.0,A,1.0,3.0,0.0,0.0,17-18,3,2,36,39,11,12,27.0,23.0,15,15,28.0,29.0,1.0,0.0,6,1.0,3.0,3.4,0.6,39.0,2.0,0.8,43.0,1,-2.0,-4.0,4.0,2.4,2.6,-0.20000000000000018,1.8,1.5333333333333334,0.2666666666666666,0
2018-01-03,,Aves,Moreirense,1.0,2.0,A,0.0,2.0,A,3.0,3.0,0.0,0.0,17-18,14,16,13,11,3,2,-9.0,-13.0,15,15,31.0,37.0,3.0,2.0,0,19.0,15.0,1.0,1.0,14.0,1.0,1.2,19.0,-2,4.0,-5.0,4.0,0.8666666666666667,0.7333333333333333,0.13333333333333341,-0.6,-0.8666666666666667,0.2666666666666667,0
2017-12-23,,Guimaraes,Tondela,0.0,1.0,A,0.0,0.0,D,3.0,2.0,0.0,0.0,17-18,7,12,23,15,7,4,-5.0,-8.0,15,15,36.0,30.0,4.0,3.0,8,4.0,16.0,1.2,1.2,27.0,1.2,2.4,15.0,-5,-12.0,12.0,3.0,1.5333333333333334,1.0,0.5333333333333334,-0.3333333333333333,-0.5333333333333333,0.2,0
2017-12-18,,Porto,Maritimo,3.0,1.0,H,2.0,1.0,H,1.0,3.0,0.0,1.0,17-18,2,5,36,27,11,8,31.0,5.0,14,14,30.0,29.0,1.0,3.0,7,2.0,6.0,2.2,0.2,31.0,1.0,0.2,31.0,-3,-4.0,0.0,26.0,2.5714285714285716,1.9285714285714286,0.642857142857143,2.2142857142857144,0.35714285714285715,1.8571428571428572,3
2017-12-18,,Moreirense,Guimaraes,2.0,1.0,H,2.0,0.0,H,3.0,3.0,0.0,1.0,17-18,18,7,8,23,1,7,-14.0,-4.0,14,14,34.0,33.0,2.0,3.0,12,15.0,4.0,0.6,1.6,6.0,1.6,1.0,39.0,11,11.0,-33.0,-10.0,0.5714285714285714,1.6428571428571428,-1.0714285714285714,-1.0,-0.2857142857142857,-0.7142857142857143,3
2017-12-17,,Tondela,Benfica,1.0,5.0,A,0.0,3.0,A,2.0,2.0,0.0,0.0,17-18,12,3,15,33,4,10,-4.0,23.0,14,14,28.0,26.0,3.0,1.0,15,16.0,1.0,1.0,1.8,21.0,2.6,0.4,37.0,9,15.0,-16.0,-27.0,1.0714285714285714,2.357142857142857,-1.2857142857142858,-0.2857142857142857,1.6428571428571428,-1.9285714285714284,3
2017-12-17,,Sp Lisbon,Portimonense,2.0,0.0,H,1.0,0.0,H,1.0,3.0,0.0,1.0,17-18,2,11,36,16,11,4,21.0,-2.0,14,14,28.0,30.0,0.0,1.0,9,3.0,19.0,1.8,0.8,41.0,1.6,0.8,18.0,-9,-16.0,23.0,23.0,2.5714285714285716,1.1428571428571428,1.4285714285714288,1.5,-0.14285714285714285,1.6428571428571428,3
2017-12-17,,Feirense,Setubal,1.0,0.0,H,1.0,0.0,H,4.0,2.0,0.0,0.0,17-18,15,17,11,10,3,2,-8.0,-15.0,14,14,43.0,26.0,2.0,4.0,2,8.0,12.0,0.2,1.4,0.0,0.6,3.8,0.0,-2,-4.0,0.0,7.0,0.7857142857142857,0.7142857142857143,0.0714285714285714,-0.5714285714285714,-1.0714285714285714,0.5,3
2017-12-17,,Chaves,Rio Ave,1.0,1.0,D,0.0,1.0,A,3.0,4.0,0.0,1.0,17-18,9,6,18,23,5,7,-3.0,5.0,14,14,26.0,34.0,1.0,4.0,16,11.0,7.0,1.2,0.6,34.0,1.4,0.8,33.0,3,4.0,1.0,-8.0,1.2857142857142858,1.6428571428571428,-0.357142857142857,-0.21428571428571427,0.35714285714285715,-0.5714285714285714,3
2017-12-16,,Sp Braga,Belenenses,4.0,0.0,H,1.0,0.0,H,0.0,0.0,0.0,0.0,17-18,4,10,28,17,9,5,12.0,-4.0,14,14,31.0,39.0,0.0,3.0,14,19.0,14.0,1.8,0.8,26.0,0.8,1.0,8.0,-6,5.0,18.0,16.0,2.0,1.2142857142857142,0.7857142857142858,0.8571428571428571,-0.2857142857142857,1.1428571428571428,3
2017-12-16,,Estoril,Aves,3.0,2.0,H,1.0,1.0,D,3.0,1.0,0.0,0.0,17-18,18,13,8,13,2,3,-20.0,-8.0,14,14,30.0,30.0,2.0,3.0,17,10.0,19.0,0.2,1.2,7.0,0.8,1.0,21.0,5,-9.0,-14.0,-12.0,0.5714285714285714,0.9285714285714286,-0.3571428571428572,-1.4285714285714286,-0.5714285714285714,-0.8571428571428572,3
2017-12-15,,Pacos Ferreira,Boavista,1.0,2.0,A,1.0,0.0,H,3.0,1.0,0.0,0.0,17-18,14,9,13,17,3,5,-12.0,-3.0,14,14,46.0,34.0,4.0,0.0,13,13.0,9.0,1.0,2.0,8.0,0.8,1.8,13.0,5,4.0,-5.0,-9.0,0.9285714285714286,1.2142857142857142,-0.2857142857142856,-0.8571428571428571,-0.21428571428571427,-0.6428571428571428,3
2017-12-11,,Maritimo,Sp Braga,1.0,0.0,H,0.0,0.0,D,2.0,3.0,0.0,0.0,17-18,5,4,24,28,7,9,4.0,13.0,13,13,27.0,28.0,3.0,0.0,5,6.0,19.0,1.0,0.8,24.0,2.0,0.6,39.0,1,-13.0,-15.0,-9.0,1.8461538461538463,2.1538461538461537,-0.3076923076923075,0.3076923076923077,1.0,-0.6923076923076923,3
2017-12-11,,Guimaraes,Feirense,1.0,0.0,H,0.0,0.0,D,3.0,4.0,0.0,0.0,17-18,7,15,20,11,6,3,-5.0,-7.0,13,13,30.0,39.0,3.0,2.0,8,4.0,8.0,2.0,1.6,34.0,0.4,1.2,3.0,-8,-4.0,31.0,2.0,1.5384615384615385,0.8461538461538461,0.6923076923076924,-0.38461538461538464,-0.5384615384615384,0.1538461538461538,3
2017-12-10,,Setubal,Porto,0.0,5.0,A,0.0,3.0,A,2.0,2.0,0.0,0.0,17-18,16,2,10,33,2,10,-10.0,26.0,13,13,24.0,28.0,4.0,1.0,1,12.0,2.0,1.2,3.0,3.0,2.4,0.4,27.0,14,10.0,-24.0,-36.0,0.7692307692307693,2.5384615384615383,-1.7692307692307692,-0.7692307692307693,2.0,-2.769230769230769,3
2017-12-10,,Portimonense,Chaves,0.0,1.0,A,0.0,0.0,D,3.0,3.0,0.0,0.0,17-18,9,12,16,15,4,4,-1.0,-4.0,13,13,27.0,23.0,1.0,1.0,3,19.0,11.0,2.2,1.2,27.0,1.2,1.6,26.0,-3,8.0,1.0,3.0,1.2307692307692308,1.1538461538461537,0.0769230769230771,-0.07692307692307693,-0.3076923076923077,0.23076923076923078,3
2017-12-10,,Belenenses,Pacos Ferreira,1.0,1.0,D,0.0,1.0,A,1.0,5.0,0.0,1.0,17-18,10,14,16,12,5,3,-4.0,-12.0,13,13,38.0,41.0,3.0,3.0,10,14.0,13.0,0.6,1.2,6.0,1.0,3.0,6.0,-4,1.0,0.0,8.0,1.2307692307692308,0.9230769230769231,0.3076923076923077,-0.3076923076923077,-0.9230769230769231,0.6153846153846154,3
2017-12-09,,Boavista,Sp Lisbon,1.0,3.0,A,0.0,1.0,A,1.0,2.0,0.0,0.0,17-18,8,2,17,33,5,10,-1.0,19.0,13,13,33.0,26.0,0.0,0.0,11,9.0,3.0,1.2,1.2,20.0,2.2,0.8,39.0,6,6.0,-19.0,-20.0,1.3076923076923077,2.5384615384615383,-1.2307692307692306,-0.07692307692307693,1.4615384615384615,-1.5384615384615383,3
2017-12-09,,Benfica,Estoril,3.0,1.0,H,2.0,1.0,H,3.0,2.0,0.0,0.0,17-18,3,18,30,8,9,2,21.0,-18.0,13,13,23.0,28.0,1.0,2.0,6,1.0,10.0,2.6,0.4,35.0,0.0,1.2,9.0,-15,-9.0,26.0,39.0,2.3076923076923075,0.6153846153846154,1.692307692307692,1.6153846153846154,-1.3846153846153846,3.0,3
2017-12-09,,Aves,Tondela,0.0,1.0,A,0.0,0.0,D,3.0,2.0,1.0,0.0,17-18,12,13,13,12,3,3,-7.0,-5.0,13,13,27.0,26.0,2.0,3.0,0,19.0,16.0,1.0,1.4,28.0,1.2,1.8,12.0,-1,3.0,16.0,-2.0,1.0,0.9230769230769231,0.07692307692307687,-0.5384615384615384,-0.38461538461538464,-0.1538461538461538,3
2017-12-08,,Rio Ave,Moreirense,2.0,1.0,H,0.0,0.0,D,3.0,4.0,0.0,0.0,17-18,6,17,20,8,6,1,4.0,-13.0,13,13,31.0,30.0,4.0,2.0,4,7.0,15.0,1.0,0.8,24.0,0.4,1.4,8.0,-11,-8.0,16.0,17.0,1.5384615384615385,0.6153846153846154,0.9230769230769231,0.3076923076923077,-1.0,1.3076923076923077,3
2017-12-04,,Estoril,Portimonense,0.0,0.0,D,0.0,0.0,D,1.0,4.0,0.0,0.0,17-18,18,10,7,15,2,4,-18.0,-1.0,12,12,27.0,23.0,2.0,1.0,17,10.0,19.0,0.0,2.4,5.0,2.6,1.6,31.0,8,-9.0,-26.0,-17.0,0.5833333333333334,1.25,-0.6666666666666666,-1.5,-0.08333333333333333,-1.4166666666666667,3
2017-12-03,,Sp Braga,Pacos Ferreira,3.0,0.0,H,0.0,0.0,D,2.0,3.0,0.0,1.0,17-18,4,13,25,12,8,3,10.0,-9.0,12,12,26.0,38.0,0.0,2.0,14,19.0,13.0,2.6,0.6,37.0,1.6,2.8,12.0,-9,6.0,25.0,19.0,2.0833333333333335,1.0,1.0833333333333335,0.8333333333333334,-0.75,1.5833333333333335,3
2017-12-03,,Setubal,Guimaraes,1.0,2.0,A,0.0,1.0,A,2.0,5.0,0.0,0.0,17-18,16,8,10,17,2,5,-9.0,-6.0,12,12,22.0,25.0,4.0,3.0,1,12.0,4.0,1.2,3.0,6.0,1.6,1.6,26.0,8,8.0,-20.0,-3.0,0.8333333333333334,1.4166666666666667,-0.5833333333333334,-0.75,-0.5,-0.25,3
2017-12-03,,Feirense,Aves,0.0,1.0,A,0.0,0.0,D,3.0,2.0,1.0,0.0,17-18,14,15,11,10,3,2,-6.0,-8.0,12,12,36.0,25.0,1.0,2.0,2,8.0,19.0,0.4,1.2,6.0,1.2,1.8,18.0,-1,-11.0,-12.0,2.0,0.9166666666666666,0.8333333333333334,0.08333333333333326,-0.5,-0.6666666666666666,0.16666666666666663,3
2017-12-02,,Tondela,Rio Ave,1.0,3.0,A,0.0,1.0,A,2.0,2.0,0.0,0.0,17-18,12,6,12,17,3,5,-3.0,2.0,12,12,24.0,29.0,3.0,4.0,15,16.0,7.0,1.2,1.4,19.0,0.8,0.8,15.0,6,9.0,4.0,-5.0,1.0,1.4166666666666667,-0.41666666666666674,-0.25,0.16666666666666666,-0.41666666666666663,3
2017-12-02,,Moreirense,Maritimo,1.0,1.0,D,1.0,1.0,D,3.0,1.0,1.0,0.0,17-18,17,5,7,23,1,7,-13.0,4.0,12,12,27.0,26.0,1.0,3.0,12,15.0,6.0,0.6,1.8,4.0,1.0,0.8,27.0,12,9.0,-23.0,-17.0,0.5833333333333334,1.9166666666666667,-1.3333333333333335,-1.0833333333333333,0.3333333333333333,-1.4166666666666665,3
2017-12-02,,Chaves,Boavista,0.0,0.0,D,0.0,0.0,D,1.0,5.0,0.0,0.0,17-18,11,8,14,16,4,5,-4.0,-1.0,12,12,22.0,28.0,1.0,0.0,16,11.0,9.0,1.4,1.8,28.0,1.4,1.2,24.0,3,2.0,4.0,-3.0,1.1666666666666667,1.3333333333333333,-0.16666666666666652,-0.3333333333333333,-0.08333333333333333,-0.25,3
2017-12-01,,Sp Lisbon,Belenenses,1.0,0.0,H,1.0,0.0,H,1.0,3.0,0.0,0.0,17-18,2,9,30,16,9,5,18.0,-3.0,12,12,25.0,35.0,0.0,3.0,9,3.0,14.0,2.0,0.8,35.0,0.8,1.0,12.0,-7,-11.0,23.0,21.0,2.5,1.3333333333333333,1.1666666666666667,1.5,-0.25,1.75,3
2017-12-01,,Porto,Benfica,0.0,0.0,D,0.0,0.0,D,1.0,3.0,0.0,1.0,17-18,1,3,32,29,10,9,26.0,21.0,12,12,27.0,20.0,1.0,0.0,7,2.0,1.0,2.4,0.4,33.0,2.8,0.6,43.0,-2,1.0,-10.0,5.0,2.6666666666666665,2.4166666666666665,0.25,2.1666666666666665,1.75,0.4166666666666665,3
2017-11-27,,Sp Braga,Feirense,3.0,1.0,H,3.0,1.0,H,0.0,2.0,0.0,0.0,17-18,5,14,22,11,7,3,8.0,-4.0,11,11,26.0,34.0,0.0,1.0,14,19.0,8.0,2.4,0.6,35.0,0.4,1.4,9.0,-9,11.0,26.0,12.0,2.0,1.0,1.0,0.7272727272727273,-0.36363636363636365,1.0909090909090908,3
2017-11-27,,Rio Ave,Guimaraes,0.0,1.0,A,0.0,1.0,A,0.0,4.0,0.0,0.0,17-18,6,11,17,14,5,4,3.0,-7.0,11,11,29.0,21.0,4.0,3.0,4,7.0,4.0,0.8,0.6,22.0,1.8,1.8,18.0,-5,3.0,4.0,10.0,1.5454545454545454,1.2727272727272727,0.2727272727272727,0.2727272727272727,-0.6363636363636364,0.9090909090909091,3
2017-11-26,,Pacos Ferreira,Sp Lisbon,1.0,2.0,A,0.0,1.0,A,5.0,5.0,0.0,0.0,17-18,13,2,12,27,3,8,-8.0,17.0,11,11,33.0,20.0,2.0,0.0,13,13.0,3.0,1.4,2.8,18.0,1.8,0.8,29.0,11,10.0,-11.0,-25.0,1.0909090909090908,2.4545454545454546,-1.3636363636363638,-0.7272727272727273,1.5454545454545454,-2.2727272727272725,3
2017-11-26,,Maritimo,Estoril,0.0,0.0,D,0.0,0.0,D,1.0,2.0,0.0,0.0,17-18,5,18,22,6,7,2,4.0,-18.0,11,11,25.0,25.0,3.0,2.0,5,6.0,10.0,1.2,1.2,29.0,0.0,2.8,0.0,-13,-4.0,29.0,22.0,2.0,0.5454545454545454,1.4545454545454546,0.36363636363636365,-1.6363636363636365,2.0,3
2017-11-26,,Benfica,Setubal,6.0,0.0,H,2.0,0.0,H,2.0,2.0,0.0,1.0,17-18,3,15,26,10,8,2,15.0,-3.0,11,11,18.0,20.0,0.0,3.0,6,1.0,12.0,2.0,0.6,41.0,1.4,2.0,10.0,-12,-11.0,31.0,18.0,2.3636363636363638,0.9090909090909091,1.4545454545454546,1.3636363636363635,-0.2727272727272727,1.6363636363636362,3
2017-11-25,,Portimonense,Tondela,2.0,0.0,H,1.0,0.0,H,1.0,0.0,0.0,0.0,17-18,12,11,12,12,3,3,-3.0,-1.0,11,11,22.0,24.0,1.0,3.0,3,19.0,16.0,2.6,2.6,22.0,1.4,1.4,26.0,1,3.0,-4.0,-2.0,1.0909090909090908,1.0909090909090908,0.0,-0.2727272727272727,-0.09090909090909091,-0.1818181818181818,3
2017-11-25,,Boavista,Moreirense,1.0,0.0,H,1.0,0.0,H,2.0,3.0,0.0,0.0,17-18,10,17,13,7,4,1,-2.0,-12.0,11,11,26.0,24.0,0.0,1.0,11,9.0,15.0,1.4,1.4,16.0,0.8,1.8,6.0,-7,-6.0,10.0,10.0,1.1818181818181819,0.6363636363636364,0.5454545454545455,-0.18181818181818182,-1.0909090909090908,0.909090909090909,3
2017-11-25,,Aves,Porto,1.0,1.0,D,0.0,1.0,A,4.0,3.0,0.0,1.0,17-18,16,1,9,31,2,10,-8.0,26.0,11,11,21.0,24.0,2.0,0.0,0,19.0,2.0,1.0,1.6,18.0,3.2,0.6,41.0,15,17.0,-23.0,-34.0,0.8181818181818182,2.8181818181818183,-2.0,-0.7272727272727273,2.3636363636363638,-3.090909090909091,3
2017-11-24,,Belenenses,Chaves,0.0,1.0,A,0.0,1.0,A,4.0,2.0,1.0,0.0,17-18,7,14,16,11,5,3,-2.0,-5.0,11,11,31.0,20.0,2.0,1.0,10,14.0,11.0,1.6,1.0,21.0,1.6,1.8,20.0,-7,3.0,1.0,3.0,1.4545454545454546,1.0,0.4545454545454546,-0.18181818181818182,-0.45454545454545453,0.2727272727272727,3
2017-11-05,,Sp Lisbon,Sp Braga,2.0,2.0,D,0.0,0.0,D,1.0,3.0,0.0,0.0,17-18,2,4,26,21,8,7,17.0,8.0,10,10,19.0,23.0,0.0,0.0,9,3.0,19.0,1.8,0.4,35.0,2.4,0.4,45.0,-2,-16.0,-10.0,9.0,2.6,2.1,0.5,1.7,0.8,0.8999999999999999,3
2017-11-05,,Guimaraes,Benfica,1.0,3.0,A,0.0,1.0,A,0.0,4.0,0.0,0.0,17-18,8,3,14,23,4,7,-5.0,13.0,10,10,21.0,14.0,3.0,0.0,8,4.0,1.0,1.8,1.6,25.0,1.6,0.8,36.0,5,3.0,-11.0,-18.0,1.4,2.3,-0.8999999999999999,-0.5,1.3,-1.8,3
2017-11-05,,Feirense,Maritimo,0.0,1.0,A,0.0,1.0,A,3.0,6.0,0.0,1.0,17-18,13,5,11,19,3,6,-3.0,3.0,10,10,31.0,19.0,1.0,2.0,2,8.0,6.0,0.6,1.6,12.0,1.4,1.4,21.0,8,2.0,-9.0,-6.0,1.1,1.9,-0.7999999999999998,-0.3,0.3,-0.6,3
2017-11-05,,Chaves,Pacos Ferreira,4.0,2.0,H,1.0,1.0,D,3.0,2.0,0.0,0.0,17-18,16,12,8,12,2,3,-7.0,-6.0,10,10,17.0,31.0,1.0,2.0,16,11.0,13.0,1.4,1.4,12.0,1.2,2.0,27.0,4,-2.0,-15.0,-1.0,0.8,1.2,-0.3999999999999999,-0.7,-0.6,-0.09999999999999998,3
2017-11-04,,Tondela,Boavista,3.0,2.0,H,0.0,0.0,D,1.0,2.0,0.0,0.0,17-18,14,9,9,13,2,4,-2.0,-1.0,10,10,23.0,24.0,3.0,0.0,15,16.0,9.0,0.8,1.4,15.0,1.4,1.0,26.0,5,7.0,-11.0,-1.0,0.9,1.3,-0.4,-0.2,-0.1,-0.1,3
2017-11-04,,Porto,Belenenses,2.0,0.0,H,1.0,0.0,H,0.0,1.0,0.0,0.0,17-18,1,6,28,16,9,5,24.0,0.0,10,10,24.0,30.0,0.0,2.0,7,2.0,14.0,3.2,0.8,39.0,2.0,0.8,33.0,-5,-12.0,6.0,24.0,2.8,1.6,1.1999999999999997,2.4,0.0,2.4,3
2017-11-04,,Moreirense,Portimonense,1.0,1.0,D,1.0,1.0,D,2.0,1.0,0.0,0.0,17-18,17,11,6,11,1,3,-12.0,-3.0,10,10,22.0,21.0,1.0,1.0,12,15.0,19.0,0.6,2.2,2.0,2.8,2.6,25.0,6,-4.0,-23.0,-9.0,0.6,1.1,-0.5000000000000001,-1.2,-0.3,-0.8999999999999999,3
2017-11-04,,Estoril,Rio Ave,0.0,2.0,A,0.0,1.0,A,3.0,2.0,0.0,0.0,17-18,18,7,6,14,2,4,-16.0,1.0,10,10,22.0,27.0,2.0,4.0,17,10.0,7.0,0.2,2.8,0.0,0.6,1.0,11.0,11,3.0,-11.0,-17.0,0.6,1.4,-0.7999999999999999,-1.6,0.1,-1.7000000000000002,3
2017-11-03,,Setubal,Aves,0.0,1.0,A,0.0,0.0,D,3.0,4.0,1.0,0.0,17-18,13,16,10,6,2,1,-2.0,-9.0,10,10,17.0,17.0,2.0,2.0,1,12.0,19.0,1.4,2.0,14.0,1.0,2.0,5.0,-3,-7.0,9.0,7.0,1.0,0.6,0.4,-0.2,-0.9,0.7,3
2017-10-30,,Portimonense,Setubal,5.0,2.0,H,3.0,1.0,H,3.0,3.0,0.0,1.0,17-18,14,12,8,10,2,2,-6.0,1.0,9,9,18.0,14.0,1.0,1.0,3,19.0,12.0,2.0,2.6,15.0,1.4,1.0,21.0,2,7.0,-6.0,-7.0,0.8888888888888888,1.1111111111111112,-0.22222222222222232,-0.6666666666666666,0.1111111111111111,-0.7777777777777777,3
2017-10-29,,Sp Braga,Chaves,1.0,0.0,H,0.0,0.0,D,3.0,1.0,0.0,0.0,17-18,5,15,18,8,6,2,7.0,-6.0,9,9,20.0,16.0,0.0,1.0,14,19.0,11.0,2.2,0.8,42.0,1.4,1.8,19.0,-10,8.0,23.0,13.0,2.0,0.8888888888888888,1.1111111111111112,0.7777777777777778,-0.6666666666666666,1.4444444444444444,3
2017-10-29,,Pacos Ferreira,Estoril,1.0,0.0,H,1.0,0.0,H,5.0,1.0,1.0,0.0,17-18,13,18,9,6,2,2,-7.0,-15.0,9,9,26.0,21.0,1.0,2.0,13,13.0,10.0,1.4,2.4,19.0,0.2,3.0,0.0,-5,3.0,19.0,8.0,1.0,0.6666666666666666,0.33333333333333337,-0.7777777777777778,-1.6666666666666667,0.888888888888889,3
2017-10-29,,Aves,Guimaraes,1.0,3.0,A,1.0,2.0,A,1.0,2.0,0.0,0.0,17-18,16,10,6,11,1,3,-7.0,-7.0,9,9,16.0,19.0,2.0,3.0,0,19.0,4.0,1.2,1.6,10.0,1.4,1.4,17.0,6,15.0,-7.0,0.0,0.6666666666666666,1.2222222222222223,-0.5555555555555557,-0.7777777777777778,-0.7777777777777778,0.0,3
2017-10-28,,Maritimo,Tondela,2.0,0.0,H,1.0,0.0,H,4.0,3.0,0.0,0.0,17-18,5,12,16,9,5,2,1.0,0.0,9,9,15.0,20.0,2.0,3.0,5,6.0,16.0,1.2,1.4,13.0,1.2,1.4,20.0,-7,-10.0,-7.0,1.0,1.7777777777777777,1.0,0.7777777777777777,0.1111111111111111,0.0,0.1111111111111111,3
2017-10-28,,Boavista,Porto,0.0,3.0,A,0.0,0.0,D,6.0,5.0,0.0,0.0,17-18,7,2,13,25,4,8,2.0,21.0,9,9,18.0,19.0,0.0,0.0,11,9.0,2.0,1.4,0.6,36.0,3.2,0.8,37.0,5,7.0,-1.0,-19.0,1.4444444444444444,2.7777777777777777,-1.3333333333333333,0.2222222222222222,2.3333333333333335,-2.111111111111111,3
2017-10-28,,Belenenses,Moreirense,3.0,0.0,H,1.0,0.0,H,3.0,1.0,0.0,0.0,17-18,8,17,13,6,4,1,-3.0,-9.0,9,9,27.0,21.0,2.0,1.0,10,14.0,15.0,1.6,1.2,27.0,1.0,1.6,6.0,-9,-1.0,21.0,6.0,1.4444444444444444,0.6666666666666666,0.7777777777777778,-0.3333333333333333,-1.0,0.6666666666666667,3
2017-10-27,,Rio Ave,Sp Lisbon,0.0,1.0,A,0.0,0.0,D,0.0,2.0,0.0,0.0,17-18,6,2,14,23,4,7,2.0,16.0,9,9,27.0,17.0,4.0,0.0,4,7.0,3.0,0.6,1.0,15.0,2.2,0.8,31.0,4,4.0,-16.0,-14.0,1.5555555555555556,2.5555555555555554,-0.9999999999999998,0.2222222222222222,1.7777777777777777,-1.5555555555555554,3
2017-10-27,,Benfica,Feirense,1.0,0.0,H,1.0,0.0,H,0.0,3.0,0.0,0.0,17-18,3,9,20,11,6,3,12.0,-2.0,9,9,14.0,28.0,0.0,1.0,6,1.0,8.0,1.8,1.0,31.0,1.0,2.0,15.0,-6,-7.0,16.0,14.0,2.2222222222222223,1.2222222222222223,1.0,1.3333333333333333,-0.2222222222222222,1.5555555555555554,3
2017-10-23,,Moreirense,Sp Braga,0.0,1.0,A,0.0,0.0,D,3.0,2.0,0.0,0.0,17-18,17,5,6,15,1,5,-8.0,6.0,8,8,18.0,18.0,1.0,0.0,12,15.0,19.0,1.0,2.0,10.0,2.0,1.0,36.0,12,-4.0,-26.0,-14.0,0.75,1.875,-1.125,-1.0,0.75,-1.75,3
2017-10-23,,Guimaraes,Portimonense,3.0,3.0,D,1.0,3.0,A,1.0,2.0,0.0,0.0,17-18,11,15,10,7,3,2,-7.0,-6.0,8,8,18.0,16.0,3.0,1.0,8,4.0,19.0,0.8,0.8,19.0,1.6,2.4,14.0,-4,-15.0,5.0,-1.0,1.25,0.875,0.375,-0.875,-0.75,-0.125,3
2017-10-22,,Tondela,Belenenses,2.0,0.0,H,0.0,0.0,D,4.0,4.0,0.0,1.0,17-18,15,8,6,13,1,4,-2.0,-1.0,8,8,16.0,23.0,3.0,1.0,15,16.0,14.0,1.4,1.4,10.0,1.8,1.0,37.0,7,2.0,-27.0,-1.0,0.75,1.625,-0.875,-0.25,-0.125,-0.125,3
2017-10-22,,Sp Lisbon,Chaves,5.0,1.0,H,3.0,0.0,H,1.0,1.0,0.0,0.0,17-18,2,13,20,8,6,2,12.0,-2.0,8,8,16.0,15.0,0.0,1.0,9,3.0,11.0,1.6,0.8,27.0,1.2,1.2,26.0,-11,-8.0,1.0,14.0,2.5,1.0,1.5,1.5,-0.25,1.75,3
2017-10-22,,Aves,Benfica,1.0,3.0,A,0.0,1.0,A,1.0,3.0,0.0,0.0,17-18,16,3,6,17,1,5,-5.0,10.0,8,8,15.0,11.0,2.0,0.0,0,19.0,1.0,1.0,1.2,15.0,1.4,1.0,24.0,13,18.0,-9.0,-15.0,0.75,2.125,-1.375,-0.625,1.25,-1.875,3
2017-10-21,,Setubal,Maritimo,3.0,1.0,H,0.0,1.0,A,0.0,2.0,0.0,1.0,17-18,13,4,7,16,1,5,-1.0,3.0,8,8,14.0,13.0,1.0,1.0,1,12.0,6.0,1.0,1.0,11.0,1.4,1.0,23.0,9,6.0,-12.0,-4.0,0.875,2.0,-1.125,-0.125,0.375,-0.5,3
2017-10-21,,Porto,Pacos Ferreira,6.0,1.0,H,4.0,1.0,H,2.0,4.0,0.0,0.0,17-18,1,10,22,9,7,2,16.0,-2.0,8,8,17.0,22.0,0.0,1.0,7,2.0,13.0,2.2,0.6,35.0,1.2,1.2,27.0,-9,-11.0,8.0,18.0,2.75,1.125,1.625,2.0,-0.25,2.25,3
2017-10-21,,Feirense,Rio Ave,1.0,0.0,H,1.0,0.0,H,5.0,5.0,1.0,2.0,17-18,12,6,8,14,2,4,-3.0,3.0,8,8,23.0,22.0,0.0,2.0,2,8.0,7.0,1.2,2.0,3.0,0.8,1.0,20.0,6,1.0,-17.0,-6.0,1.0,1.75,-0.75,-0.375,0.375,-0.75,3
2017-10-20,,Estoril,Boavista,0.0,3.0,A,0.0,2.0,A,2.0,4.0,0.0,0.0,17-18,18,8,6,10,2,3,-12.0,-1.0,8,8,19.0,14.0,2.0,0.0,17,10.0,9.0,0.4,2.8,0.0,1.0,0.6,31.0,10,1.0,-31.0,-11.0,0.75,1.25,-0.5,-1.5,-0.125,-1.375,3
2017-10-01,,Sp Lisbon,Porto,0.0,0.0,D,0.0,0.0,D,2.0,3.0,0.0,0.0,17-18,2,1,19,21,6,7,12.0,16.0,7,7,14.0,14.0,0.0,0.0,9,3.0,2.0,2.6,0.8,35.0,2.8,0.6,45.0,1,1.0,-10.0,-4.0,2.7142857142857144,3.0,-0.2857142857142856,1.7142857142857142,2.2857142857142856,-0.5714285714285714,3
2017-10-01,,Sp Braga,Estoril,6.0,0.0,H,2.0,0.0,H,0.0,2.0,0.0,0.0,17-18,6,17,12,6,4,2,0.0,-6.0,7,7,18.0,17.0,0.0,2.0,14,19.0,10.0,1.2,1.0,30.0,1.0,2.0,3.0,-11,9.0,27.0,6.0,1.7142857142857142,0.8571428571428571,0.8571428571428571,0.0,-0.8571428571428571,0.8571428571428571,3
2017-10-01,,Maritimo,Benfica,1.0,1.0,D,0.0,1.0,A,2.0,1.0,0.0,0.0,17-18,4,3,15,16,5,5,3.0,10.0,7,7,11.0,10.0,1.0,0.0,5,6.0,1.0,1.4,0.8,30.0,2.2,0.8,29.0,1,5.0,1.0,-7.0,2.142857142857143,2.2857142857142856,-0.1428571428571428,0.42857142857142855,1.4285714285714286,-1.0,3
2017-10-01,,Belenenses,Guimaraes,1.0,0.0,H,1.0,0.0,H,4.0,1.0,0.0,0.0,17-18,8,9,10,10,3,3,-2.0,-6.0,7,7,19.0,17.0,1.0,3.0,10,14.0,4.0,1.6,2.0,29.0,0.8,1.6,26.0,-1,10.0,3.0,4.0,1.4285714285714286,1.4285714285714286,0.0,-0.2857142857142857,-0.8571428571428571,0.5714285714285714,3
2017-09-30,,Rio Ave,Setubal,2.0,1.0,H,0.0,0.0,D,3.0,2.0,0.0,0.0,17-18,6,11,11,7,3,1,2.0,0.0,7,7,19.0,12.0,2.0,1.0,4,7.0,12.0,0.8,0.8,10.0,1.0,0.8,17.0,-5,-5.0,-7.0,2.0,1.5714285714285714,1.0,0.5714285714285714,0.2857142857142857,0.0,0.2857142857142857,3
2017-09-30,,Portimonense,Aves,2.0,2.0,D,1.0,1.0,D,3.0,2.0,0.0,0.0,17-18,15,18,6,5,2,1,-6.0,-5.0,7,7,13.0,13.0,1.0,2.0,3,19.0,19.0,1.2,2.4,12.0,0.6,1.2,14.0,-3,0.0,-2.0,-1.0,0.8571428571428571,0.7142857142857143,0.1428571428571428,-0.8571428571428571,-0.7142857142857143,-0.1428571428571428,3
2017-09-30,,Pacos Ferreira,Moreirense,3.0,2.0,H,2.0,1.0,H,4.0,1.0,0.0,0.0,17-18,14,17,6,6,1,1,-3.0,-7.0,7,7,18.0,17.0,1.0,1.0,13,13.0,15.0,0.8,1.2,17.0,0.6,2.0,14.0,-3,-2.0,3.0,4.0,0.8571428571428571,0.8571428571428571,0.0,-0.42857142857142855,-1.0,0.5714285714285714,3
2017-09-30,,Boavista,Feirense,1.0,0.0,H,1.0,0.0,H,3.0,4.0,0.0,0.0,17-18,12,9,7,8,2,2,-2.0,-2.0,7,7,11.0,19.0,0.0,0.0,11,9.0,8.0,0.8,0.8,23.0,1.6,2.0,9.0,3,1.0,14.0,0.0,1.0,1.1428571428571428,-0.1428571428571428,-0.2857142857142857,-0.2857142857142857,0.0,3
2017-09-29,,Chaves,Tondela,1.0,1.0,D,1.0,1.0,D,2.0,2.0,0.0,2.0,17-18,11,17,7,5,2,1,-2.0,-2.0,7,7,13.0,14.0,1.0,1.0,16,11.0,16.0,1.2,1.2,28.0,1.6,1.8,9.0,-6,-5.0,19.0,0.0,1.0,0.7142857142857143,0.2857142857142857,-0.2857142857142857,-0.2857142857142857,0.0,3
2017-09-25,,Setubal,Boavista,1.0,1.0,D,0.0,0.0,D,0.0,1.0,0.0,0.0,17-18,11,12,6,6,1,2,0.0,-2.0,6,6,12.0,10.0,1.0,0.0,1,12.0,9.0,0.8,0.8,17.0,0.8,1.0,24.0,-1,3.0,-7.0,2.0,1.0,1.0,0.0,0.0,-0.3333333333333333,0.3333333333333333,3
2017-09-24,,Tondela,Sp Braga,1.0,2.0,A,1.0,1.0,D,2.0,3.0,1.0,0.0,17-18,17,6,5,9,1,3,-1.0,-1.0,6,6,12.0,15.0,0.0,0.0,15,16.0,19.0,1.4,1.6,13.0,1.2,1.0,24.0,11,-3.0,-11.0,0.0,0.8333333333333334,1.5,-0.6666666666666666,-0.16666666666666666,-0.16666666666666666,0.0,3
2017-09-24,,Guimaraes,Maritimo,2.0,1.0,H,1.0,1.0,D,2.0,2.0,1.0,1.0,17-18,10,4,7,15,2,5,-7.0,4.0,6,6,15.0,9.0,2.0,0.0,8,4.0,6.0,0.4,2.0,15.0,1.2,0.6,42.0,6,-2.0,-27.0,-11.0,1.1666666666666667,2.5,-1.3333333333333333,-1.1666666666666667,0.6666666666666666,-1.8333333333333335,3
2017-09-24,,Feirense,Belenenses,1.0,4.0,A,0.0,3.0,A,1.0,3.0,0.0,0.0,17-18,7,9,8,7,2,2,1.0,-5.0,6,6,18.0,16.0,0.0,1.0,2,8.0,14.0,1.4,1.2,16.0,1.0,1.8,21.0,-2,-6.0,-5.0,6.0,1.3333333333333333,1.1666666666666667,0.16666666666666652,0.16666666666666666,-0.8333333333333334,1.0,3
2017-09-24,,Aves,Rio Ave,0.0,0.0,D,0.0,0.0,D,3.0,2.0,0.0,0.0,17-18,18,5,4,10,1,3,-5.0,2.0,6,6,10.0,17.0,2.0,2.0,0,19.0,7.0,1.0,1.6,13.0,1.2,1.0,12.0,13,12.0,1.0,-7.0,0.6666666666666666,1.6666666666666667,-1.0,-0.8333333333333334,0.3333333333333333,-1.1666666666666667,3
2017-09-23,,Moreirense,Sp Lisbon,1.0,1.0,D,1.0,0.0,H,3.0,4.0,0.0,0.0,17-18,16,2,5,18,1,6,-7.0,12.0,6,6,14.0,10.0,1.0,0.0,12,15.0,3.0,0.4,1.8,13.0,2.6,0.6,45.0,14,12.0,-32.0,-19.0,0.8333333333333334,3.0,-2.1666666666666665,-1.1666666666666667,2.0,-3.166666666666667,3
2017-09-23,,Estoril,Chaves,0.0,2.0,A,0.0,1.0,A,2.0,0.0,0.0,0.0,17-18,13,17,6,4,2,1,-4.0,-4.0,6,6,15.0,13.0,2.0,1.0,17,10.0,11.0,1.6,1.6,9.0,0.8,1.4,17.0,-4,-1.0,-8.0,0.0,1.0,0.6666666666666666,0.33333333333333337,-0.6666666666666666,-0.6666666666666666,0.0,3
2017-09-23,,Benfica,Pacos Ferreira,2.0,0.0,H,1.0,0.0,H,3.0,2.0,0.0,0.0,17-18,4,11,13,6,4,1,8.0,-1.0,6,6,7.0,16.0,0.0,1.0,6,1.0,13.0,2.0,0.8,24.0,1.2,1.2,23.0,-7,-12.0,1.0,9.0,2.1666666666666665,1.0,1.1666666666666665,1.3333333333333333,-0.16666666666666666,1.5,3
2017-09-22,,Porto,Portimonense,5.0,2.0,H,3.0,1.0,H,2.0,2.0,0.0,0.0,17-18,1,13,18,6,6,2,13.0,-3.0,6,6,12.0,11.0,0.0,1.0,7,2.0,19.0,2.0,0.2,45.0,1.0,1.8,15.0,-12,-17.0,30.0,16.0,3.0,1.0,2.0,2.1666666666666665,-0.5,2.6666666666666665,2
2017-09-18,,Portimonense,Feirense,2.0,1.0,H,2.0,1.0,H,2.0,3.0,0.0,0.0,17-18,17,7,3,8,1,2,-4.0,2.0,5,5,9.0,15.0,1.0,0.0,3,19.0,8.0,1.0,1.8,3.0,1.4,1.0,24.0,10,11.0,-21.0,-6.0,0.6,1.6,-1.0,-0.8,0.4,-1.2000000000000002,2
2017-09-18,,Chaves,Moreirense,3.0,0.0,H,1.0,0.0,H,0.0,2.0,0.0,0.0,17-18,18,15,1,5,0,1,-7.0,-4.0,5,5,13.0,12.0,1.0,1.0,16,11.0,15.0,0.6,2.0,3.0,0.6,1.4,18.0,3,-4.0,-15.0,-3.0,0.2,1.0,-0.8,-1.4,-0.8,-0.5999999999999999,2
2017-09-17,,Sp Braga,Guimaraes,2.0,1.0,H,2.0,1.0,H,3.0,3.0,0.0,0.0,17-18,11,7,6,7,2,2,-2.0,-6.0,5,5,12.0,12.0,0.0,2.0,14,19.0,4.0,1.0,1.4,15.0,0.8,2.0,22.0,4,15.0,-7.0,4.0,1.2,1.4,-0.19999999999999996,-0.4,-1.2,0.7999999999999999,2
2017-09-17,,Rio Ave,Porto,1.0,2.0,A,0.0,0.0,D,5.0,4.0,1.0,0.0,17-18,5,2,10,15,3,5,3.0,12.0,5,5,12.0,8.0,1.0,0.0,4,7.0,2.0,1.2,0.6,22.0,2.4,0.0,45.0,3,5.0,-23.0,-9.0,2.0,3.0,-1.0,0.6,2.4,-1.7999999999999998,2
2017-09-17,,Belenenses,Estoril,2.0,1.0,H,0.0,0.0,D,4.0,3.0,0.0,1.0,17-18,16,12,4,6,1,2,-6.0,-3.0,5,5,12.0,12.0,1.0,1.0,10,14.0,10.0,0.6,1.8,10.0,1.4,2.0,15.0,4,4.0,-5.0,-3.0,0.8,1.2,-0.3999999999999999,-1.2,-0.6,-0.6,2
2017-09-16,,Sp Lisbon,Tondela,2.0,0.0,H,1.0,0.0,H,2.0,3.0,0.0,0.0,17-18,2,12,15,5,5,1,10.0,1.0,5,5,8.0,9.0,0.0,0.0,9,3.0,16.0,2.6,0.6,45.0,1.6,1.4,18.0,-10,-13.0,27.0,9.0,3.0,1.0,2.0,2.0,0.2,1.8,2
2017-09-16,,Maritimo,Aves,2.0,1.0,H,2.0,0.0,H,3.0,2.0,0.0,0.0,17-18,4,14,12,4,4,1,3.0,-4.0,5,5,6.0,8.0,0.0,2.0,5,6.0,19.0,1.0,0.4,39.0,0.8,1.6,17.0,-10,-13.0,22.0,7.0,2.4,0.8,1.5999999999999999,0.6,-0.8,1.4,2
2017-09-16,,Boavista,Benfica,2.0,1.0,H,0.0,1.0,A,2.0,1.0,0.0,0.0,17-18,16,3,3,13,1,4,-3.0,9.0,5,5,8.0,6.0,0.0,0.0,11,9.0,1.0,0.6,1.2,12.0,2.4,0.6,37.0,13,8.0,-25.0,-12.0,0.6,2.6,-2.0,-0.6,1.8,-2.4,2
2017-09-15,,Pacos Ferreira,Setubal,1.0,0.0,H,0.0,0.0,D,4.0,3.0,0.0,0.0,17-18,15,8,3,6,0,1,-2.0,1.0,5,5,12.0,9.0,1.0,1.0,13,13.0,12.0,1.0,1.4,11.0,1.0,0.8,23.0,7,1.0,-12.0,-3.0,0.6,1.2,-0.6,-0.4,0.2,-0.6000000000000001,2
2017-09-11,,Aves,Belenenses,2.0,1.0,H,1.0,1.0,D,2.0,3.0,0.0,0.0,17-18,17,13,1,4,0,1,-5.0,-5.0,4,4,6.0,9.0,2.0,1.0,0,19.0,14.0,0.5,1.75,3.0,0.5,1.75,14.0,4,5.0,-11.0,0.0,0.25,1.0,-0.75,-1.25,-1.25,0.0,2
2017-09-10,,Setubal,Sp Braga,2.0,0.0,H,2.0,0.0,H,3.0,3.0,0.0,0.0,17-18,12,7,3,6,0,2,-1.0,0.0,4,4,6.0,9.0,1.0,0.0,1,12.0,19.0,0.75,1.0,11.0,1.25,1.25,21.0,5,-7.0,-10.0,-1.0,0.75,1.5,-0.75,-0.25,0.0,-0.25,2
2017-09-10,,Guimaraes,Boavista,1.0,0.0,H,0.0,0.0,D,1.0,1.0,0.0,0.0,17-18,11,13,4,3,1,1,-7.0,-2.0,4,4,11.0,7.0,2.0,0.0,8,4.0,9.0,0.75,2.5,11.0,0.75,1.25,15.0,-2,-5.0,-4.0,-5.0,1.0,0.75,0.25,-1.75,-0.5,-1.25,2
2017-09-10,,Estoril,Moreirense,0.0,2.0,A,0.0,1.0,A,2.0,3.0,0.0,0.0,17-18,8,16,6,2,2,0,-1.0,-6.0,4,4,10.0,9.0,1.0,1.0,17,10.0,15.0,1.75,2.0,21.0,0.25,1.75,5.0,-8,-5.0,16.0,5.0,1.5,0.5,1.0,-0.25,-1.5,1.25,2
2017-09-09,,Tondela,Pacos Ferreira,2.0,2.0,D,1.0,0.0,H,1.0,4.0,0.0,0.0,17-18,9,15,4,2,1,0,1.0,-2.0,4,4,8.0,8.0,0.0,1.0,15,16.0,13.0,1.5,1.25,17.0,0.75,1.25,8.0,-6,3.0,9.0,3.0,1.0,0.5,0.5,0.25,-0.5,0.75,2
2017-09-09,,Porto,Chaves,3.0,0.0,H,0.0,0.0,D,1.0,3.0,0.0,0.0,17-18,3,17,12,1,4,0,9.0,-4.0,4,4,7.0,10.0,0.0,1.0,7,2.0,11.0,2.25,0.0,42.0,0.75,1.75,4.0,-14,-9.0,38.0,13.0,3.0,0.25,2.75,2.25,-1.0,3.25,2
2017-09-09,,Maritimo,Rio Ave,1.0,0.0,H,0.0,0.0,D,0.0,3.0,0.0,1.0,17-18,5,4,9,10,3,3,2.0,4.0,4,4,6.0,9.0,0.0,0.0,5,6.0,7.0,1.0,0.5,33.0,1.5,0.5,32.0,1,-1.0,1.0,-2.0,2.25,2.5,-0.25,0.5,1.0,-0.5,2
2017-09-08,,Feirense,Sp Lisbon,2.0,3.0,A,0.0,0.0,D,3.0,1.0,0.0,0.0,17-18,6,1,8,12,2,4,3.0,9.0,4,4,12.0,7.0,0.0,0.0,2,8.0,3.0,1.25,0.5,32.0,2.5,0.25,42.0,5,5.0,-10.0,-6.0,2.0,3.0,-1.0,0.75,2.25,-1.5,2
2017-09-08,,Benfica,Portimonense,2.0,1.0,H,0.0,0.0,D,0.0,4.0,0.0,1.0,17-18,3,14,10,3,3,1,8.0,-3.0,4,4,6.0,5.0,0.0,0.0,6,1.0,19.0,2.5,0.5,32.0,1.0,1.75,6.0,-11,-18.0,26.0,11.0,2.5,0.75,1.75,2.0,-0.75,2.75,2
2017-08-28,,Portimonense,Maritimo,1.0,2.0,A,0.0,0.0,D,1.0,3.0,0.0,0.0,17-18,13,6,3,6,1,2,-2.0,1.0,3,3,4.0,3.0,0.0,0.0,3,19.0,6.0,1.0,1.6666666666666667,9.0,0.6666666666666666,0.3333333333333333,24.0,7,13.0,-15.0,-3.0,1.0,2.0,-1.0,-0.6666666666666666,0.3333333333333333,-1.0,2
2017-08-27,,Sp Lisbon,Estoril,2.0,1.0,H,2.0,0.0,H,4.0,5.0,0.0,0.0,17-18,4,8,9,6,3,2,8.0,0.0,3,3,3.0,5.0,0.0,1.0,9,3.0,10.0,2.6666666666666665,0.0,36.0,2.0,2.0,27.0,-4,-7.0,9.0,8.0,3.0,2.0,1.0,2.6666666666666665,0.0,2.6666666666666665,2
2017-08-27,,Sp Braga,Porto,0.0,1.0,A,0.0,1.0,A,3.0,4.0,0.0,0.0,17-18,6,3,6,9,2,3,1.0,8.0,3,3,6.0,3.0,0.0,0.0,14,19.0,2.0,1.6666666666666667,1.3333333333333333,27.0,2.6666666666666665,0.0,36.0,3,17.0,-9.0,-7.0,2.0,3.0,-1.0,0.3333333333333333,2.6666666666666665,-2.333333333333333,2
2017-08-27,,Boavista,Aves,1.0,0.0,H,0.0,0.0,D,2.0,1.0,0.0,1.0,17-18,18,17,0,1,0,0,-3.0,-4.0,3,3,5.0,5.0,0.0,1.0,11,9.0,19.0,0.6666666666666666,1.6666666666666667,0.0,0.6666666666666666,2.0,4.0,1,-10.0,-4.0,1.0,0.0,0.3333333333333333,-0.3333333333333333,-1.0,-1.3333333333333333,0.33333333333333326,2
2017-08-26,,Rio Ave,Benfica,1.0,1.0,D,0.0,0.0,D,4.0,2.0,0.0,0.0,17-18,4,1,9,9,3,3,4.0,8.0,3,3,5.0,4.0,0.0,0.0,4,7.0,1.0,1.6666666666666667,0.3333333333333333,36.0,3.0,0.3333333333333333,36.0,3,6.0,0.0,-4.0,3.0,3.0,0.0,1.3333333333333333,2.6666666666666665,-1.3333333333333333,2
2017-08-26,,Pacos Ferreira,Guimaraes,0.0,0.0,D,0.0,0.0,D,3.0,4.0,1.0,0.0,17-18,14,12,1,3,0,1,-2.0,-7.0,3,3,5.0,7.0,0.0,2.0,13,13.0,4.0,1.0,1.6666666666666667,4.0,1.0,3.3333333333333335,9.0,2,9.0,-5.0,5.0,0.3333333333333333,1.0,-0.6666666666666667,-0.6666666666666666,-2.3333333333333335,1.666666666666667,2
2017-08-26,,Moreirense,Tondela,0.0,3.0,A,0.0,1.0,A,3.0,1.0,1.0,0.0,17-18,13,15,2,1,0,0,-3.0,-2.0,3,3,6.0,7.0,0.0,0.0,12,15.0,16.0,0.3333333333333333,1.3333333333333333,7.0,1.0,1.6666666666666667,3.0,-2,-1.0,4.0,-1.0,0.6666666666666666,0.3333333333333333,0.3333333333333333,-1.0,-0.6666666666666666,-0.33333333333333337,2
2017-08-26,,Chaves,Feirense,0.0,2.0,A,0.0,1.0,A,1.0,4.0,0.0,0.0,17-18,16,8,1,5,0,1,-2.0,1.0,3,3,9.0,8.0,1.0,0.0,16,11.0,8.0,1.0,1.6666666666666667,5.0,1.0,0.6666666666666666,22.0,8,3.0,-17.0,-3.0,0.3333333333333333,1.6666666666666667,-1.3333333333333335,-0.6666666666666666,0.3333333333333333,-1.0,2
2017-08-25,,Belenenses,Setubal,1.0,1.0,D,1.0,0.0,H,3.0,2.0,1.0,0.0,17-18,10,12,3,2,1,0,-5.0,-1.0,3,3,6.0,4.0,0.0,1.0,10,14.0,12.0,0.3333333333333333,2.0,12.0,0.6666666666666666,1.0,8.0,-2,2.0,4.0,-4.0,1.0,0.6666666666666666,0.33333333333333337,-1.6666666666666667,-0.3333333333333333,-1.3333333333333335,2
2017-08-21,,Feirense,Pacos Ferreira,2.0,1.0,H,1.0,1.0,D,2.0,2.0,0.0,0.0,17-18,11,14,2,1,0,0,0.0,-1.0,2,2,6.0,3.0,0.0,0.0,2,8.0,13.0,0.5,0.5,9.0,1.0,1.5,5.0,-3,-5.0,4.0,1.0,1.0,0.5,0.5,0.0,-0.5,0.5,2
2017-08-20,,Setubal,Chaves,1.0,1.0,D,0.0,0.0,D,1.0,4.0,0.0,1.0,17-18,14,18,1,0,0,0,-1.0,-2.0,2,2,3.0,5.0,1.0,0.0,1,12.0,11.0,0.5,1.0,4.0,1.0,2.0,0.0,-4,1.0,4.0,1.0,0.5,0.0,0.5,-0.5,-1.0,0.5,2
2017-08-20,,Porto,Moreirense,3.0,0.0,H,2.0,0.0,H,0.0,2.0,0.0,0.0,17-18,4,12,6,2,2,0,5.0,0.0,2,2,3.0,4.0,0.0,0.0,7,2.0,15.0,2.5,0.0,27.0,0.5,0.5,9.0,-8,-13.0,18.0,5.0,3.0,1.0,2.0,2.5,0.0,2.5,2
2017-08-20,,Maritimo,Boavista,1.0,0.0,H,0.0,0.0,D,0.0,1.0,0.0,0.0,17-18,6,17,3,0,1,0,0.0,-2.0,2,2,3.0,4.0,0.0,0.0,5,6.0,9.0,0.5,0.5,12.0,1.0,2.0,0.0,-11,-3.0,12.0,2.0,1.5,0.0,1.5,0.0,-1.0,1.0,2
2017-08-20,,Aves,Sp Braga,0.0,2.0,A,0.0,0.0,D,1.0,0.0,1.0,0.0,17-18,16,7,1,3,0,1,-2.0,-1.0,2,2,4.0,6.0,0.0,0.0,0,19.0,19.0,1.0,2.0,5.0,1.5,2.0,15.0,9,0.0,-10.0,-1.0,0.5,1.5,-1.0,-1.0,-0.5,-0.5,2
2017-08-19,,Tondela,Estoril,2.0,3.0,A,0.0,2.0,A,3.0,2.0,0.0,0.0,17-18,15,8,1,3,0,1,-1.0,-1.0,2,2,4.0,3.0,0.0,1.0,15,16.0,10.0,0.5,1.0,4.0,1.5,2.0,15.0,7,6.0,-11.0,0.0,0.5,1.5,-1.0,-0.5,-0.5,0.0,2
2017-08-19,,Guimaraes,Sp Lisbon,0.0,5.0,A,0.0,3.0,A,3.0,2.0,0.0,0.0,17-18,10,4,3,6,1,2,-2.0,3.0,2,2,4.0,1.0,2.0,0.0,8,4.0,3.0,1.5,2.5,12.0,1.5,0.0,27.0,6,1.0,-15.0,-5.0,1.5,3.0,-1.5,-1.0,1.5,-2.5,2
2017-08-19,,Benfica,Belenenses,5.0,0.0,H,3.0,0.0,H,0.0,1.0,0.0,0.0,17-18,3,6,6,3,2,1,3.0,0.0,2,2,4.0,5.0,0.0,0.0,6,1.0,14.0,2.0,0.5,27.0,0.5,0.5,15.0,-3,-13.0,12.0,3.0,3.0,1.5,1.5,1.5,0.0,1.5,2
2017-08-18,,Rio Ave,Portimonense,2.0,0.0,H,0.0,0.0,D,0.0,0.0,0.0,0.0,17-18,4,5,6,3,2,1,2.0,0.0,2,2,5.0,4.0,0.0,0.0,4,7.0,19.0,1.5,0.5,27.0,1.5,1.5,12.0,-1,-12.0,15.0,2.0,3.0,1.5,1.5,1.0,0.0,1.0,2
2017-08-14,,Estoril,Guimaraes,3.0,0.0,H,1.0,0.0,H,2.0,3.0,1.0,2.0,17-18,18,5,0,3,0,1,-4.0,1.0,1,1,1.0,1.0,0.0,0.0,17,10.0,4.0,0.0,4.0,0.0,3.0,2.0,15.0,13,6.0,-15.0,-5.0,0.0,3.0,-3.0,-4.0,1.0,-5.0,2
2017-08-14,,Chaves,Benfica,0.0,1.0,A,0.0,0.0,D,1.0,2.0,0.0,0.0,17-18,16,4,0,3,0,1,-1.0,2.0,1,1,4.0,2.0,0.0,0.0,16,11.0,1.0,2.0,3.0,0.0,3.0,1.0,15.0,12,10.0,-15.0,-3.0,0.0,3.0,-3.0,-1.0,2.0,-3.0,2
2017-08-13,,Tondela,Porto,0.0,1.0,A,0.0,1.0,A,3.0,2.0,0.0,0.0,17-18,11,3,1,3,0,1,0.0,4.0,1,1,1.0,1.0,0.0,0.0,15,16.0,2.0,1.0,1.0,5.0,4.0,0.0,15.0,8,14.0,-10.0,-4.0,1.0,3.0,-2.0,0.0,4.0,-4.0,2
2017-08-13,,Sp Braga,Portimonense,2.0,1.0,H,1.0,1.0,D,3.0,3.0,0.0,0.0,17-18,16,6,0,3,0,1,-2.0,1.0,1,1,3.0,1.0,0.0,0.0,14,19.0,19.0,1.0,3.0,0.0,2.0,1.0,15.0,10,0.0,-15.0,-3.0,0.0,3.0,-3.0,-2.0,1.0,-3.0,2
2017-08-13,,Pacos Ferreira,Aves,2.0,2.0,D,0.0,2.0,A,1.0,3.0,0.0,0.0,17-18,14,17,0,0,0,0,-1.0,-2.0,1,1,2.0,1.0,0.0,0.0,13,13.0,19.0,0.0,1.0,0.0,0.0,2.0,0.0,-3,-6.0,0.0,1.0,0.0,0.0,0.0,-1.0,-2.0,1.0,2
2017-08-12,,Moreirense,Feirense,0.0,0.0,D,0.0,0.0,D,1.0,2.0,0.0,0.0,17-18,9,8,1,1,0,0,0.0,0.0,1,1,3.0,4.0,0.0,0.0,12,15.0,8.0,1.0,1.0,5.0,1.0,1.0,5.0,1,7.0,0.0,0.0,1.0,1.0,0.0,0.0,0.0,0.0,2
2017-08-12,,Boavista,Rio Ave,1.0,2.0,A,0.0,1.0,A,3.0,3.0,0.0,0.0,17-18,13,6,0,3,0,1,-1.0,1.0,1,1,1.0,2.0,0.0,0.0,11,9.0,7.0,1.0,2.0,0.0,1.0,0.0,15.0,7,2.0,-15.0,-2.0,0.0,3.0,-3.0,-1.0,1.0,-2.0,2
2017-08-12,,Belenenses,Maritimo,1.0,0.0,H,0.0,0.0,D,3.0,1.0,0.0,0.0,17-18,14,7,0,3,0,1,-1.0,1.0,1,1,2.0,2.0,0.0,0.0,10,14.0,6.0,0.0,1.0,0.0,1.0,0.0,15.0,7,8.0,-15.0,-2.0,0.0,3.0,-3.0,-1.0,1.0,-2.0,2
2017-08-11,,Sp Lisbon,Setubal,1.0,0.0,H,0.0,0.0,D,1.0,2.0,0.0,0.0,17-18,3,8,3,1,1,0,2.0,0.0,1,1,0.0,1.0,0.0,1.0,9,3.0,12.0,2.0,0.0,15.0,1.0,1.0,5.0,-5,-9.0,10.0,2.0,3.0,1.0,2.0,2.0,0.0,2.0,2
2017-08-10,,Guimaraes,Chaves,3.0,2.0,H,2.0,0.0,H,1.0,4.0,0.0,0.0,17-18,11,12,0,0,0,0,0.0,0.0,0,0,0.0,0.0,0.0,0.0,8,4.0,11.0,0.0,0.0,0.0,0.0,0.0,0.0,-1,-7.0,0.0,0.0,0.0,0.0,0.0,0.0,0.0,0.0,2
2017-08-09,,Porto,Estoril,4.0,0.0,H,1.0,0.0,H,1.0,1.0,0.0,0.0,17-18,10,14,0,0,0,0,0.0,0.0,0,0,0.0,0.0,0.0,0.0,7,2.0,10.0,0.0,0.0,0.0,0.0,0.0,0.0,-4,-8.0,0.0,0.0,0.0,0.0,0.0,0.0,0.0,0.0,2
2017-08-09,,Benfica,Sp Braga,3.0,1.0,H,2.0,1.0,H,2.0,3.0,0.0,0.0,17-18,9,12,0,0,0,0,0.0,0.0,0,0,0.0,0.0,0.0,0.0,6,1.0,19.0,0.0,0.0,0.0,0.0,0.0,0.0,-3,-18.0,0.0,0.0,0.0,0.0,0.0,0.0,0.0,0.0,2
2017-08-08,,Maritimo,Pacos Ferreira,1.0,0.0,H,0.0,0.0,D,2.0,2.0,0.0,0.0,17-18,8,12,0,0,0,0,0.0,0.0,0,0,0.0,0.0,0.0,0.0,5,6.0,13.0,0.0,0.0,0.0,0.0,0.0,0.0,-4,-7.0,0.0,0.0,0.0,0.0,0.0,0.0,0.0,0.0,2
2017-08-07,,Rio Ave,Belenenses,1.0,0.0,H,1.0,0.0,H,2.0,2.0,0.0,0.0,17-18,6,11,0,0,0,0,0.0,0.0,0,0,0.0,0.0,0.0,0.0,4,7.0,14.0,0.0,0.0,0.0,0.0,0.0,0.0,-5,-7.0,0.0,0.0,0.0,0.0,0.0,0.0,0.0,0.0,2
2017-08-07,,Portimonense,Boavista,2.0,1.0,H,0.0,1.0,A,1.0,1.0,0.0,0.0,17-18,5,12,0,0,0,0,0.0,0.0,0,0,0.0,0.0,0.0,0.0,3,19.0,9.0,0.0,0.0,0.0,0.0,0.0,0.0,-7,10.0,0.0,0.0,0.0,0.0,0.0,0.0,0.0,0.0,2
2017-08-07,,Feirense,Tondela,1.0,1.0,D,0.0,1.0,A,4.0,1.0,0.0,0.0,17-18,4,15,0,0,0,0,0.0,0.0,0,0,0.0,0.0,0.0,0.0,2,8.0,16.0,0.0,0.0,0.0,0.0,0.0,0.0,-11,-8.0,0.0,0.0,0.0,0.0,0.0,0.0,0.0,0.0,2
2017-08-06,,Setubal,Moreirense,1.0,1.0,D,1.0,0.0,H,1.0,3.0,1.0,0.0,17-18,2,13,0,0,0,0,0.0,0.0,0,0,0.0,0.0,0.0,0.0,1,12.0,15.0,0.0,0.0,0.0,0.0,0.0,0.0,-11,-3.0,0.0,0.0,0.0,0.0,0.0,0.0,0.0,0.0,2
2017-08-06,,Aves,Sp Lisbon,0.0,2.0,A,0.0,1.0,A,1.0,0.0,0.0,0.0,17-18,1,10,0,0,0,0,0.0,0.0,0,0,0.0,0.0,0.0,0.0,0,19.0,3.0,0.0,0.0,0.0,0.0,0.0,0.0,-9,16.0,0.0,0.0,0.0,0.0,0.0,0.0,0.0,0.0,2
